row_id,order_id,anomaly_score,rule_type,reason_1,reason_2,reason_3
124558,ORD0040723,0.7789,C_ship_lowprice,log_value_ratio (z=-244.6),log1p_tax_rate (z=+38.8),price_vs_product (z=-29.3)
18976,ORD0088054,0.777,C_ship_lowprice,log1p_tax_rate (z=+40.6),price_vs_product (z=-33.7),log_value_ratio (z=+26.2)
18202,ORD0086488,0.7755,C_ship_lowprice,log_value_ratio (z=+76.8),log1p_tax_rate (z=+36.5),price_vs_product (z=-35.3)
110845,ORD0004365,0.7744,C_ship_lowprice,log_value_ratio (z=+87.8),log1p_tax_rate (z=+35.5),price_vs_product (z=-30.9)
62341,ORD0030081,0.7742,C_ship_lowprice,log1p_tax_rate (z=+53.2),price_vs_product (z=-38.4),log_value_ratio (z=+24.2)
111433,ORD0002752,0.7703,C_ship_lowprice,log_value_ratio (z=-139.3),log1p_tax_rate (z=+39.8),price_vs_product (z=-30.6)
118978,ORD0033650,0.7684,A_bulk,log_value_ratio (z=+77.7),price_vs_product (z=+41.7),log_fee_to_value (z=-30.9)
117032,ORD0091069,0.7681,C_ship_lowprice,log1p_tax_rate (z=+29.3),price_vs_product (z=-25.4),log_value_ratio (z=-18.4)
81802,ORD0050156,0.768,C_ship_lowprice,log_value_ratio (z=-201.3),price_vs_product (z=-31.9),log1p_tax_rate (z=+28.6)
129791,ORD0088462,0.7666,A_bulk,log_value_ratio (z=+68.5),price_vs_product (z=+43.0),log_fee_to_value (z=-32.2)
83124,ORD0031303,0.7662,C_ship_lowprice,log_value_ratio (z=-208.5),log1p_tax_rate (z=+33.2),price_vs_product (z=-29.8)
75917,ORD0045167,0.766,C_ship_lowprice,log_value_ratio (z=-219.9),log1p_tax_rate (z=+26.8),price_vs_product (z=-25.3)
40203,ORD0012671,0.7643,C_ship_lowprice,log1p_tax_rate (z=+46.2),log_value_ratio (z=-44.0),price_vs_product (z=-32.5)
101272,ORD0063362,0.7633,A_bulk,log_value_ratio (z=+47.0),price_vs_product (z=+32.9),log_fee_to_value (z=-28.7)
46061,ORD0058514,0.763,A_bulk,log_value_ratio (z=+41.9),price_vs_product (z=+39.2),log_fee_to_value (z=-29.2)
83063,ORD0051705,0.761,A_bulk,price_vs_product (z=+38.5),log_value_ratio (z=+36.3),log_fee_to_value (z=-29.2)
82666,ORD0012408,0.76,C_ship_lowprice,log_value_ratio (z=-133.6),price_vs_product (z=-37.3),log1p_tax_rate (z=+20.3)
129972,ORD0010743,0.7597,C_ship_lowprice,log1p_tax_rate (z=+45.2),price_vs_product (z=-34.9),log_fee_rate (z=+18.0)
119310,ORD0064667,0.7595,C_ship_lowprice,log_value_ratio (z=-202.9),log1p_tax_rate (z=+29.5),price_vs_product (z=-26.5)
23381,ORD0006647,0.7591,C_ship_lowprice,log_value_ratio (z=-73.6),log1p_tax_rate (z=+38.2),price_vs_product (z=-30.1)
145643,ORD0080924,0.7585,C_ship_lowprice,log_value_ratio (z=-155.2),log1p_tax_rate (z=+35.1),price_vs_product (z=-27.4)
83890,ORD0081041,0.7576,C_ship_lowprice,log_value_ratio (z=-128.4),price_vs_product (z=-28.4),log1p_tax_rate (z=+19.1)
61058,ORD0014099,0.7575,C_ship_lowprice,log_value_ratio (z=-156.1),log1p_tax_rate (z=+30.0),price_vs_product (z=-28.8)
114105,ORD0087224,0.7571,C_ship_lowprice,log_value_ratio (z=-110.1),price_vs_product (z=-24.3),log1p_tax_rate (z=+21.9)
148130,ORD0001999,0.7563,A_bulk,price_vs_product (z=+37.2),log_fee_to_value (z=-28.0),log_fee_rate (z=-23.8)
109485,ORD0057013,0.7563,C_ship_lowprice,log_value_ratio (z=-61.0),log1p_tax_rate (z=+32.3),price_vs_product (z=-29.0)
83720,ORD0065217,0.7548,A_bulk,log_value_ratio (z=+61.0),price_vs_product (z=+30.8),log_fee_rate (z=-23.8)
87950,ORD0006392,0.7547,C_ship_lowprice,log_value_ratio (z=-162.3),price_vs_product (z=-27.0),log1p_tax_rate (z=+25.4)
123905,ORD0007262,0.7543,C_ship_lowprice,log_value_ratio (z=-68.5),price_vs_product (z=-31.7),log1p_tax_rate (z=+30.0)
112725,ORD0020299,0.7539,A_bulk,price_vs_product (z=+40.1),log_value_ratio (z=+31.7),log_fee_to_value (z=-24.1)
62577,ORD0080572,0.7537,C_ship_lowprice,log_value_ratio (z=-71.0),price_vs_product (z=-30.2),log1p_tax_rate (z=+30.0)
82327,ORD0006530,0.7536,C_ship_lowprice,log_value_ratio (z=-97.5),log1p_tax_rate (z=+30.5),price_vs_product (z=-27.9)
33047,ORD0008590,0.7528,C_ship_lowprice,log_value_ratio (z=-195.9),log1p_tax_rate (z=+22.7),price_vs_product (z=-22.1)
21276,ORD0022103,0.7527,A_bulk,log_value_ratio (z=+65.9),price_vs_product (z=+35.7),log_fee_to_value (z=-27.4)
114060,ORD0066875,0.7522,A_bulk,log_value_ratio (z=+66.2),price_vs_product (z=+25.1),log_fee_rate (z=-21.7)
90537,ORD0037622,0.7521,C_ship_lowprice,log_value_ratio (z=-237.4),log1p_tax_rate (z=+23.5),price_vs_product (z=-21.9)
60596,ORD0029294,0.7521,C_ship_lowprice,log_value_ratio (z=-104.5),log1p_tax_rate (z=+31.5),price_vs_product (z=-30.1)
36019,ORD0051805,0.7515,C_ship_lowprice,log_value_ratio (z=-151.8),price_vs_product (z=-23.9),log1p_tax_rate (z=+19.7)
11074,ORD0021021,0.7507,A_bulk,log_value_ratio (z=+72.3),price_vs_product (z=+37.2),log_fee_to_value (z=-26.1)
71336,ORD0035728,0.7506,A_bulk,log_value_ratio (z=+63.8),price_vs_product (z=+39.2),log_fee_rate (z=-23.8)
6084,ORD0030857,0.7502,C_ship_lowprice,log_value_ratio (z=-91.6),price_vs_product (z=-21.6),log1p_tax_rate (z=+19.9)
15413,ORD0058967,0.7501,A_bulk,log_value_ratio (z=+66.9),log_fee_to_value (z=-24.6),price_vs_product (z=+24.2)
109772,ORD0032362,0.7493,A_bulk,log_value_ratio (z=+56.6),price_vs_product (z=+31.4),log_fee_to_value (z=-25.4)
125691,ORD0060876,0.7493,B_discount,log_value_ratio (z=+413.3),log1p_tax_rate (z=+21.8),log_fee_rate (z=+10.9)
148852,ORD0034875,0.749,A_bulk,log_value_ratio (z=+52.0),price_vs_product (z=+36.4),log_fee_to_value (z=-26.8)
61181,ORD0064291,0.749,C_ship_lowprice,log_value_ratio (z=-165.8),log1p_tax_rate (z=+27.1),price_vs_product (z=-25.1)
10636,ORD0030606,0.7487,C_ship_lowprice,log_value_ratio (z=-64.6),price_vs_product (z=-23.3),log1p_tax_rate (z=+23.0)
77115,ORD0059407,0.7486,C_ship_lowprice,log_value_ratio (z=-137.3),log1p_tax_rate (z=+29.0),price_vs_product (z=-26.3)
18163,ORD0070032,0.7484,A_bulk,price_vs_product (z=+35.4),log_fee_to_value (z=-25.1),log_value_ratio (z=+23.9)
69628,ORD0021623,0.7482,C_ship_lowprice,log_value_ratio (z=-122.2),log1p_tax_rate (z=+30.8),price_vs_product (z=-25.6)
9615,ORD0046838,0.7478,C_ship_lowprice,log_value_ratio (z=-250.3),price_vs_product (z=-20.3),log1p_tax_rate (z=+19.8)
119189,ORD0055075,0.7475,C_ship_lowprice,log_value_ratio (z=-157.6),log1p_tax_rate (z=+27.8),price_vs_product (z=-25.8)
111225,ORD0031673,0.7468,A_bulk,log_value_ratio (z=+53.0),price_vs_product (z=+35.2),log_fee_to_value (z=-25.7)
30507,ORD0065308,0.7465,A_bulk,log_value_ratio (z=+53.2),price_vs_product (z=+21.8),log_fee_rate (z=-20.3)
44883,ORD0038709,0.7458,A_bulk,price_vs_product (z=+33.4),log_fee_to_value (z=-26.2),log_fee_rate (z=-23.8)
38930,ORD0062815,0.7453,C_ship_lowprice,log_value_ratio (z=-343.6),price_vs_product (z=-19.7),log1p_tax_rate (z=+16.8)
108849,ORD0083128,0.7445,C_ship_lowprice,log_value_ratio (z=-171.6),log1p_tax_rate (z=+24.6),price_vs_product (z=-23.3)
20259,ORD0018285,0.7445,A_bulk,log_value_ratio (z=+73.8),price_vs_product (z=+23.9),log_fee_rate (z=-22.3)
131435,ORD0081093,0.7439,A_bulk,log_value_ratio (z=+42.4),price_vs_product (z=+23.9),log_fee_rate (z=-23.8)
19300,ORD0088544,0.7437,A_bulk,log_value_ratio (z=+82.9),log_fee_rate (z=-21.7),log_fee_to_value (z=-20.2)
143371,ORD0037703,0.7429,C_ship_lowprice,log_value_ratio (z=-143.9),log1p_tax_rate (z=+21.1),price_vs_product (z=-20.6)
102613,ORD0052312,0.7424,A_bulk,log_value_ratio (z=+66.3),price_vs_product (z=+20.9),log_fee_rate (z=-20.5)
90315,ORD0016466,0.7422,A_bulk,price_vs_product (z=+34.6),log_fee_to_value (z=-28.0),log_fee_rate (z=-23.8)
25634,ORD0008799,0.7419,C_ship_lowprice,log_value_ratio (z=-149.8),price_vs_product (z=-29.6),log1p_tax_rate (z=+18.4)
35096,ORD0008808,0.7417,A_bulk,log_value_ratio (z=+63.3),price_vs_product (z=+29.2),log_fee_rate (z=-22.7)
77079,ORD0011996,0.7416,A_bulk,log_value_ratio (z=+60.1),price_vs_product (z=+24.3),log_fee_rate (z=-23.8)
79335,ORD0033412,0.7412,A_bulk,price_vs_product (z=+44.7),log_value_ratio (z=+29.8),log_fee_to_value (z=-29.1)
79487,ORD0023172,0.7411,B_discount,log_value_ratio (z=+439.6),log1p_tax_rate (z=+20.0),log_fee_rate (z=+10.5)
135101,ORD0046654,0.741,C_ship_lowprice,log_value_ratio (z=-209.0),price_vs_product (z=-21.2),log1p_tax_rate (z=+19.2)
14470,ORD0049408,0.741,C_ship_lowprice,log_value_ratio (z=-251.0),price_vs_product (z=-21.9),log1p_tax_rate (z=+21.5)
76858,ORD0069786,0.7404,C_ship_lowprice,log_value_ratio (z=-61.7),price_vs_product (z=-20.9),log1p_tax_rate (z=+19.2)
145864,ORD0088823,0.7404,A_bulk,log_value_ratio (z=+64.0),price_vs_product (z=+30.5),log_fee_rate (z=-23.6)
56463,ORD0073666,0.7395,C_ship_lowprice,log_value_ratio (z=-121.6),price_vs_product (z=-24.7),log1p_tax_rate (z=+23.5)
79423,ORD0022851,0.7393,A_bulk,log_value_ratio (z=+62.7),price_vs_product (z=+24.9),log_fee_rate (z=-23.8)
35010,ORD0006546,0.7392,A_bulk,price_vs_product (z=+31.4),log_value_ratio (z=+29.0),log_fee_to_value (z=-26.3)
87362,ORD0039224,0.7388,A_bulk,log_value_ratio (z=+44.8),price_vs_product (z=+24.7),log_fee_rate (z=-23.5)
139118,ORD0081079,0.7384,A_bulk,log_value_ratio (z=+63.1),log_fee_to_value (z=-25.3),price_vs_product (z=+24.3)
61630,ORD0073968,0.7381,A_bulk,log_value_ratio (z=+75.2),price_vs_product (z=+19.4),log_fee_rate (z=-18.5)
78136,ORD0091062,0.7381,A_bulk,price_vs_product (z=+33.3),log_fee_to_value (z=-25.3),log_fee_rate (z=-23.8)
29398,ORD0052702,0.7377,B_discount,log_value_ratio (z=+458.1),log1p_tax_rate (z=+17.1),log_fee_to_value (z=-10.2)
149602,ORD0014918,0.7377,A_bulk,price_vs_product (z=+37.7),log_fee_to_value (z=-27.3),log_fee_rate (z=-23.8)
73559,ORD0045574,0.7373,C_ship_lowprice,log_value_ratio (z=-209.5),price_vs_product (z=-23.4),log1p_tax_rate (z=+23.1)
97836,ORD0062665,0.7372,A_bulk,log_value_ratio (z=+59.1),log_fee_rate (z=-17.0),log_fee_to_value (z=-15.5)
42163,ORD0071195,0.7372,C_ship_lowprice,price_vs_product (z=-25.7),log_value_ratio (z=+25.4),log1p_tax_rate (z=+22.8)
143845,ORD0079074,0.737,A_bulk,log_value_ratio (z=+47.6),price_vs_product (z=+24.2),log_fee_rate (z=-23.8)
24885,ORD0064075,0.7369,A_bulk,log_value_ratio (z=+32.0),price_vs_product (z=+24.5),log_fee_rate (z=-21.3)
44535,ORD0056091,0.7368,C_ship_lowprice,log_value_ratio (z=-165.1),log1p_tax_rate (z=+24.1),price_vs_product (z=-23.8)
120764,ORD0035527,0.7366,B_discount,log_value_ratio (z=+363.3),log1p_tax_rate (z=+19.3),discount_pct (z=+8.5)
25005,ORD0086458,0.7365,B_discount,log_value_ratio (z=+589.2),log1p_tax_rate (z=+16.7),log_fee_to_value (z=-12.1)
15615,ORD0045980,0.7364,A_bulk,price_vs_product (z=+35.7),log_fee_to_value (z=-28.6),log_fee_rate (z=-23.8)
4842,ORD0027990,0.7363,A_bulk,log_value_ratio (z=+49.0),log_fee_rate (z=-23.8),log_fee_to_value (z=-22.5)
45947,ORD0009769,0.7362,C_ship_lowprice,log1p_tax_rate (z=+24.9),price_vs_product (z=-24.0),log_fee_rate (z=+12.0)
81990,ORD0023020,0.736,A_bulk,log_value_ratio (z=+47.9),log_fee_rate (z=-20.4),log_fee_to_value (z=-18.1)
90783,ORD0084485,0.736,A_bulk,log_value_ratio (z=+44.2),price_vs_product (z=+25.0),log_fee_rate (z=-23.8)
107368,ORD0009944,0.7358,B_discount,log_value_ratio (z=+635.4),log_fee_to_value (z=-14.8),log1p_tax_rate (z=+14.6)
34251,ORD0039045,0.7358,B_discount,log_value_ratio (z=+679.7),log_fee_to_value (z=-19.4),log1p_tax_rate (z=+11.4)
123226,ORD0086230,0.7357,A_bulk,log_value_ratio (z=+61.8),price_vs_product (z=+26.4),log_fee_rate (z=-23.8)
64314,ORD0024529,0.7357,A_bulk,log_value_ratio (z=+42.1),price_vs_product (z=+33.2),log_fee_to_value (z=-25.0)
129165,ORD0004757,0.7355,A_bulk,price_vs_product (z=+32.2),log_value_ratio (z=+26.4),log_fee_to_value (z=-25.8)
124740,ORD0004723,0.7354,A_bulk,price_vs_product (z=+34.3),log_fee_to_value (z=-27.2),log_value_ratio (z=+24.4)
87506,ORD0001225,0.7353,A_bulk,log_value_ratio (z=+40.8),price_vs_product (z=+24.5),log_fee_to_value (z=-24.2)
111302,ORD0007630,0.7352,A_bulk,price_vs_product (z=+34.0),log_fee_to_value (z=-26.0),log_fee_rate (z=-23.8)
97108,ORD0073500,0.7351,B_discount,log_value_ratio (z=+516.3),log1p_tax_rate (z=+18.1),log_fee_rate (z=+10.2)
15814,ORD0055401,0.7348,A_bulk,price_vs_product (z=+20.2),log_fee_rate (z=-17.7),log_value_ratio (z=+16.5)
60057,ORD0009041,0.7346,A_bulk,price_vs_product (z=+37.9),log_fee_to_value (z=-26.6),log_fee_rate (z=-23.8)
28919,ORD0070117,0.7343,C_ship_lowprice,log_value_ratio (z=-304.8),price_vs_product (z=-18.1),log1p_tax_rate (z=+17.0)
81204,ORD0051199,0.7341,A_bulk,log_value_ratio (z=+45.6),log_fee_rate (z=-16.9),log_fee_to_value (z=-15.0)
95063,ORD0076699,0.7338,A_bulk,log_value_ratio (z=+58.4),price_vs_product (z=+27.8),log_fee_to_value (z=-24.2)
21290,ORD0056774,0.7335,A_bulk,log_value_ratio (z=+59.9),price_vs_product (z=+25.3),log_fee_to_value (z=-25.2)
25290,ORD0007245,0.7333,A_bulk,log_value_ratio (z=+48.1),price_vs_product (z=+24.6),log_fee_rate (z=-23.8)
85150,ORD0084068,0.7332,A_bulk,price_vs_product (z=+34.2),log_fee_to_value (z=-28.1),log_fee_rate (z=-23.8)
97904,ORD0060640,0.7331,A_bulk,log_value_ratio (z=+58.7),log_fee_rate (z=-22.2),price_vs_product (z=+20.9)
53182,ORD0058205,0.7329,B_discount,log_value_ratio (z=+529.3),log1p_tax_rate (z=+19.2),log_fee_to_value (z=-12.6)
143581,ORD0056341,0.7328,A_bulk,price_vs_product (z=+24.6),log_fee_to_value (z=-23.9),log_fee_rate (z=-23.8)
48439,ORD0044913,0.7327,B_discount,log_value_ratio (z=+616.4),log1p_tax_rate (z=+15.6),log_fee_to_value (z=-14.7)
117874,ORD0083968,0.7326,B_discount,log_value_ratio (z=+467.3),log1p_tax_rate (z=+13.9),log_fee_rate (z=+9.9)
108665,ORD0049418,0.7326,A_bulk,log_value_ratio (z=+54.3),log_fee_rate (z=-23.8),log_fee_to_value (z=-22.6)
102626,ORD0020915,0.7326,A_bulk,price_vs_product (z=+35.2),log_fee_to_value (z=-26.0),log_fee_rate (z=-23.8)
18049,ORD0035767,0.7325,A_bulk,price_vs_product (z=+30.9),log_value_ratio (z=+24.3),log_fee_rate (z=-23.8)
147578,ORD0065785,0.7325,B_discount,log_value_ratio (z=+396.3),log1p_tax_rate (z=+20.4),log_fee_rate (z=+11.2)
115934,ORD0091773,0.7324,C_ship_lowprice,log_value_ratio (z=-42.7),price_vs_product (z=-21.4),log1p_tax_rate (z=+20.5)
16501,ORD0050703,0.7324,A_bulk,price_vs_product (z=+34.8),log_fee_to_value (z=-27.4),log_fee_rate (z=-23.8)
13555,ORD0031375,0.7323,B_discount,log_value_ratio (z=+580.3),log_fee_to_value (z=-19.0),log1p_tax_rate (z=+8.5)
107969,ORD0027721,0.7321,A_bulk,price_vs_product (z=+32.3),log_fee_to_value (z=-25.2),log_fee_rate (z=-23.8)
3159,ORD0054424,0.7315,C_ship_lowprice,log_value_ratio (z=-317.3),price_vs_product (z=-19.5),log1p_tax_rate (z=+16.0)
71831,ORD0057676,0.7313,A_bulk,price_vs_product (z=+35.2),log_fee_to_value (z=-24.8),log_fee_rate (z=-23.8)
68200,ORD0077629,0.7313,A_bulk,price_vs_product (z=+32.5),log_fee_to_value (z=-24.7),log_fee_rate (z=-23.8)
24492,ORD0060574,0.731,C_ship_lowprice,log_value_ratio (z=-111.5),price_vs_product (z=-26.8),log1p_tax_rate (z=+16.6)
33953,ORD0083604,0.731,A_bulk,price_vs_product (z=+33.0),log_fee_to_value (z=-25.3),log_fee_rate (z=-23.8)
32276,ORD0009931,0.731,A_bulk,log_value_ratio (z=+36.7),price_vs_product (z=+29.4),log_fee_rate (z=-23.8)
129644,ORD0007642,0.7309,A_bulk,price_vs_product (z=+25.5),log_fee_rate (z=-23.4),log_fee_to_value (z=-19.8)
10256,ORD0030416,0.7309,A_bulk,price_vs_product (z=+43.5),log_fee_rate (z=-23.8),log_fee_to_value (z=-23.7)
55475,ORD0058024,0.7307,A_bulk,log_value_ratio (z=+36.2),price_vs_product (z=+31.1),log_fee_to_value (z=-25.5)
12707,ORD0049949,0.7307,A_bulk,price_vs_product (z=+32.2),log_fee_to_value (z=-24.3),log_value_ratio (z=+24.3)
99303,ORD0044797,0.7307,A_bulk,price_vs_product (z=+30.3),log_fee_rate (z=-23.8),log_fee_to_value (z=-22.5)
2231,ORD0069581,0.7306,B_discount,log_value_ratio (z=+441.5),log1p_tax_rate (z=+14.9),log_fee_rate (z=+10.7)
129286,ORD0079236,0.7305,C_ship_lowprice,log_value_ratio (z=-335.2),price_vs_product (z=-20.2),log1p_tax_rate (z=+11.3)
25793,ORD0069645,0.7304,A_bulk,log_value_ratio (z=+33.0),price_vs_product (z=+24.6),log_fee_rate (z=-23.8)
101874,ORD0050790,0.7303,A_bulk,log_value_ratio (z=+34.6),log_fee_rate (z=-23.8),log_fee_to_value (z=-23.7)
102945,ORD0063796,0.7302,A_bulk,log_value_ratio (z=+29.7),price_vs_product (z=+28.6),log_fee_to_value (z=-24.7)
51892,ORD0080745,0.7299,A_bulk,price_vs_product (z=+33.5),log_fee_to_value (z=-26.0),log_fee_rate (z=-23.8)
104156,ORD0017065,0.7298,C_ship_lowprice,log_value_ratio (z=-223.4),price_vs_product (z=-18.0),log1p_tax_rate (z=+10.2)
83605,ORD0057225,0.7298,A_bulk,log_value_ratio (z=+43.2),log_fee_rate (z=-21.8),price_vs_product (z=+19.9)
127282,ORD0090445,0.7298,C_ship_lowprice,log_value_ratio (z=-315.8),price_vs_product (z=-19.5),log1p_tax_rate (z=+16.2)
34328,ORD0016066,0.7297,A_bulk,price_vs_product (z=+30.1),log_fee_to_value (z=-24.2),log_fee_rate (z=-23.8)
23638,ORD0024036,0.7296,C_ship_lowprice,log_value_ratio (z=-39.2),price_vs_product (z=-20.2),log1p_tax_rate (z=+20.1)
128525,ORD0010893,0.7295,B_discount,log_value_ratio (z=+681.2),log_fee_to_value (z=-20.1),log1p_tax_rate (z=+8.8)
38904,ORD0047677,0.7295,A_bulk,price_vs_product (z=+27.5),log_fee_rate (z=-23.8),log_fee_to_value (z=-20.8)
94529,ORD0010022,0.7294,A_bulk,log_value_ratio (z=+50.4),price_vs_product (z=+25.8),log_fee_rate (z=-16.9)
134478,ORD0001369,0.7293,C_ship_lowprice,log_value_ratio (z=-287.6),price_vs_product (z=-21.5),log1p_tax_rate (z=+12.7)
67415,ORD0088515,0.7292,C_ship_lowprice,log1p_tax_rate (z=+24.8),price_vs_product (z=-23.7),log_fee_rate (z=+11.6)
26419,ORD0042232,0.7291,C_ship_lowprice,log_value_ratio (z=-221.9),price_vs_product (z=-25.2),log_fee_rate (z=+12.3)
139593,ORD0079028,0.729,B_discount,log_value_ratio (z=+518.5),log1p_tax_rate (z=+15.7),log_fee_to_value (z=-11.4)
45253,ORD0049310,0.7289,A_bulk,log_value_ratio (z=+28.4),log_fee_rate (z=-17.5),log_fee_to_value (z=-15.1)
15331,ORD0075372,0.7288,A_bulk,price_vs_product (z=+27.8),log_fee_to_value (z=-24.7),log_fee_rate (z=-23.8)
34826,ORD0006273,0.7284,A_bulk,price_vs_product (z=+35.2),log_fee_to_value (z=-27.2),log_fee_rate (z=-23.8)
131347,ORD0008557,0.7284,B_discount,log_value_ratio (z=+395.9),log1p_tax_rate (z=+14.5),log_fee_rate (z=+10.5)
116240,ORD0050424,0.7283,A_bulk,log_value_ratio (z=+39.4),log_fee_rate (z=-23.8),log_fee_to_value (z=-21.2)
29856,ORD0064939,0.7283,A_bulk,price_vs_product (z=+30.4),log_fee_rate (z=-23.8),log_fee_to_value (z=-22.0)
18562,ORD0020918,0.7282,A_bulk,price_vs_product (z=+31.7),log_fee_to_value (z=-25.8),log_fee_rate (z=-23.8)
135953,ORD0057952,0.7282,A_bulk,price_vs_product (z=+36.9),log_fee_to_value (z=-27.5),log_fee_rate (z=-23.8)
22064,ORD0013183,0.7281,B_discount,log_value_ratio (z=+234.0),log1p_tax_rate (z=+16.8),log_fee_rate (z=+9.9)
3439,ORD0038852,0.7281,A_bulk,price_vs_product (z=+39.1),log_fee_to_value (z=-27.8),log_fee_rate (z=-23.8)
114656,ORD0015995,0.7279,A_bulk,log_fee_rate (z=-18.4),log_fee_to_value (z=-15.2),log_quantity (z=+12.7)
66594,ORD0038876,0.7279,A_bulk,price_vs_product (z=+36.1),log_fee_to_value (z=-26.3),log_fee_rate (z=-23.8)
85992,ORD0087827,0.7279,C_ship_lowprice,log_value_ratio (z=-268.0),price_vs_product (z=-21.4),log1p_tax_rate (z=+16.4)
117937,ORD0044579,0.7279,A_bulk,log_value_ratio (z=+30.5),price_vs_product (z=+29.3),log_fee_rate (z=-23.6)
88815,ORD0052651,0.7277,A_bulk,price_vs_product (z=+30.9),log_fee_to_value (z=-24.7),log_fee_rate (z=-23.8)
59286,ORD0000709,0.7276,A_bulk,price_vs_product (z=+41.2),log_fee_to_value (z=-28.4),log_fee_rate (z=-23.8)
131885,ORD0060268,0.7275,A_bulk,price_vs_product (z=+27.6),log_fee_rate (z=-23.8),log_value_ratio (z=+22.7)
39890,ORD0088152,0.7271,A_bulk,log_value_ratio (z=+49.3),log_fee_rate (z=-23.8),log_fee_to_value (z=-21.3)
1871,ORD0046672,0.7271,C_ship_lowprice,log1p_tax_rate (z=+27.7),price_vs_product (z=-23.3),log_value_ratio (z=-16.5)
57166,ORD0056414,0.7271,A_bulk,price_vs_product (z=+32.8),log_fee_to_value (z=-25.3),log_fee_rate (z=-23.8)
38263,ORD0003329,0.727,B_discount,log_value_ratio (z=+604.9),log_fee_to_value (z=-13.5),log1p_tax_rate (z=+10.4)
38697,ORD0053050,0.727,A_bulk,log_fee_rate (z=-23.8),price_vs_product (z=+20.7),log_fee_to_value (z=-20.4)
129867,ORD0056946,0.7269,A_bulk,log_value_ratio (z=+33.8),log_fee_rate (z=-19.4),log_fee_to_value (z=-16.8)
110776,ORD0070363,0.7266,A_bulk,price_vs_product (z=+34.8),log_fee_to_value (z=-26.2),log_fee_rate (z=-23.8)
109358,ORD0067950,0.7266,A_bulk,price_vs_product (z=+35.2),log_fee_to_value (z=-24.3),log_fee_rate (z=-23.8)
27874,ORD0088956,0.7265,C_ship_lowprice,log_value_ratio (z=-38.4),price_vs_product (z=-22.0),log1p_tax_rate (z=+21.4)
17348,ORD0069052,0.7265,C_ship_lowprice,log_value_ratio (z=-52.5),price_vs_product (z=-21.7),log1p_tax_rate (z=+17.3)
145439,ORD0008606,0.7264,A_bulk,log_value_ratio (z=+32.8),price_vs_product (z=+29.7),log_fee_to_value (z=-24.7)
54329,ORD0020651,0.7263,C_ship_lowprice,log_value_ratio (z=-90.7),price_vs_product (z=-19.4),log1p_tax_rate (z=+16.4)
64284,ORD0065705,0.7262,B_discount,log_value_ratio (z=+534.1),log_fee_to_value (z=-12.8),log1p_tax_rate (z=+10.8)
1275,ORD0058971,0.7261,C_ship_lowprice,log_value_ratio (z=-44.5),price_vs_product (z=-18.4),log1p_tax_rate (z=+13.0)
17496,ORD0033313,0.7261,A_bulk,price_vs_product (z=+33.5),log_fee_rate (z=-23.8),log_fee_to_value (z=-22.0)
92208,ORD0079797,0.7259,B_discount,log_value_ratio (z=+607.9),log_fee_to_value (z=-17.3),log1p_tax_rate (z=+10.7)
21836,ORD0020260,0.7258,B_discount,log_value_ratio (z=+560.9),log1p_tax_rate (z=+18.0),log_fee_to_value (z=-13.7)
34953,ORD0016586,0.7258,A_bulk,log_value_ratio (z=+40.5),log_fee_rate (z=-21.1),price_vs_product (z=+21.0)
120979,ORD0080511,0.7258,A_bulk,log_value_ratio (z=+53.0),log_fee_rate (z=-23.8),price_vs_product (z=+22.7)
95124,ORD0088356,0.7257,A_bulk,price_vs_product (z=+33.4),log_fee_rate (z=-23.8),log_fee_to_value (z=-23.0)
124555,ORD0078229,0.7257,A_bulk,price_vs_product (z=+33.5),log_fee_rate (z=-23.8),log_fee_to_value (z=-22.1)
84627,ORD0021062,0.7257,B_discount,log_value_ratio (z=+676.6),log_fee_to_value (z=-16.2),log1p_tax_rate (z=+8.6)
142976,ORD0084793,0.7256,A_bulk,log_value_ratio (z=+25.4),log_fee_rate (z=-22.2),log_fee_to_value (z=-19.1)
6683,ORD0085862,0.7254,B_discount,log_value_ratio (z=+675.7),log_fee_to_value (z=-17.7),log1p_tax_rate (z=+7.9)
97908,ORD0035030,0.7253,A_bulk,log_fee_rate (z=-23.8),log_fee_to_value (z=-22.6),price_vs_product (z=+22.0)
30270,ORD0057680,0.7251,C_ship_lowprice,log_value_ratio (z=-298.9),price_vs_product (z=-16.7),log1p_tax_rate (z=+14.3)
39218,ORD0068438,0.7248,A_bulk,price_vs_product (z=+29.8),log_fee_rate (z=-23.7),log_fee_to_value (z=-20.1)
38317,ORD0044155,0.7248,A_bulk,price_vs_product (z=+26.7),log_fee_rate (z=-22.9),log_fee_to_value (z=-19.2)
86282,ORD0073259,0.7247,A_bulk,price_vs_product (z=+22.8),log_value_ratio (z=+22.7),log_fee_rate (z=-19.9)
115956,ORD0089572,0.7247,A_bulk,price_vs_product (z=+42.7),log_fee_to_value (z=-25.7),log_fee_rate (z=-23.8)
24504,ORD0003609,0.7246,A_bulk,price_vs_product (z=+29.9),log_fee_to_value (z=-26.9),log_fee_rate (z=-23.8)
34804,ORD0085369,0.7246,A_bulk,log_value_ratio (z=+35.6),price_vs_product (z=+25.7),log_fee_rate (z=-23.8)
44024,ORD0016709,0.7245,A_bulk,price_vs_product (z=+32.0),log_fee_to_value (z=-24.9),log_fee_rate (z=-23.8)
81395,ORD0035588,0.7244,A_bulk,log_value_ratio (z=+38.4),log_fee_rate (z=-23.6),price_vs_product (z=+22.3)
14320,ORD0013428,0.7243,A_bulk,price_vs_product (z=+35.0),log_fee_to_value (z=-25.3),log_fee_rate (z=-23.8)
36407,ORD0090415,0.7242,B_discount,log_value_ratio (z=+569.6),log_fee_to_value (z=-17.2),log_fee_rate (z=+9.3)
139516,ORD0000837,0.7242,A_bulk,price_vs_product (z=+25.2),log_fee_rate (z=-21.0),log_fee_to_value (z=-17.3)
15612,ORD0062838,0.7241,C_ship_lowprice,log_value_ratio (z=-226.4),price_vs_product (z=-20.2),log1p_tax_rate (z=+11.4)
34623,ORD0017540,0.724,A_bulk,log_value_ratio (z=+36.2),price_vs_product (z=+25.4),log_fee_rate (z=-18.4)
92734,ORD0055698,0.724,C_ship_lowprice,log_value_ratio (z=-158.6),price_vs_product (z=-22.3),log1p_tax_rate (z=+18.5)
30629,ORD0081653,0.7239,C_ship_lowprice,log_value_ratio (z=-168.2),price_vs_product (z=-22.3),log1p_tax_rate (z=+20.0)
89664,ORD0002531,0.7239,C_ship_lowprice,price_vs_product (z=-27.4),log_value_ratio (z=-22.5),log1p_tax_rate (z=+16.9)
36982,ORD0008585,0.7238,A_bulk,price_vs_product (z=+26.6),log_fee_rate (z=-23.0),log_fee_to_value (z=-18.9)
64825,ORD0070545,0.7238,C_ship_lowprice,log_value_ratio (z=-127.8),price_vs_product (z=-22.6),log1p_tax_rate (z=+21.5)
83731,ORD0028857,0.7236,B_discount,log_value_ratio (z=+530.0),log1p_tax_rate (z=+10.6),log_fee_rate (z=+10.2)
139192,ORD0074496,0.7235,A_bulk,price_vs_product (z=+44.2),log_fee_to_value (z=-29.3),log_fee_rate (z=-23.8)
129958,ORD0036341,0.7235,A_bulk,price_vs_product (z=+22.5),log_fee_rate (z=-22.3),log_fee_to_value (z=-18.1)
12700,ORD0013334,0.7235,A_bulk,price_vs_product (z=+27.9),log_fee_to_value (z=-24.7),log_fee_rate (z=-23.8)
71820,ORD0057090,0.7233,A_bulk,price_vs_product (z=+26.3),log_fee_rate (z=-23.8),log_fee_to_value (z=-23.0)
47297,ORD0052316,0.7233,A_bulk,log_value_ratio (z=+32.6),price_vs_product (z=+26.7),log_fee_rate (z=-23.8)
126637,ORD0046913,0.7233,A_bulk,log_value_ratio (z=+25.0),price_vs_product (z=+20.3),log_fee_rate (z=-18.9)
63379,ORD0034693,0.7233,A_bulk,log_value_ratio (z=+28.3),log_fee_rate (z=-23.8),price_vs_product (z=+22.7)
113703,ORD0091623,0.7231,A_bulk,price_vs_product (z=+32.9),log_fee_to_value (z=-25.2),log_fee_rate (z=-23.8)
88915,ORD0039840,0.7231,B_discount,log_value_ratio (z=+485.4),log1p_tax_rate (z=+19.8),log_fee_to_value (z=-14.1)
12308,ORD0071142,0.723,C_ship_lowprice,log1p_tax_rate (z=+26.5),price_vs_product (z=-24.2),log_fee_rate (z=+12.1)
124077,ORD0002108,0.7228,B_discount,log_value_ratio (z=+628.4),log_fee_to_value (z=-15.5),log1p_tax_rate (z=+10.9)
86795,ORD0012922,0.7228,C_ship_lowprice,log_value_ratio (z=-116.9),log1p_tax_rate (z=+21.6),price_vs_product (z=-20.8)
108060,ORD0032994,0.7227,B_discount,log_value_ratio (z=+547.1),log1p_tax_rate (z=+21.0),log_fee_to_value (z=-13.0)
89994,ORD0089537,0.7227,A_bulk,price_vs_product (z=+35.9),log_fee_to_value (z=-24.7),log_fee_rate (z=-23.8)
100858,ORD0083600,0.7225,C_ship_lowprice,log_value_ratio (z=-169.3),log1p_tax_rate (z=+21.1),price_vs_product (z=-20.3)
70319,ORD0082515,0.7222,A_bulk,price_vs_product (z=+21.7),log_fee_rate (z=-17.5),log_fee_to_value (z=-13.9)
57328,ORD0033164,0.7221,A_bulk,price_vs_product (z=+29.4),log_fee_rate (z=-21.9),log_fee_to_value (z=-18.4)
41975,ORD0038113,0.722,B_discount,log_value_ratio (z=+423.9),log1p_tax_rate (z=+15.1),log_fee_rate (z=+9.3)
85693,ORD0080959,0.7218,B_discount,log_value_ratio (z=+632.5),log_fee_to_value (z=-16.4),log1p_tax_rate (z=+10.7)
73985,ORD0016859,0.7217,A_bulk,log_value_ratio (z=+35.5),price_vs_product (z=+31.6),log_fee_rate (z=-23.8)
147336,ORD0000002,0.7217,A_bulk,log_value_ratio (z=+30.1),log_fee_rate (z=-22.8),log_fee_to_value (z=-19.7)
28858,ORD0015150,0.7216,A_bulk,price_vs_product (z=+33.5),log_fee_to_value (z=-25.5),log_fee_rate (z=-23.8)
93726,ORD0047652,0.7215,C_ship_lowprice,log_value_ratio (z=-172.2),price_vs_product (z=-23.6),log_fee_rate (z=+12.0)
8131,ORD0041290,0.7214,A_bulk,price_vs_product (z=+31.1),log_fee_rate (z=-23.8),log_fee_to_value (z=-21.6)
111162,ORD0084652,0.7213,C_ship_lowprice,log_value_ratio (z=-40.9),price_vs_product (z=-23.5),log1p_tax_rate (z=+18.8)
83153,ORD0036799,0.7212,A_bulk,price_vs_product (z=+26.7),log_fee_rate (z=-23.8),log_fee_to_value (z=-20.8)
118598,ORD0040339,0.7212,B_discount,log_value_ratio (z=+443.1),log1p_tax_rate (z=+16.4),log_fee_to_value (z=-10.3)
101104,ORD0071317,0.7212,B_discount,log_value_ratio (z=+616.9),log_fee_to_value (z=-17.3),log1p_tax_rate (z=+8.6)
121635,ORD0000703,0.7211,A_bulk,price_vs_product (z=+25.8),log_fee_rate (z=-23.8),log_fee_to_value (z=-22.5)
98787,ORD0011580,0.7211,A_bulk,price_vs_product (z=+32.7),log_value_ratio (z=+25.6),log_fee_to_value (z=-24.5)
146236,ORD0045462,0.721,A_bulk,price_vs_product (z=+28.9),log_fee_rate (z=-23.8),log_value_ratio (z=+21.7)
79221,ORD0040158,0.721,C_ship_lowprice,log_value_ratio (z=-35.5),log1p_tax_rate (z=+23.4),price_vs_product (z=-23.4)
122220,ORD0056892,0.7209,B_discount,log_value_ratio (z=+436.2),log1p_tax_rate (z=+18.0),log_fee_rate (z=+9.5)
23589,ORD0050617,0.7209,A_bulk,log_value_ratio (z=+40.1),log_fee_rate (z=-20.2),log_fee_to_value (z=-17.7)
110023,ORD0048381,0.7209,A_bulk,log_value_ratio (z=+35.3),price_vs_product (z=+30.9),log_fee_to_value (z=-24.4)
56525,ORD0034170,0.7209,A_bulk,log_value_ratio (z=+32.0),price_vs_product (z=+26.7),log_fee_rate (z=-23.8)
29488,ORD0030688,0.7206,A_bulk,log_value_ratio (z=+47.1),log_fee_rate (z=-22.5),log_fee_to_value (z=-19.9)
72218,ORD0087274,0.7206,C_ship_lowprice,log_value_ratio (z=-347.0),price_vs_product (z=-11.8),log1p_tax_rate (z=+9.8)
101963,ORD0052585,0.7205,A_bulk,log_fee_rate (z=-23.8),log_fee_to_value (z=-21.3),price_vs_product (z=+20.9)
124123,ORD0022491,0.7205,A_bulk,price_vs_product (z=+29.8),log_value_ratio (z=+26.1),log_fee_rate (z=-23.8)
26426,ORD0013594,0.7203,B_discount,log_value_ratio (z=+565.0),log1p_tax_rate (z=+15.0),log_fee_to_value (z=-12.4)
87223,ORD0066399,0.7203,A_bulk,price_vs_product (z=+26.2),log_fee_rate (z=-21.6),log_fee_to_value (z=-18.1)
122672,ORD0083965,0.7203,A_bulk,log_fee_rate (z=-23.8),price_vs_product (z=+21.6),log_fee_to_value (z=-19.9)
92667,ORD0090349,0.7203,A_bulk,price_vs_product (z=+30.3),log_fee_to_value (z=-24.4),log_fee_rate (z=-23.8)
21784,ORD0081322,0.7202,A_bulk,price_vs_product (z=+32.5),log_fee_to_value (z=-26.3),log_fee_rate (z=-23.8)
122064,ORD0090708,0.7202,A_bulk,log_fee_rate (z=-18.7),log_fee_to_value (z=-15.6),price_vs_product (z=+13.5)
96570,ORD0035000,0.7202,A_bulk,price_vs_product (z=+35.8),log_fee_to_value (z=-24.1),log_fee_rate (z=-23.8)
137949,ORD0030150,0.7202,B_discount,log_value_ratio (z=+633.2),log_fee_to_value (z=-17.2),log1p_tax_rate (z=+10.9)
16094,ORD0077587,0.7201,A_bulk,price_vs_product (z=+21.0),log_fee_rate (z=-17.4),log_fee_to_value (z=-14.3)
62494,ORD0028914,0.7201,A_bulk,price_vs_product (z=+30.6),log_fee_rate (z=-23.8),log_fee_to_value (z=-23.5)
148575,ORD0031693,0.72,A_bulk,log_value_ratio (z=+26.8),log_fee_rate (z=-23.8),price_vs_product (z=+23.3)
93586,ORD0084555,0.72,A_bulk,log_value_ratio (z=+40.7),log_fee_rate (z=-21.3),log_fee_to_value (z=-18.6)
128398,ORD0085869,0.72,A_bulk,price_vs_product (z=+31.7),log_fee_rate (z=-22.4),log_fee_to_value (z=-18.5)
4042,ORD0070110,0.72,A_bulk,price_vs_product (z=+37.7),log_fee_to_value (z=-26.5),log_fee_rate (z=-23.8)
118567,ORD0052014,0.72,A_bulk,price_vs_product (z=+27.0),log_fee_rate (z=-22.4),log_fee_to_value (z=-18.6)
129784,ORD0084319,0.7199,A_bulk,price_vs_product (z=+31.4),log_fee_to_value (z=-24.5),log_fee_rate (z=-23.8)
109883,ORD0073096,0.7199,C_ship_lowprice,log_value_ratio (z=-180.4),price_vs_product (z=-24.1),log1p_tax_rate (z=+16.1)
53471,ORD0068516,0.7199,A_bulk,price_vs_product (z=+27.5),log_fee_to_value (z=-24.7),log_fee_rate (z=-23.8)
129720,ORD0069369,0.7198,A_bulk,price_vs_product (z=+29.4),log_fee_rate (z=-21.3),log_fee_to_value (z=-17.9)
652,ORD0056610,0.7197,A_bulk,price_vs_product (z=+26.7),log_fee_to_value (z=-24.2),log_fee_rate (z=-23.8)
12203,ORD0026346,0.7197,A_bulk,price_vs_product (z=+30.4),log_fee_to_value (z=-24.5),log_fee_rate (z=-23.8)
38838,ORD0088434,0.7196,B_discount,log_value_ratio (z=+611.8),log_fee_to_value (z=-10.1),log_fee_rate (z=+9.3)
96252,ORD0042426,0.7196,A_bulk,price_vs_product (z=+36.5),log_fee_rate (z=-23.8),log_fee_to_value (z=-21.6)
119297,ORD0021694,0.7195,A_bulk,log_value_ratio (z=+34.5),log_fee_rate (z=-23.8),log_fee_to_value (z=-22.1)
6347,ORD0051478,0.7195,A_bulk,log_value_ratio (z=+34.7),price_vs_product (z=+25.4),log_fee_rate (z=-21.2)
72571,ORD0090278,0.7194,A_bulk,log_fee_rate (z=-23.2),price_vs_product (z=+22.6),log_fee_to_value (z=-19.4)
138799,ORD0046590,0.7194,A_bulk,price_vs_product (z=+31.2),log_fee_rate (z=-23.8),log_fee_to_value (z=-22.3)
25535,ORD0075766,0.7194,B_discount,log_value_ratio (z=+616.5),log_fee_to_value (z=-18.1),discount_pct (z=+8.1)
146734,ORD0059638,0.7194,A_bulk,price_vs_product (z=+24.2),log_fee_rate (z=-23.8),log_fee_to_value (z=-22.9)
119278,ORD0031835,0.7192,A_bulk,log_fee_rate (z=-18.2),log_fee_to_value (z=-14.6),price_vs_product (z=+12.9)
112323,ORD0068450,0.7191,A_bulk,log_fee_rate (z=-20.4),price_vs_product (z=+19.8),log_value_ratio (z=+18.9)
97742,ORD0077488,0.719,A_bulk,price_vs_product (z=+24.2),log_fee_rate (z=-22.1),log_fee_to_value (z=-18.3)
81088,ORD0030950,0.719,A_bulk,price_vs_product (z=+25.0),log_fee_rate (z=-23.8),log_fee_to_value (z=-21.5)
104946,ORD0074034,0.7189,A_bulk,price_vs_product (z=+29.9),log_fee_to_value (z=-24.3),log_fee_rate (z=-23.8)
123347,ORD0029932,0.7189,A_bulk,price_vs_product (z=+25.6),log_fee_rate (z=-23.8),log_fee_to_value (z=-22.4)
123358,ORD0053502,0.7189,A_bulk,log_value_ratio (z=+31.1),log_fee_rate (z=-23.3),log_fee_to_value (z=-20.2)
103679,ORD0081956,0.7186,A_bulk,log_fee_rate (z=-22.9),log_fee_to_value (z=-18.8),price_vs_product (z=+17.4)
123604,ORD0001339,0.7186,B_discount,log_value_ratio (z=+559.6),log_fee_to_value (z=-17.8),log1p_tax_rate (z=+11.5)
96832,ORD0088338,0.7185,B_discount,log_value_ratio (z=+348.5),log1p_tax_rate (z=+16.4),log_fee_rate (z=+9.0)
120272,ORD0078865,0.7184,A_bulk,log_fee_rate (z=-23.8),log_fee_to_value (z=-21.4),price_vs_product (z=+18.6)
112403,ORD0008100,0.7184,A_bulk,price_vs_product (z=+29.5),log_fee_to_value (z=-24.9),log_fee_rate (z=-23.8)
69088,ORD0064263,0.7183,A_bulk,log_value_ratio (z=+21.6),price_vs_product (z=+21.2),log_fee_rate (z=-19.6)
142624,ORD0002180,0.7183,A_bulk,log_fee_rate (z=-23.8),log_fee_to_value (z=-23.0),price_vs_product (z=+22.3)
140736,ORD0070907,0.7182,B_discount,log_value_ratio (z=+508.3),log1p_tax_rate (z=+15.7),log_fee_to_value (z=-11.9)
140662,ORD0071884,0.7182,A_bulk,price_vs_product (z=+29.7),log_fee_to_value (z=-25.9),log_fee_rate (z=-23.8)
139758,ORD0075325,0.7182,A_bulk,log_value_ratio (z=+35.6),price_vs_product (z=+32.8),log_fee_rate (z=-23.8)
101112,ORD0021679,0.7181,B_discount,log_value_ratio (z=+530.7),log_fee_to_value (z=-10.4),log1p_tax_rate (z=+10.0)
9593,ORD0032556,0.7181,A_bulk,price_vs_product (z=+29.3),log_fee_rate (z=-23.8),log_fee_to_value (z=-22.0)
44513,ORD0067790,0.7181,A_bulk,price_vs_product (z=+19.4),log_fee_rate (z=-15.8),log_fee_to_value (z=-12.7)
108647,ORD0091005,0.718,A_bulk,log_fee_rate (z=-19.8),price_vs_product (z=+17.0),log_fee_to_value (z=-16.6)
28096,ORD0085975,0.7179,A_bulk,price_vs_product (z=+22.1),log_fee_rate (z=-19.4),log_fee_to_value (z=-16.1)
111454,ORD0069066,0.7178,A_bulk,price_vs_product (z=+25.4),log_fee_to_value (z=-24.3),log_fee_rate (z=-23.8)
28115,ORD0073812,0.7178,C_ship_lowprice,log_value_ratio (z=-116.2),price_vs_product (z=-20.2),log1p_tax_rate (z=+20.0)
82891,ORD0074689,0.7178,A_bulk,price_vs_product (z=+29.0),log_fee_rate (z=-23.8),log_fee_to_value (z=-21.3)
86218,ORD0056397,0.7178,B_discount,log_value_ratio (z=+593.3),log_fee_to_value (z=-18.6),log_fee_rate (z=+8.8)
1118,ORD0036972,0.7178,B_discount,log_value_ratio (z=+517.5),log_fee_to_value (z=-14.2),log1p_tax_rate (z=+11.8)
95835,ORD0065528,0.7177,A_bulk,price_vs_product (z=+26.9),log_fee_rate (z=-22.9),log_value_ratio (z=+21.5)
51470,ORD0013058,0.7176,A_bulk,price_vs_product (z=+23.4),log_fee_rate (z=-21.0),log_fee_to_value (z=-17.5)
89708,ORD0072313,0.7176,A_bulk,log_value_ratio (z=+32.3),price_vs_product (z=+26.2),log_fee_rate (z=-23.8)
77431,ORD0015757,0.7175,B_discount,log_value_ratio (z=+519.9),log_fee_to_value (z=-11.0),log1p_tax_rate (z=+10.8)
6283,ORD0082263,0.7175,B_discount,log_value_ratio (z=+603.1),log_fee_to_value (z=-15.1),discount_pct (z=+8.5)
83114,ORD0063470,0.7175,A_bulk,log_fee_rate (z=-16.9),log_fee_to_value (z=-13.6),log_quantity (z=+12.6)
28709,ORD0019920,0.7174,A_bulk,price_vs_product (z=+33.8),log_fee_to_value (z=-26.2),log_fee_rate (z=-23.8)
103512,ORD0071349,0.7174,A_bulk,log_fee_rate (z=-21.1),price_vs_product (z=+18.8),log_fee_to_value (z=-17.5)
100231,ORD0071767,0.7173,A_bulk,log_value_ratio (z=+37.3),log_fee_rate (z=-20.5),log_fee_to_value (z=-17.9)
73226,ORD0078394,0.7172,C_ship_lowprice,log_value_ratio (z=-170.2),log1p_tax_rate (z=+22.3),price_vs_product (z=-20.2)
81329,ORD0048447,0.7171,A_bulk,log_fee_rate (z=-18.6),log_fee_to_value (z=-15.5),price_vs_product (z=+13.8)
6021,ORD0004408,0.7171,A_bulk,log_value_ratio (z=+27.5),log_fee_rate (z=-21.9),log_fee_to_value (z=-18.8)
96020,ORD0031483,0.717,A_bulk,price_vs_product (z=+26.5),log_fee_rate (z=-23.5),log_fee_to_value (z=-19.2)
95372,ORD0065712,0.717,A_bulk,price_vs_product (z=+31.2),log_fee_to_value (z=-24.4),log_fee_rate (z=-23.8)
62731,ORD0058017,0.7169,B_discount,log_value_ratio (z=+603.0),log_fee_to_value (z=-16.2),log1p_tax_rate (z=+12.0)
146445,ORD0063325,0.7168,A_bulk,price_vs_product (z=+36.6),log_fee_rate (z=-23.8),log_fee_to_value (z=-22.1)
88913,ORD0073019,0.7167,C_ship_lowprice,log_value_ratio (z=-269.4),price_vs_product (z=-20.3),log1p_tax_rate (z=+12.3)
115192,ORD0074702,0.7167,A_bulk,price_vs_product (z=+21.4),log_fee_rate (z=-19.9),log_value_ratio (z=+19.0)
117952,ORD0058555,0.7167,C_ship_lowprice,log_value_ratio (z=-172.1),log1p_tax_rate (z=+20.3),price_vs_product (z=-20.0)
47791,ORD0030245,0.7166,A_bulk,price_vs_product (z=+29.2),log_fee_rate (z=-23.4),log_fee_to_value (z=-19.8)
36966,ORD0079514,0.7166,B_discount,log_value_ratio (z=+467.3),log_fee_rate (z=+10.3),log_fee_to_value (z=-9.2)
133841,ORD0007565,0.7166,B_discount,log_value_ratio (z=+493.5),log1p_tax_rate (z=+16.0),log_fee_to_value (z=-11.1)
15498,ORD0009489,0.7165,A_bulk,log_fee_rate (z=-21.6),log_fee_to_value (z=-17.9),price_vs_product (z=+17.4)
111589,ORD0051891,0.7165,A_bulk,log_fee_rate (z=-19.7),log_value_ratio (z=+17.3),log_fee_to_value (z=-16.7)
28654,ORD0019378,0.7165,A_bulk,log_fee_rate (z=-23.8),log_fee_to_value (z=-20.2),price_vs_product (z=+18.9)
142193,ORD0066764,0.7165,A_bulk,price_vs_product (z=+26.0),log_fee_rate (z=-23.8),log_fee_to_value (z=-23.8)
7957,ORD0074531,0.7163,A_bulk,price_vs_product (z=+30.9),log_fee_rate (z=-22.9),log_fee_to_value (z=-19.1)
119078,ORD0061043,0.7163,A_bulk,price_vs_product (z=+33.2),log_fee_to_value (z=-26.2),log_fee_rate (z=-23.8)
28023,ORD0063900,0.7162,A_bulk,price_vs_product (z=+30.2),log_fee_to_value (z=-25.3),log_fee_rate (z=-23.8)
15743,ORD0075228,0.7161,A_bulk,log_value_ratio (z=+34.8),price_vs_product (z=+26.2),log_fee_rate (z=-23.8)
106337,ORD0088666,0.7161,C_ship_lowprice,log_value_ratio (z=-142.2),price_vs_product (z=-19.6),log1p_tax_rate (z=+19.5)
18674,ORD0059407,0.7161,A_bulk,price_vs_product (z=+33.3),log_fee_to_value (z=-26.1),log_fee_rate (z=-23.8)
56210,ORD0062336,0.7161,A_bulk,price_vs_product (z=+34.7),log_fee_to_value (z=-24.2),log_fee_rate (z=-23.8)
123643,ORD0000004,0.716,A_bulk,log_value_ratio (z=+35.7),price_vs_product (z=+30.4),log_fee_rate (z=-23.8)
25167,ORD0046393,0.716,A_bulk,price_vs_product (z=+27.4),log_fee_rate (z=-23.8),log_fee_to_value (z=-22.3)
8282,ORD0078603,0.7159,A_bulk,log_value_ratio (z=+47.1),price_vs_product (z=+17.1),log_fee_rate (z=-16.9)
132749,ORD0061009,0.7159,A_bulk,log_fee_rate (z=-22.7),log_fee_to_value (z=-19.0),price_vs_product (z=+16.5)
816,ORD0062822,0.7158,A_bulk,log_fee_rate (z=-21.4),price_vs_product (z=+21.3),log_fee_to_value (z=-17.6)
30807,ORD0022908,0.7158,B_discount,log_value_ratio (z=+657.4),log_fee_to_value (z=-19.1),discount_pct (z=+6.7)
83662,ORD0055932,0.7157,A_bulk,log_value_ratio (z=+27.5),log_fee_rate (z=-21.6),log_fee_to_value (z=-18.5)
34986,ORD0085771,0.7157,A_bulk,price_vs_product (z=+23.1),log_fee_rate (z=-23.0),log_fee_to_value (z=-19.3)
127625,ORD0026203,0.7157,B_discount,log_value_ratio (z=+454.9),log1p_tax_rate (z=+16.9),log_fee_to_value (z=-9.7)
68921,ORD0027606,0.7156,A_bulk,log_fee_rate (z=-22.0),price_vs_product (z=+19.9),log_fee_to_value (z=-18.0)
145942,ORD0055527,0.7156,B_discount,log_value_ratio (z=+507.3),log_fee_to_value (z=-14.0),log1p_tax_rate (z=+10.7)
61972,ORD0013973,0.7155,A_bulk,price_vs_product (z=+19.4),log_value_ratio (z=+18.7),log_fee_rate (z=-18.0)
115295,ORD0045322,0.7155,A_bulk,log_fee_rate (z=-23.4),price_vs_product (z=+21.8),log_fee_to_value (z=-19.3)
59785,ORD0017880,0.7154,A_bulk,log_value_ratio (z=+81.5),log_fee_rate (z=-13.3),log_fee_to_value (z=-13.0)
25048,ORD0073678,0.7154,B_discount,log_value_ratio (z=+288.4),log1p_tax_rate (z=+16.4),discount_pct (z=+8.5)
36143,ORD0007526,0.7154,A_bulk,price_vs_product (z=+26.9),log_fee_to_value (z=-24.2),log_fee_rate (z=-23.8)
67127,ORD0017984,0.7154,A_bulk,log_fee_rate (z=-22.5),price_vs_product (z=+18.7),log_fee_to_value (z=-18.6)
38146,ORD0031099,0.7153,A_bulk,price_vs_product (z=+29.5),log_value_ratio (z=+28.0),log_fee_rate (z=-23.8)
15235,ORD0045060,0.7153,A_bulk,price_vs_product (z=+33.9),log_fee_to_value (z=-25.0),log_fee_rate (z=-23.8)
80312,ORD0001233,0.7153,A_bulk,log_value_ratio (z=+37.6),price_vs_product (z=+27.9),log_fee_rate (z=-23.8)
125541,ORD0061987,0.7153,A_bulk,log_fee_rate (z=-20.1),log_fee_to_value (z=-16.6),price_vs_product (z=+16.1)
18224,ORD0024034,0.7153,A_bulk,log_value_ratio (z=+26.0),log_fee_rate (z=-21.1),log_fee_to_value (z=-18.1)
118675,ORD0045142,0.7152,B_discount,log_value_ratio (z=+585.4),log_fee_to_value (z=-13.6),log1p_tax_rate (z=+11.7)
84286,ORD0052116,0.7152,A_bulk,price_vs_product (z=+27.6),log_fee_to_value (z=-24.1),log_fee_rate (z=-23.8)
101706,ORD0083527,0.7152,B_discount,log_value_ratio (z=+796.8),log_fee_to_value (z=-15.1),log_fee_rate (z=+8.5)
1335,ORD0000180,0.7151,A_bulk,log_value_ratio (z=+27.4),price_vs_product (z=+23.2),log_fee_rate (z=-23.0)
28019,ORD0071874,0.7151,A_bulk,log_fee_rate (z=-23.8),log_fee_to_value (z=-21.1),price_vs_product (z=+20.6)
49730,ORD0082632,0.715,A_bulk,log_fee_rate (z=-23.6),log_fee_to_value (z=-19.3),price_vs_product (z=+16.5)
143936,ORD0030734,0.715,A_bulk,price_vs_product (z=+32.1),log_fee_rate (z=-23.8),log_fee_to_value (z=-21.2)
93023,ORD0084847,0.715,A_bulk,price_vs_product (z=+26.3),log_fee_rate (z=-23.8),log_fee_to_value (z=-22.7)
69252,ORD0051869,0.715,B_discount,log_value_ratio (z=+516.1),log1p_tax_rate (z=+14.4),log_fee_to_value (z=-10.6)
24138,ORD0021748,0.715,A_bulk,price_vs_product (z=+28.1),log_fee_rate (z=-23.8),log_fee_to_value (z=-20.3)
54003,ORD0041109,0.7149,A_bulk,price_vs_product (z=+24.4),log_fee_rate (z=-23.8),log_fee_to_value (z=-22.1)
653,ORD0006480,0.7149,C_ship_lowprice,log_value_ratio (z=-60.2),price_vs_product (z=-19.1),log1p_tax_rate (z=+16.2)
32812,ORD0038173,0.7149,A_bulk,price_vs_product (z=+26.4),log_fee_to_value (z=-24.2),log_fee_rate (z=-23.8)
116516,ORD0042970,0.7149,A_bulk,log_value_ratio (z=+30.0),log_fee_rate (z=-23.8),log_fee_to_value (z=-21.8)
40836,ORD0031616,0.7149,A_bulk,price_vs_product (z=+28.8),log_value_ratio (z=+28.6),log_fee_to_value (z=-24.9)
106778,ORD0019287,0.7149,A_bulk,price_vs_product (z=+33.3),log_fee_to_value (z=-24.9),log_fee_rate (z=-23.8)
42690,ORD0037857,0.7149,A_bulk,price_vs_product (z=+22.3),log_fee_rate (z=-22.0),log_fee_to_value (z=-18.2)
138021,ORD0078872,0.7148,B_discount,log_value_ratio (z=+526.4),log_fee_to_value (z=-10.4),discount_pct (z=+7.3)
102234,ORD0090751,0.7147,A_bulk,log_value_ratio (z=+40.8),price_vs_product (z=+26.7),log_fee_rate (z=-23.8)
84088,ORD0088047,0.7147,A_bulk,price_vs_product (z=+28.1),log_fee_rate (z=-23.8),log_fee_to_value (z=-22.2)
63153,ORD0078164,0.7146,A_bulk,price_vs_product (z=+28.0),log_fee_rate (z=-23.8),log_fee_to_value (z=-20.2)
10840,ORD0031863,0.7146,A_bulk,price_vs_product (z=+33.5),log_fee_rate (z=-23.8),log_fee_to_value (z=-22.6)
148136,ORD0023335,0.7146,A_bulk,price_vs_product (z=+32.2),log_fee_rate (z=-20.4),log_fee_to_value (z=-16.8)
137654,ORD0030895,0.7146,A_bulk,price_vs_product (z=+27.5),log_value_ratio (z=+25.1),log_fee_rate (z=-23.8)
93165,ORD0023656,0.7146,A_bulk,log_value_ratio (z=+29.6),price_vs_product (z=+28.9),log_fee_rate (z=-23.4)
50817,ORD0067353,0.7145,A_bulk,log_fee_rate (z=-23.8),price_vs_product (z=+23.0),log_fee_to_value (z=-20.8)
19124,ORD0057021,0.7145,A_bulk,log_value_ratio (z=+25.9),log_fee_rate (z=-18.9),price_vs_product (z=+18.9)
12662,ORD0057936,0.7143,C_ship_lowprice,log_value_ratio (z=-349.7),price_vs_product (z=-18.2),log_fee_rate (z=+9.3)
123057,ORD0088572,0.7142,A_bulk,log_value_ratio (z=+30.2),log_fee_rate (z=-17.1),price_vs_product (z=+16.7)
99782,ORD0051178,0.7142,A_bulk,price_vs_product (z=+23.8),log_fee_rate (z=-23.8),log_fee_to_value (z=-21.8)
52896,ORD0007786,0.7142,B_discount,log_value_ratio (z=+584.7),log_fee_to_value (z=-13.7),log1p_tax_rate (z=+11.3)
28333,ORD0005265,0.7142,A_bulk,price_vs_product (z=+27.0),log_fee_rate (z=-22.3),log_fee_to_value (z=-18.7)
71978,ORD0090638,0.7141,A_bulk,price_vs_product (z=+31.8),log_fee_to_value (z=-24.5),log_fee_rate (z=-23.8)
132710,ORD0044786,0.714,A_bulk,log_fee_rate (z=-23.8),price_vs_product (z=+20.3),log_fee_to_value (z=-20.2)
11673,ORD0088216,0.714,B_discount,log_value_ratio (z=+656.8),log_fee_to_value (z=-15.9),discount_pct (z=+6.7)
138674,ORD0014066,0.7138,A_bulk,price_vs_product (z=+31.9),log_fee_rate (z=-23.8),log_fee_to_value (z=-21.3)
116072,ORD0054400,0.7138,A_bulk,price_vs_product (z=+24.1),log_fee_rate (z=-23.8),log_fee_to_value (z=-23.1)
107001,ORD0089476,0.7138,C_ship_lowprice,log_value_ratio (z=-156.0),price_vs_product (z=-19.1),log1p_tax_rate (z=+17.7)
85733,ORD0077665,0.7137,B_discount,log_value_ratio (z=+508.3),log1p_tax_rate (z=+17.1),log_fee_to_value (z=-10.8)
145350,ORD0060950,0.7137,A_bulk,log_fee_rate (z=-23.4),price_vs_product (z=+20.0),log_fee_to_value (z=-19.5)
88015,ORD0052372,0.7137,A_bulk,price_vs_product (z=+28.7),log_fee_rate (z=-23.8),log_fee_to_value (z=-21.3)
117812,ORD0061244,0.7136,C_ship_lowprice,price_vs_product (z=-27.1),log1p_tax_rate (z=+15.1),log_value_ratio (z=+14.5)
130921,ORD0041287,0.7135,A_bulk,price_vs_product (z=+25.7),log_fee_rate (z=-23.8),log_fee_to_value (z=-21.0)
25369,ORD0076907,0.7135,A_bulk,price_vs_product (z=+29.5),log_fee_rate (z=-23.8),log_fee_to_value (z=-23.3)
113813,ORD0054849,0.7135,B_discount,log_value_ratio (z=+537.5),log_fee_to_value (z=-10.2),log_fee_rate (z=+9.5)
51992,ORD0087911,0.7135,B_discount,log_value_ratio (z=+260.8),log1p_tax_rate (z=+16.3),log_fee_rate (z=+8.7)
61887,ORD0027813,0.7134,A_bulk,log_value_ratio (z=+28.3),log_fee_rate (z=-23.8),price_vs_product (z=+23.4)
89277,ORD0029797,0.7133,A_bulk,log_fee_rate (z=-21.9),log_fee_to_value (z=-18.4),price_vs_product (z=+18.0)
39814,ORD0063419,0.7132,A_bulk,price_vs_product (z=+23.7),log_fee_rate (z=-19.8),log_fee_to_value (z=-16.5)
8622,ORD0039484,0.7132,A_bulk,log_fee_rate (z=-23.8),price_vs_product (z=+21.4),log_fee_to_value (z=-20.2)
109659,ORD0035206,0.7131,B_discount,log_value_ratio (z=+549.7),log_fee_to_value (z=-15.5),log1p_tax_rate (z=+14.0)
27890,ORD0079534,0.7131,B_discount,log_value_ratio (z=+702.7),log_fee_to_value (z=-15.6),discount_pct (z=+7.7)
22625,ORD0012619,0.713,A_bulk,log_fee_rate (z=-22.8),log_fee_to_value (z=-19.2),price_vs_product (z=+18.8)
73314,ORD0039568,0.713,A_bulk,log_value_ratio (z=+32.4),price_vs_product (z=+23.0),log_fee_rate (z=-22.7)
61596,ORD0068411,0.713,A_bulk,price_vs_product (z=+31.1),log_fee_to_value (z=-26.7),log_fee_rate (z=-23.8)
76087,ORD0048863,0.713,A_bulk,price_vs_product (z=+25.9),log_fee_rate (z=-20.0),log_fee_to_value (z=-16.2)
149200,ORD0031576,0.7129,A_bulk,price_vs_product (z=+22.0),log_fee_rate (z=-21.3),log_fee_to_value (z=-17.7)
13059,ORD0047879,0.7129,A_bulk,log_fee_rate (z=-19.2),log_fee_to_value (z=-15.9),price_vs_product (z=+13.4)
31232,ORD0014522,0.7128,C_ship_lowprice,log_value_ratio (z=-212.7),price_vs_product (z=-23.7),log_fee_rate (z=+11.9)
109695,ORD0049506,0.7127,B_discount,log_value_ratio (z=+601.6),log_fee_to_value (z=-14.9),log_fee_rate (z=+9.3)
135455,ORD0040630,0.7127,C_ship_lowprice,log_value_ratio (z=-280.7),price_vs_product (z=-22.2),log_fee_rate (z=+10.9)
144304,ORD0083523,0.7127,A_bulk,log_fee_rate (z=-19.8),log_fee_to_value (z=-16.3),log_quantity (z=+12.4)
148223,ORD0089673,0.7127,A_bulk,price_vs_product (z=+20.5),log_fee_rate (z=-18.4),log_fee_to_value (z=-14.9)
115722,ORD0035711,0.7126,A_bulk,log_value_ratio (z=+21.7),log_fee_rate (z=-21.4),price_vs_product (z=+20.4)
51468,ORD0041712,0.7125,A_bulk,log_fee_rate (z=-18.4),log_fee_to_value (z=-14.7),log_quantity (z=+12.6)
76684,ORD0048157,0.7124,A_bulk,price_vs_product (z=+25.5),log_fee_rate (z=-23.8),log_fee_to_value (z=-22.3)
31949,ORD0059771,0.7124,C_ship_lowprice,log_value_ratio (z=-233.9),price_vs_product (z=-22.4),log_fee_rate (z=+11.5)
65179,ORD0021093,0.7124,A_bulk,price_vs_product (z=+26.3),log_fee_rate (z=-23.8),log_fee_to_value (z=-22.2)
142535,ORD0028296,0.7124,A_bulk,log_value_ratio (z=+38.6),log_fee_rate (z=-16.5),price_vs_product (z=+16.1)
82849,ORD0001878,0.7124,A_bulk,log_value_ratio (z=+27.2),log_fee_rate (z=-23.8),price_vs_product (z=+22.7)
89414,ORD0047095,0.7123,A_bulk,price_vs_product (z=+25.5),log_fee_rate (z=-23.8),log_fee_to_value (z=-22.8)
147734,ORD0048579,0.7122,B_discount,log_value_ratio (z=+536.8),log_fee_to_value (z=-16.7),log1p_tax_rate (z=+13.4)
116185,ORD0052795,0.7121,B_discount,log_value_ratio (z=+417.3),log1p_tax_rate (z=+8.6),log_fee_to_value (z=-8.3)
36540,ORD0073737,0.7119,A_bulk,price_vs_product (z=+25.4),log_fee_to_value (z=-24.1),log_fee_rate (z=-23.8)
135854,ORD0086571,0.7119,A_bulk,log_value_ratio (z=+40.3),price_vs_product (z=+19.4),log_fee_rate (z=-17.0)
11655,ORD0053736,0.7118,A_bulk,price_vs_product (z=+29.3),log_fee_rate (z=-23.8),log_fee_to_value (z=-22.6)
1339,ORD0091101,0.7118,A_bulk,log_fee_rate (z=-23.8),price_vs_product (z=+21.9),log_fee_to_value (z=-20.5)
102532,ORD0045318,0.7118,B_discount,log_value_ratio (z=+628.3),log_fee_to_value (z=-18.9),discount_pct (z=+8.2)
19664,ORD0052102,0.7117,A_bulk,price_vs_product (z=+28.2),log_fee_rate (z=-21.9),log_fee_to_value (z=-18.2)
67169,ORD0044116,0.7117,C_ship_lowprice,price_vs_product (z=-21.6),log1p_tax_rate (z=+20.7),log_value_ratio (z=-20.2)
29838,ORD0043104,0.7117,A_bulk,price_vs_product (z=+27.0),log_fee_rate (z=-23.8),log_fee_to_value (z=-20.1)
149953,ORD0011621,0.7116,A_bulk,price_vs_product (z=+22.3),log_fee_rate (z=-21.7),log_fee_to_value (z=-17.6)
86481,ORD0078784,0.7116,B_discount,log_value_ratio (z=+608.5),log_fee_to_value (z=-13.9),log_fee_rate (z=+9.9)
127630,ORD0059646,0.7116,A_bulk,price_vs_product (z=+25.4),log_fee_rate (z=-23.8),log_fee_to_value (z=-22.4)
118148,ORD0089967,0.7115,A_bulk,log_fee_rate (z=-23.8),price_vs_product (z=+21.0),log_fee_to_value (z=-19.8)
148951,ORD0007944,0.7115,C_ship_lowprice,log_value_ratio (z=-158.3),price_vs_product (z=-30.6),log_fee_rate (z=+15.5)
80440,ORD0007904,0.7114,C_ship_lowprice,log_value_ratio (z=-84.1),price_vs_product (z=-20.6),log1p_tax_rate (z=+16.9)
78814,ORD0040219,0.7114,A_bulk,log_fee_rate (z=-21.5),log_fee_to_value (z=-18.0),price_vs_product (z=+17.0)
38377,ORD0013484,0.7113,A_bulk,price_vs_product (z=+31.5),log_fee_to_value (z=-23.8),log_fee_rate (z=-23.8)
87783,ORD0058590,0.7112,A_bulk,log_value_ratio (z=+25.2),log_fee_rate (z=-23.8),price_vs_product (z=+22.0)
36825,ORD0057176,0.7112,A_bulk,log_value_ratio (z=+23.1),price_vs_product (z=+18.1),log_fee_rate (z=-17.8)
72128,ORD0003183,0.7112,A_bulk,price_vs_product (z=+27.5),log_fee_rate (z=-23.8),log_fee_to_value (z=-20.7)
72403,ORD0038279,0.7111,A_bulk,price_vs_product (z=+25.5),log_fee_rate (z=-23.8),log_fee_to_value (z=-23.5)
106014,ORD0089810,0.7111,A_bulk,log_fee_rate (z=-22.2),price_vs_product (z=+20.1),log_fee_to_value (z=-18.1)
29012,ORD0049997,0.7109,A_bulk,price_vs_product (z=+28.8),log_fee_rate (z=-23.8),log_fee_to_value (z=-21.5)
8817,ORD0073900,0.7108,A_bulk,price_vs_product (z=+24.5),log_fee_rate (z=-22.8),log_fee_to_value (z=-18.8)
35961,ORD0040745,0.7108,B_discount,log_value_ratio (z=+578.7),log_fee_to_value (z=-15.2),log1p_tax_rate (z=+10.7)
92351,ORD0052067,0.7107,A_bulk,price_vs_product (z=+25.4),log_fee_rate (z=-23.8),log_fee_to_value (z=-23.3)
81603,ORD0032980,0.7107,A_bulk,log_fee_rate (z=-22.5),price_vs_product (z=+20.0),log_fee_to_value (z=-18.2)
22742,ORD0021084,0.7106,C_ship_lowprice,log_value_ratio (z=-119.5),price_vs_product (z=-24.9),log1p_tax_rate (z=+12.5)
103441,ORD0050235,0.7106,A_bulk,price_vs_product (z=+29.4),log_fee_to_value (z=-24.2),log_fee_rate (z=-23.8)
3459,ORD0081021,0.7105,C_ship_lowprice,price_vs_product (z=-21.8),log1p_tax_rate (z=+13.9),log_fee_rate (z=+10.6)
70067,ORD0081982,0.7105,A_bulk,price_vs_product (z=+20.4),log_fee_rate (z=-17.7),log_fee_to_value (z=-14.7)
30678,ORD0025444,0.7104,B_discount,log_value_ratio (z=+546.3),log_fee_to_value (z=-12.7),log_fee_rate (z=+9.1)
125231,ORD0052220,0.7104,A_bulk,price_vs_product (z=+32.5),log_fee_rate (z=-23.8),log_fee_to_value (z=-23.3)
30994,ORD0043394,0.7103,C_ship_lowprice,log_value_ratio (z=-111.9),price_vs_product (z=-23.3),log1p_tax_rate (z=+10.7)
44768,ORD0052464,0.7103,C_ship_lowprice,log_value_ratio (z=-84.4),price_vs_product (z=-26.2),log_fee_rate (z=+13.9)
25337,ORD0059862,0.7103,A_bulk,price_vs_product (z=+34.0),log_fee_rate (z=-23.8),log_fee_to_value (z=-21.1)
40399,ORD0054328,0.7103,A_bulk,price_vs_product (z=+26.9),log_fee_rate (z=-23.8),log_fee_to_value (z=-23.6)
138227,ORD0038194,0.7103,A_bulk,price_vs_product (z=+26.9),log_fee_to_value (z=-24.3),log_fee_rate (z=-23.8)
86068,ORD0037643,0.7101,B_discount,log_value_ratio (z=+716.9),log_fee_to_value (z=-16.7),discount_pct (z=+7.7)
35621,ORD0039609,0.7101,C_ship_lowprice,log_value_ratio (z=-129.5),price_vs_product (z=-20.7),log1p_tax_rate (z=+18.5)
105803,ORD0056055,0.7101,A_bulk,log_fee_rate (z=-23.4),log_fee_to_value (z=-19.7),price_vs_product (z=+19.2)
38281,ORD0045009,0.7101,C_ship_lowprice,log_value_ratio (z=-119.0),price_vs_product (z=-22.0),log1p_tax_rate (z=+14.7)
81616,ORD0069774,0.71,A_bulk,price_vs_product (z=+28.9),log_fee_rate (z=-22.4),log_fee_to_value (z=-18.7)
116721,ORD0085840,0.71,A_bulk,price_vs_product (z=+31.3),log_fee_rate (z=-23.8),log_fee_to_value (z=-23.6)
60820,ORD0049485,0.71,A_bulk,price_vs_product (z=+23.3),log_fee_rate (z=-21.5),log_fee_to_value (z=-18.1)
140419,ORD0053874,0.7099,A_bulk,price_vs_product (z=+22.4),log_fee_rate (z=-17.6),log_fee_to_value (z=-14.4)
110878,ORD0055756,0.7099,C_ship_lowprice,log_value_ratio (z=-242.5),price_vs_product (z=-19.4),log1p_tax_rate (z=+11.7)
84275,ORD0059355,0.7098,C_ship_lowprice,log_value_ratio (z=-214.3),price_vs_product (z=-14.8),log1p_tax_rate (z=+12.6)
136847,ORD0024357,0.7098,A_bulk,price_vs_product (z=+27.6),log_fee_to_value (z=-24.7),log_fee_rate (z=-23.8)
51639,ORD0011874,0.7097,A_bulk,log_fee_rate (z=-21.5),log_fee_to_value (z=-17.7),log_quantity (z=+12.7)
80887,ORD0026597,0.7097,A_bulk,price_vs_product (z=+28.3),log_fee_rate (z=-23.8),log_fee_to_value (z=-21.8)
74080,ORD0000787,0.7097,A_bulk,log_value_ratio (z=+22.0),price_vs_product (z=+17.5),log_fee_rate (z=-17.4)
87332,ORD0086276,0.7096,C_ship_lowprice,log_value_ratio (z=-154.0),price_vs_product (z=-19.5),log1p_tax_rate (z=+17.5)
54279,ORD0044724,0.7095,B_discount,log_value_ratio (z=+628.4),log_fee_to_value (z=-14.4),log1p_tax_rate (z=+8.4)
1747,ORD0023349,0.7095,A_bulk,price_vs_product (z=+25.4),log_fee_rate (z=-21.9),log_fee_to_value (z=-18.1)
110180,ORD0068127,0.7095,A_bulk,price_vs_product (z=+31.6),log_fee_rate (z=-21.3),log_fee_to_value (z=-17.6)
131319,ORD0082479,0.7094,B_discount,log_value_ratio (z=+375.4),log1p_tax_rate (z=+15.3),log_fee_rate (z=+9.4)
63313,ORD0032365,0.7093,A_bulk,price_vs_product (z=+25.5),log_fee_rate (z=-20.8),log_fee_to_value (z=-17.4)
12487,ORD0068245,0.7093,A_bulk,price_vs_product (z=+31.5),log_fee_rate (z=-23.8),log_fee_to_value (z=-20.5)
115145,ORD0015214,0.7092,A_bulk,log_fee_rate (z=-23.3),log_fee_to_value (z=-18.9),price_vs_product (z=+16.1)
23271,ORD0052124,0.7092,A_bulk,price_vs_product (z=+30.3),log_fee_rate (z=-23.8),log_fee_to_value (z=-20.9)
41293,ORD0032545,0.7092,C_ship_lowprice,log_value_ratio (z=-162.5),price_vs_product (z=-20.8),log1p_tax_rate (z=+16.9)
108821,ORD0011218,0.709,A_bulk,log_fee_rate (z=-23.8),log_fee_to_value (z=-19.8),price_vs_product (z=+19.7)
76663,ORD0035981,0.709,A_bulk,price_vs_product (z=+28.4),log_fee_rate (z=-23.8),log_fee_to_value (z=-22.9)
44380,ORD0050732,0.709,A_bulk,price_vs_product (z=+29.9),log_fee_rate (z=-23.8),log_fee_to_value (z=-22.4)
92630,ORD0077981,0.709,A_bulk,log_fee_rate (z=-21.0),price_vs_product (z=+20.3),log_fee_to_value (z=-17.3)
18465,ORD0040285,0.7089,B_discount,log_value_ratio (z=+349.0),log1p_tax_rate (z=+15.9),discount_pct (z=+8.4)
114446,ORD0033389,0.7089,A_bulk,price_vs_product (z=+30.9),log_fee_rate (z=-23.8),log_fee_to_value (z=-23.1)
117998,ORD0085105,0.7089,A_bulk,price_vs_product (z=+31.7),log_fee_to_value (z=-24.8),log_fee_rate (z=-23.8)
36735,ORD0016718,0.7089,A_bulk,price_vs_product (z=+24.3),log_fee_rate (z=-22.6),log_fee_to_value (z=-18.5)
139950,ORD0019120,0.7089,A_bulk,log_fee_rate (z=-21.7),price_vs_product (z=+20.3),log_fee_to_value (z=-18.1)
47761,ORD0015935,0.7088,C_ship_lowprice,log_value_ratio (z=-171.5),price_vs_product (z=-20.8),log1p_tax_rate (z=+16.2)
49933,ORD0010471,0.7088,A_bulk,log_fee_rate (z=-23.8),log_fee_to_value (z=-21.3),price_vs_product (z=+18.5)
108364,ORD0021146,0.7087,A_bulk,log_value_ratio (z=+23.4),log_fee_rate (z=-20.6),price_vs_product (z=+18.4)
56407,ORD0062757,0.7087,A_bulk,price_vs_product (z=+24.3),log_fee_rate (z=-22.7),log_fee_to_value (z=-18.7)
76774,ORD0002116,0.7087,A_bulk,log_value_ratio (z=+33.4),price_vs_product (z=+24.9),log_fee_rate (z=-23.8)
25720,ORD0003228,0.7087,B_discount,log_value_ratio (z=+642.3),log_fee_to_value (z=-14.6),log_fee_rate (z=+10.8)
19655,ORD0041449,0.7087,A_bulk,log_fee_rate (z=-18.2),log_fee_to_value (z=-14.9),price_vs_product (z=+14.8)
91341,ORD0062476,0.7087,A_bulk,price_vs_product (z=+29.9),log_fee_rate (z=-22.1),log_fee_to_value (z=-18.2)
140409,ORD0076913,0.7087,A_bulk,log_value_ratio (z=+28.6),log_fee_rate (z=-23.8),price_vs_product (z=+23.7)
104417,ORD0047696,0.7086,C_ship_lowprice,log_value_ratio (z=-400.8),price_vs_product (z=-15.1),log_shipping (z=+8.4)
68991,ORD0044382,0.7086,E_newacct_value,log_value_ratio (z=+574.0),log_fee_to_value (z=-17.1),log_acct_age (z=-8.9)
132708,ORD0023882,0.7086,A_bulk,log_fee_rate (z=-22.8),log_fee_to_value (z=-19.1),price_vs_product (z=+16.2)
53719,ORD0009425,0.7085,B_discount,log_value_ratio (z=+456.4),log1p_tax_rate (z=+16.7),log_fee_to_value (z=-9.5)
123514,ORD0039135,0.7085,A_bulk,log_fee_rate (z=-23.8),price_vs_product (z=+21.7),log_fee_to_value (z=-21.6)
103513,ORD0073118,0.7084,A_bulk,log_fee_rate (z=-23.8),price_vs_product (z=+23.0),log_fee_to_value (z=-21.9)
133392,ORD0078448,0.7084,A_bulk,log_value_ratio (z=+29.3),log_fee_rate (z=-22.7),log_fee_to_value (z=-19.6)
89978,ORD0073657,0.7083,A_bulk,log_fee_rate (z=-23.1),log_fee_to_value (z=-19.5),price_vs_product (z=+19.3)
55503,ORD0086373,0.7082,A_bulk,price_vs_product (z=+24.0),log_fee_rate (z=-23.8),log_fee_to_value (z=-19.9)
108337,ORD0045410,0.7082,B_discount,log_value_ratio (z=+650.6),log_fee_to_value (z=-19.2),discount_pct (z=+7.5)
81581,ORD0087036,0.7082,A_bulk,log_value_ratio (z=+18.9),price_vs_product (z=+13.6),log_fee_rate (z=-12.2)
129369,ORD0047283,0.7081,A_bulk,log_fee_rate (z=-20.2),log_fee_to_value (z=-16.8),price_vs_product (z=+11.8)
135271,ORD0064148,0.7081,A_bulk,log_fee_rate (z=-23.0),log_fee_to_value (z=-19.2),price_vs_product (z=+17.8)
43925,ORD0028755,0.7081,A_bulk,log_fee_rate (z=-18.9),log_fee_to_value (z=-15.7),price_vs_product (z=+15.4)
26006,ORD0067632,0.708,C_ship_lowprice,log_value_ratio (z=-89.2),price_vs_product (z=-24.3),log1p_tax_rate (z=+12.7)
50172,ORD0055192,0.7079,A_bulk,log_fee_rate (z=-20.9),price_vs_product (z=+18.3),log_fee_to_value (z=-17.0)
48131,ORD0037700,0.7079,A_bulk,price_vs_product (z=+29.1),log_fee_rate (z=-23.8),log_fee_to_value (z=-23.4)
85307,ORD0023812,0.7079,B_discount,log_value_ratio (z=+579.9),log_fee_to_value (z=-16.6),log1p_tax_rate (z=+10.5)
5647,ORD0001572,0.7079,A_bulk,log_fee_rate (z=-23.8),log_fee_to_value (z=-21.7),price_vs_product (z=+20.6)
55601,ORD0004162,0.7078,A_bulk,log_fee_rate (z=-23.0),price_vs_product (z=+20.9),log_fee_to_value (z=-18.6)
20390,ORD0068894,0.7077,A_bulk,log_fee_rate (z=-20.5),price_vs_product (z=+18.1),log_fee_to_value (z=-17.3)
147650,ORD0045237,0.7077,B_discount,log_value_ratio (z=+713.5),log_fee_to_value (z=-17.9),discount_pct (z=+6.3)
44890,ORD0065744,0.7077,C_ship_lowprice,log_value_ratio (z=-246.7),price_vs_product (z=-18.7),log1p_tax_rate (z=+13.3)
38982,ORD0026746,0.7076,A_bulk,price_vs_product (z=+27.2),log_fee_rate (z=-23.8),log_fee_to_value (z=-22.4)
62925,ORD0003927,0.7075,A_bulk,price_vs_product (z=+26.5),log_fee_rate (z=-21.4),log_fee_to_value (z=-17.6)
13605,ORD0046379,0.7075,A_bulk,log_fee_rate (z=-22.3),log_fee_to_value (z=-18.1),price_vs_product (z=+15.4)
37751,ORD0008586,0.7075,A_bulk,price_vs_product (z=+27.9),log_fee_rate (z=-23.8),log_fee_to_value (z=-21.0)
142010,ORD0050839,0.7075,A_bulk,log_value_ratio (z=+28.7),price_vs_product (z=+25.6),log_fee_rate (z=-23.5)
25031,ORD0012980,0.7073,A_bulk,price_vs_product (z=+25.0),log_fee_rate (z=-23.8),log_fee_to_value (z=-20.8)
2517,ORD0013898,0.7073,A_bulk,log_fee_rate (z=-19.2),price_vs_product (z=+16.5),log_fee_to_value (z=-15.9)
123868,ORD0032940,0.7073,A_bulk,price_vs_product (z=+26.9),log_fee_rate (z=-23.8),log_fee_to_value (z=-22.4)
78721,ORD0016244,0.7072,A_bulk,log_fee_rate (z=-21.1),price_vs_product (z=+19.7),log_fee_to_value (z=-17.4)
142327,ORD0067773,0.7072,A_bulk,price_vs_product (z=+27.5),log_fee_to_value (z=-24.8),log_fee_rate (z=-23.8)
130528,ORD0044136,0.7071,A_bulk,log_fee_rate (z=-23.8),price_vs_product (z=+22.5),log_fee_to_value (z=-21.2)
138457,ORD0033585,0.7071,A_bulk,log_fee_rate (z=-19.1),log_fee_to_value (z=-15.7),log_quantity (z=+11.0)
30020,ORD0064536,0.707,A_bulk,price_vs_product (z=+27.2),log_fee_to_value (z=-24.3),log_fee_rate (z=-23.8)
131658,ORD0020294,0.707,C_ship_lowprice,log_value_ratio (z=-83.8),price_vs_product (z=-20.1),log1p_tax_rate (z=+16.3)
138582,ORD0051110,0.707,C_ship_lowprice,log_value_ratio (z=-223.7),price_vs_product (z=-19.9),log1p_tax_rate (z=+12.8)
92867,ORD0007320,0.707,A_bulk,price_vs_product (z=+24.6),log_fee_rate (z=-21.5),log_fee_to_value (z=-17.6)
8753,ORD0068812,0.7068,A_bulk,log_fee_rate (z=-23.6),log_fee_to_value (z=-19.7),price_vs_product (z=+19.6)
7285,ORD0086888,0.7068,A_bulk,price_vs_product (z=+24.4),log_fee_rate (z=-23.8),log_fee_to_value (z=-21.6)
50940,ORD0024653,0.7068,A_bulk,price_vs_product (z=+28.7),log_fee_rate (z=-23.8),log_fee_to_value (z=-22.2)
34545,ORD0011023,0.7068,A_bulk,price_vs_product (z=+28.5),log_fee_rate (z=-22.0),log_fee_to_value (z=-18.2)
92427,ORD0053641,0.7067,A_bulk,log_value_ratio (z=+31.3),log_fee_rate (z=-23.8),log_fee_to_value (z=-22.2)
51637,ORD0006300,0.7067,A_bulk,price_vs_product (z=+25.8),log_fee_rate (z=-23.8),log_fee_to_value (z=-23.3)
56011,ORD0068648,0.7065,A_bulk,price_vs_product (z=+27.0),log_fee_rate (z=-23.8),log_fee_to_value (z=-22.7)
93598,ORD0024413,0.7063,A_bulk,log_fee_rate (z=-21.1),log_fee_to_value (z=-17.6),price_vs_product (z=+14.2)
14652,ORD0019600,0.7062,A_bulk,price_vs_product (z=+22.8),log_fee_rate (z=-19.9),log_fee_to_value (z=-16.5)
53945,ORD0010411,0.7062,B_discount,log_value_ratio (z=+574.5),log_fee_to_value (z=-14.2),log1p_tax_rate (z=+12.8)
22784,ORD0067719,0.7062,A_bulk,price_vs_product (z=+25.7),log_fee_rate (z=-23.8),log_fee_to_value (z=-20.4)
105941,ORD0008944,0.7062,A_bulk,log_fee_rate (z=-23.8),log_fee_to_value (z=-21.1),price_vs_product (z=+20.3)
47079,ORD0048865,0.7062,C_ship_lowprice,log_value_ratio (z=-164.5),price_vs_product (z=-20.3),log1p_tax_rate (z=+12.5)
70326,ORD0015479,0.7062,A_bulk,log_value_ratio (z=+29.4),price_vs_product (z=+27.8),log_fee_rate (z=-23.8)
32678,ORD0055589,0.7061,B_discount,log_value_ratio (z=+656.0),log_fee_to_value (z=-16.4),log_fee_rate (z=+9.8)
67983,ORD0074092,0.7061,C_ship_lowprice,log_value_ratio (z=-140.5),price_vs_product (z=-23.8),log1p_tax_rate (z=+14.2)
83467,ORD0057009,0.7061,A_bulk,price_vs_product (z=+24.9),log_fee_rate (z=-22.5),log_fee_to_value (z=-18.3)
111912,ORD0056836,0.706,A_bulk,price_vs_product (z=+19.8),log_fee_rate (z=-19.3),log_fee_to_value (z=-15.9)
29990,ORD0027119,0.706,A_bulk,log_fee_rate (z=-21.8),price_vs_product (z=+19.9),log_fee_to_value (z=-18.0)
61120,ORD0063631,0.7059,A_bulk,log_fee_rate (z=-23.8),log_fee_to_value (z=-21.5),price_vs_product (z=+20.6)
40257,ORD0029584,0.7058,A_bulk,log_fee_rate (z=-19.2),price_vs_product (z=+16.0),log_fee_to_value (z=-15.5)
105652,ORD0006348,0.7057,A_bulk,log_fee_rate (z=-23.2),log_fee_to_value (z=-19.4),price_vs_product (z=+16.9)
122081,ORD0003558,0.7057,A_bulk,price_vs_product (z=+25.5),log_fee_rate (z=-22.7),log_fee_to_value (z=-18.9)
47574,ORD0077471,0.7056,A_bulk,price_vs_product (z=+22.2),log_fee_rate (z=-19.9),log_fee_to_value (z=-16.0)
11246,ORD0019720,0.7056,A_bulk,log_fee_rate (z=-19.1),price_vs_product (z=+16.2),log_fee_to_value (z=-16.0)
86770,ORD0061978,0.7056,A_bulk,log_value_ratio (z=+29.7),log_fee_rate (z=-23.8),price_vs_product (z=+22.5)
122955,ORD0026314,0.7054,C_ship_lowprice,log_value_ratio (z=-79.2),price_vs_product (z=-20.7),log1p_tax_rate (z=+13.0)
143257,ORD0072930,0.7054,A_bulk,log_fee_rate (z=-20.4),price_vs_product (z=+18.5),log_fee_to_value (z=-16.7)
92185,ORD0046852,0.7054,A_bulk,log_fee_rate (z=-23.8),log_fee_to_value (z=-20.1),price_vs_product (z=+19.0)
13293,ORD0039831,0.7054,E_newacct_value,log_value_ratio (z=+562.5),log_fee_to_value (z=-15.4),log_acct_age (z=-8.9)
140297,ORD0055807,0.7053,A_bulk,price_vs_product (z=+26.7),log_fee_rate (z=-23.8),log_fee_to_value (z=-22.6)
6775,ORD0091371,0.7053,A_bulk,log_fee_rate (z=-21.6),price_vs_product (z=+19.7),log_value_ratio (z=+18.7)
7795,ORD0057547,0.7053,A_bulk,log_fee_rate (z=-23.7),log_fee_to_value (z=-19.3),price_vs_product (z=+17.6)
41794,ORD0004165,0.7051,A_bulk,log_fee_rate (z=-23.8),price_vs_product (z=+23.6),log_fee_to_value (z=-21.1)
81633,ORD0045765,0.7051,B_discount,log_value_ratio (z=+558.0),log_fee_to_value (z=-13.0),log1p_tax_rate (z=+11.6)
11556,ORD0077674,0.7051,A_bulk,price_vs_product (z=+32.5),log_fee_rate (z=-23.8),log_fee_to_value (z=-23.4)
32583,ORD0008803,0.705,A_bulk,price_vs_product (z=+25.8),log_fee_rate (z=-23.8),log_fee_to_value (z=-23.4)
121332,ORD0034258,0.705,A_bulk,log_value_ratio (z=+23.1),log_fee_rate (z=-20.5),price_vs_product (z=+19.1)
93070,ORD0049502,0.705,C_ship_lowprice,log_value_ratio (z=-274.5),price_vs_product (z=-18.4),log_fee_rate (z=+10.1)
149727,ORD0057052,0.705,A_bulk,price_vs_product (z=+22.6),log_fee_rate (z=-21.5),log_fee_to_value (z=-17.8)
96254,ORD0046043,0.7049,C_ship_lowprice,log_value_ratio (z=-137.3),price_vs_product (z=-26.2),log_fee_rate (z=+12.3)
22238,ORD0039343,0.7048,A_bulk,price_vs_product (z=+25.9),log_fee_rate (z=-23.8),log_fee_to_value (z=-20.4)
71998,ORD0060669,0.7048,B_discount,log_value_ratio (z=+525.9),log1p_tax_rate (z=+12.2),log_fee_to_value (z=-11.6)
125838,ORD0064705,0.7047,A_bulk,price_vs_product (z=+23.4),log_fee_rate (z=-19.0),log_fee_to_value (z=-15.8)
436,ORD0012187,0.7047,B_discount,log_value_ratio (z=+560.8),log_fee_to_value (z=-13.0),log_fee_rate (z=+9.2)
55455,ORD0048320,0.7047,B_discount,log_value_ratio (z=+628.0),log_fee_to_value (z=-15.0),discount_pct (z=+7.1)
31865,ORD0091765,0.7046,A_bulk,price_vs_product (z=+25.6),log_fee_rate (z=-23.8),log_fee_to_value (z=-22.7)
12863,ORD0062932,0.7046,A_bulk,log_fee_rate (z=-20.5),log_fee_to_value (z=-16.8),price_vs_product (z=+16.1)
38590,ORD0070052,0.7046,A_bulk,price_vs_product (z=+27.6),log_fee_rate (z=-23.8),log_fee_to_value (z=-20.2)
131549,ORD0049022,0.7045,B_discount,log_value_ratio (z=+572.7),log_fee_to_value (z=-15.3),log_fee_rate (z=+9.1)
11195,ORD0049039,0.7044,A_bulk,log_fee_rate (z=-23.8),price_vs_product (z=+22.7),log_fee_to_value (z=-20.4)
129343,ORD0045171,0.7044,A_bulk,log_fee_rate (z=-17.6),log_fee_to_value (z=-14.6),price_vs_product (z=+11.5)
147782,ORD0022897,0.7044,A_bulk,price_vs_product (z=+22.3),log_fee_rate (z=-22.0),log_fee_to_value (z=-18.5)
115808,ORD0054844,0.7044,A_bulk,log_fee_rate (z=-22.5),log_value_ratio (z=+20.1),price_vs_product (z=+19.9)
40095,ORD0020750,0.7043,A_bulk,price_vs_product (z=+32.0),log_fee_rate (z=-23.8),log_fee_to_value (z=-23.3)
116228,ORD0077573,0.7042,B_discount,log_value_ratio (z=+540.2),log_fee_to_value (z=-13.5),discount_pct (z=+8.1)
22086,ORD0085047,0.7042,C_ship_lowprice,log_value_ratio (z=-101.1),price_vs_product (z=-19.1),log1p_tax_rate (z=+13.6)
38926,ORD0051761,0.7042,A_bulk,log_fee_rate (z=-23.6),price_vs_product (z=+21.2),log_fee_to_value (z=-19.4)
78368,ORD0090311,0.7041,A_bulk,log_fee_rate (z=-18.0),log_fee_to_value (z=-14.7),log_quantity (z=+12.8)
8560,ORD0028866,0.7041,A_bulk,price_vs_product (z=+19.8),log_fee_rate (z=-19.6),log_fee_to_value (z=-16.3)
111230,ORD0085771,0.704,A_bulk,price_vs_product (z=+21.1),log_fee_rate (z=-20.0),log_fee_to_value (z=-16.4)
16144,ORD0011849,0.704,A_bulk,log_fee_rate (z=-18.6),log_fee_to_value (z=-15.6),price_vs_product (z=+15.5)
18741,ORD0086614,0.704,C_ship_lowprice,log_value_ratio (z=+80.7),price_vs_product (z=-29.9),log_fee_rate (z=+15.4)
69984,ORD0002821,0.704,A_bulk,price_vs_product (z=+25.9),log_fee_rate (z=-23.2),log_fee_to_value (z=-19.1)
29630,ORD0081375,0.704,C_ship_lowprice,price_vs_product (z=-20.2),log1p_tax_rate (z=+16.7),log_fee_rate (z=+10.9)
8584,ORD0010760,0.7039,B_discount,log_value_ratio (z=+470.6),log1p_tax_rate (z=+10.7),log_fee_to_value (z=-10.3)
26847,ORD0013119,0.7039,A_bulk,price_vs_product (z=+25.8),log_fee_rate (z=-23.7),log_fee_to_value (z=-20.0)
8387,ORD0068378,0.7039,A_bulk,log_fee_rate (z=-23.8),log_fee_to_value (z=-21.6),price_vs_product (z=+20.1)
104529,ORD0050644,0.7037,C_ship_lowprice,log_value_ratio (z=-201.0),price_vs_product (z=-22.1),log1p_tax_rate (z=+14.5)
6677,ORD0090391,0.7037,A_bulk,log_fee_rate (z=-19.7),price_vs_product (z=+19.2),log_fee_to_value (z=-16.0)
65607,ORD0064157,0.7037,C_ship_lowprice,log_value_ratio (z=-219.3),price_vs_product (z=-18.3),log1p_tax_rate (z=+15.6)
139551,ORD0071562,0.7036,A_bulk,log_fee_rate (z=-23.8),price_vs_product (z=+22.4),log_fee_to_value (z=-20.1)
35019,ORD0044221,0.7036,A_bulk,log_fee_rate (z=-20.7),price_vs_product (z=+20.6),log_fee_to_value (z=-17.5)
94838,ORD0027815,0.7035,A_bulk,log_fee_rate (z=-20.8),log_fee_to_value (z=-17.3),log_quantity (z=+12.3)
44471,ORD0073006,0.7035,A_bulk,log_fee_rate (z=-20.6),log_fee_to_value (z=-17.0),price_vs_product (z=+13.1)
138839,ORD0025865,0.7035,A_bulk,price_vs_product (z=+21.0),log_fee_rate (z=-20.8),log_fee_to_value (z=-17.3)
37162,ORD0077493,0.7035,A_bulk,log_fee_rate (z=-23.8),log_fee_to_value (z=-20.3),price_vs_product (z=+20.1)
18020,ORD0037746,0.7034,A_bulk,price_vs_product (z=+28.1),log_fee_rate (z=-23.8),log_fee_to_value (z=-22.4)
133527,ORD0084740,0.7034,A_bulk,log_fee_rate (z=-23.8),log_fee_to_value (z=-20.7),price_vs_product (z=+19.2)
53080,ORD0075915,0.7034,A_bulk,price_vs_product (z=+30.2),log_fee_rate (z=-23.8),log_fee_to_value (z=-23.0)
80017,ORD0066277,0.7033,C_ship_lowprice,log_value_ratio (z=-45.1),price_vs_product (z=-21.8),log1p_tax_rate (z=+16.4)
136254,ORD0028796,0.7033,C_ship_lowprice,log_value_ratio (z=-223.1),price_vs_product (z=-20.3),log1p_tax_rate (z=+10.8)
40239,ORD0065723,0.7032,C_ship_lowprice,log_value_ratio (z=-151.0),price_vs_product (z=-19.2),log1p_tax_rate (z=+15.9)
124134,ORD0068936,0.7032,C_ship_lowprice,log_value_ratio (z=-174.5),price_vs_product (z=-21.1),log_fee_rate (z=+10.7)
38022,ORD0054936,0.7032,A_bulk,price_vs_product (z=+28.4),log_fee_rate (z=-23.7),log_fee_to_value (z=-19.5)
103589,ORD0043436,0.7031,A_bulk,log_fee_rate (z=-19.7),price_vs_product (z=+16.6),log_fee_to_value (z=-16.4)
2575,ORD0071992,0.7031,A_bulk,price_vs_product (z=+27.9),log_fee_rate (z=-23.8),log_fee_to_value (z=-22.9)
79850,ORD0077629,0.7029,B_discount,log_value_ratio (z=+624.2),log_fee_to_value (z=-11.4),log_fee_rate (z=+8.2)
11687,ORD0011907,0.7029,C_ship_lowprice,log_value_ratio (z=-220.8),price_vs_product (z=-16.5),log1p_tax_rate (z=+8.6)
44747,ORD0017105,0.7028,B_discount,log_value_ratio (z=+575.0),log_fee_to_value (z=-17.0),discount_pct (z=+7.6)
135970,ORD0067694,0.7027,A_bulk,price_vs_product (z=+22.6),log_fee_rate (z=-21.4),log_fee_to_value (z=-17.9)
4403,ORD0017703,0.7027,A_bulk,log_fee_rate (z=-22.0),price_vs_product (z=+20.7),log_fee_to_value (z=-18.2)
136124,ORD0005007,0.7026,A_bulk,price_vs_product (z=+24.0),log_fee_rate (z=-23.8),log_fee_to_value (z=-20.8)
14321,ORD0011274,0.7025,B_discount,log_value_ratio (z=+107.5),log1p_tax_rate (z=+14.8),log_fee_rate (z=+9.6)
70820,ORD0026296,0.7025,B_discount,log_value_ratio (z=+484.6),log_fee_to_value (z=-15.2),discount_pct (z=+7.9)
58192,ORD0091238,0.7025,A_bulk,log_fee_rate (z=-18.7),price_vs_product (z=+16.7),log_fee_to_value (z=-15.1)
101829,ORD0073428,0.7024,B_discount,log_value_ratio (z=+535.6),log_fee_to_value (z=-17.2),discount_pct (z=+7.8)
75431,ORD0034441,0.7023,A_bulk,log_fee_rate (z=-22.1),log_fee_to_value (z=-18.3),price_vs_product (z=+16.3)
6041,ORD0076844,0.7022,C_ship_lowprice,log_value_ratio (z=-310.3),price_vs_product (z=-16.1),log1p_tax_rate (z=+13.3)
107454,ORD0062291,0.7021,A_bulk,log_fee_rate (z=-22.5),price_vs_product (z=+20.2),log_fee_to_value (z=-18.6)
50356,ORD0085543,0.7021,A_bulk,log_fee_rate (z=-20.9),log_fee_to_value (z=-17.2),log_quantity (z=+12.8)
37231,ORD0035619,0.7021,A_bulk,log_fee_rate (z=-23.8),log_fee_to_value (z=-20.9),price_vs_product (z=+18.6)
32477,ORD0011985,0.7021,A_bulk,price_vs_product (z=+26.5),log_fee_rate (z=-23.8),log_fee_to_value (z=-23.4)
24461,ORD0074118,0.702,A_bulk,price_vs_product (z=+27.1),log_fee_rate (z=-23.8),log_fee_to_value (z=-22.7)
117653,ORD0074222,0.702,B_discount,log_value_ratio (z=+570.1),log_fee_to_value (z=-16.8),discount_pct (z=+8.3)
71828,ORD0068893,0.702,C_ship_lowprice,log_value_ratio (z=-488.6),log_shipping (z=+7.9),price_vs_product (z=+7.2)
139578,ORD0069837,0.7019,B_discount,log_value_ratio (z=+624.8),log_fee_to_value (z=-15.9),discount_pct (z=+6.9)
134467,ORD0073719,0.7019,E_newacct_value,log_value_ratio (z=+553.0),log_fee_to_value (z=-16.5),log_acct_age (z=-8.9)
77499,ORD0064529,0.7019,B_discount,log_value_ratio (z=+642.3),log_fee_to_value (z=-15.0),discount_pct (z=+8.4)
18211,ORD0003912,0.7018,C_ship_lowprice,log_value_ratio (z=-198.5),price_vs_product (z=-23.0),log_fee_rate (z=+12.2)
69613,ORD0047781,0.7018,A_bulk,log_fee_rate (z=-23.8),log_fee_to_value (z=-20.9),price_vs_product (z=+19.8)
65108,ORD0002358,0.7017,B_discount,log_value_ratio (z=+549.4),log_fee_to_value (z=-10.5),log_fee_rate (z=+9.3)
37339,ORD0053690,0.7017,A_bulk,log_value_ratio (z=+21.6),log_fee_rate (z=-21.3),log_fee_to_value (z=-18.2)
116387,ORD0020064,0.7016,A_bulk,log_fee_rate (z=-23.8),price_vs_product (z=+23.4),log_fee_to_value (z=-21.6)
42333,ORD0009194,0.7014,A_bulk,log_fee_rate (z=-23.0),price_vs_product (z=+21.3),log_fee_to_value (z=-18.7)
92357,ORD0038950,0.7014,A_bulk,price_vs_product (z=+24.5),log_fee_rate (z=-23.5),log_fee_to_value (z=-19.2)
63069,ORD0063052,0.7013,B_discount,log_value_ratio (z=+359.3),log_fee_rate (z=+10.5),discount_pct (z=+8.5)
10752,ORD0063311,0.7012,A_bulk,log_fee_rate (z=-22.4),price_vs_product (z=+22.1),log_fee_to_value (z=-18.3)
6525,ORD0062283,0.7012,A_bulk,price_vs_product (z=+28.0),log_fee_rate (z=-23.8),log_fee_to_value (z=-21.3)
82845,ORD0047666,0.7011,A_bulk,log_fee_rate (z=-22.9),log_fee_to_value (z=-18.8),price_vs_product (z=+18.0)
27093,ORD0016466,0.7011,C_ship_lowprice,log_value_ratio (z=-165.6),price_vs_product (z=-20.2),log_fee_rate (z=+8.9)
33085,ORD0069859,0.7011,A_bulk,price_vs_product (z=+23.2),log_fee_rate (z=-19.5),log_fee_to_value (z=-15.7)
88784,ORD0027766,0.7009,A_bulk,log_fee_rate (z=-17.8),log_fee_to_value (z=-14.6),price_vs_product (z=+12.8)
133212,ORD0028683,0.7009,B_discount,log_value_ratio (z=+664.6),log_fee_to_value (z=-16.5),discount_pct (z=+8.0)
81799,ORD0028683,0.7009,B_discount,log_value_ratio (z=+664.6),log_fee_to_value (z=-16.5),discount_pct (z=+8.0)
20041,ORD0011479,0.7009,A_bulk,log_fee_rate (z=-23.4),price_vs_product (z=+20.3),log_fee_to_value (z=-19.8)
126137,ORD0045892,0.7008,B_discount,log_value_ratio (z=+403.2),log1p_tax_rate (z=+12.7),log_fee_rate (z=+8.7)
83640,ORD0025632,0.7008,A_bulk,price_vs_product (z=+24.0),log_fee_rate (z=-22.8),log_fee_to_value (z=-19.2)
87098,ORD0004037,0.7008,A_bulk,price_vs_product (z=+30.5),log_fee_rate (z=-23.8),log_fee_to_value (z=-22.6)
77376,ORD0075873,0.7007,A_bulk,price_vs_product (z=+29.1),log_fee_rate (z=-21.9),log_fee_to_value (z=-18.1)
42774,ORD0016385,0.7007,B_discount,log_value_ratio (z=+467.7),log_fee_to_value (z=-10.3),log1p_tax_rate (z=+8.9)
26714,ORD0055818,0.7005,A_bulk,price_vs_product (z=+22.9),log_fee_rate (z=-22.4),log_fee_to_value (z=-18.2)
32762,ORD0058641,0.7005,A_bulk,log_value_ratio (z=+35.0),log_fee_rate (z=-17.5),log_fee_to_value (z=-15.3)
36054,ORD0021656,0.7005,A_bulk,log_fee_rate (z=-19.3),log_fee_to_value (z=-16.0),price_vs_product (z=+13.3)
93588,ORD0057139,0.7003,A_bulk,price_vs_product (z=+28.1),log_fee_to_value (z=-24.0),log_fee_rate (z=-23.8)
68515,ORD0042360,0.7002,A_bulk,log_fee_rate (z=-23.4),price_vs_product (z=+22.3),log_fee_to_value (z=-19.0)
143313,ORD0075908,0.7002,C_ship_lowprice,log_value_ratio (z=-207.4),price_vs_product (z=-17.6),log1p_tax_rate (z=+12.3)
96680,ORD0026044,0.7002,C_ship_lowprice,log_value_ratio (z=-146.5),price_vs_product (z=-19.8),log1p_tax_rate (z=+17.0)
127980,ORD0077781,0.7001,A_bulk,price_vs_product (z=+28.5),log_fee_to_value (z=-24.2),log_fee_rate (z=-23.8)
82370,ORD0049768,0.7,A_bulk,log_fee_rate (z=-22.1),log_fee_to_value (z=-18.2),price_vs_product (z=+14.9)
135031,ORD0017342,0.7,A_bulk,log_fee_rate (z=-21.8),log_fee_to_value (z=-18.3),price_vs_product (z=+16.4)
63052,ORD0003394,0.7,A_bulk,price_vs_product (z=+24.2),log_fee_rate (z=-23.8),log_fee_to_value (z=-23.4)
90573,ORD0001443,0.6999,A_bulk,price_vs_product (z=+30.7),log_fee_rate (z=-23.8),log_fee_to_value (z=-20.7)
43251,ORD0029154,0.6998,B_discount,log_value_ratio (z=+391.7),log_fee_rate (z=+8.5),discount_pct (z=+8.4)
114242,ORD0057862,0.6998,C_ship_lowprice,log_value_ratio (z=-278.6),price_vs_product (z=-16.1),log1p_tax_rate (z=+12.5)
95055,ORD0030065,0.6997,A_bulk,log_fee_rate (z=-17.6),log_fee_to_value (z=-14.2),price_vs_product (z=+13.3)
69746,ORD0019231,0.6997,A_bulk,price_vs_product (z=+21.7),log_fee_rate (z=-20.8),log_fee_to_value (z=-17.5)
78838,ORD0023195,0.6996,B_discount,log_value_ratio (z=+557.7),log_fee_to_value (z=-12.2),log1p_tax_rate (z=+12.1)
65579,ORD0075196,0.6996,B_discount,log_value_ratio (z=+541.1),log_fee_to_value (z=-18.2),discount_pct (z=+8.0)
108560,ORD0029290,0.6996,A_bulk,price_vs_product (z=+20.8),log_fee_rate (z=-17.2),log_fee_to_value (z=-13.9)
118286,ORD0007032,0.6996,C_ship_lowprice,price_vs_product (z=-28.4),log_fee_rate (z=+14.7),log1p_tax_rate (z=+10.7)
124745,ORD0074511,0.6993,C_ship_lowprice,log_value_ratio (z=-217.9),price_vs_product (z=-18.3),log1p_tax_rate (z=+13.1)
95827,ORD0020197,0.6993,A_bulk,log_fee_rate (z=-23.7),log_fee_to_value (z=-19.7),price_vs_product (z=+19.4)
143201,ORD0036590,0.6992,A_bulk,log_fee_rate (z=-21.1),log_fee_to_value (z=-17.4),price_vs_product (z=+15.1)
69204,ORD0064029,0.6992,C_ship_lowprice,log_value_ratio (z=-209.7),price_vs_product (z=-17.9),log1p_tax_rate (z=+15.4)
42321,ORD0007228,0.6992,A_bulk,price_vs_product (z=+27.7),log_fee_rate (z=-23.8),log_fee_to_value (z=-22.4)
115552,ORD0084747,0.6991,A_bulk,log_value_ratio (z=+19.3),log_fee_rate (z=-19.2),log_fee_to_value (z=-16.3)
56721,ORD0009374,0.6991,C_ship_lowprice,log_value_ratio (z=-285.7),price_vs_product (z=-17.7),log_fee_rate (z=+10.1)
13641,ORD0050937,0.699,B_discount,log_value_ratio (z=+467.0),log1p_tax_rate (z=+9.6),log_fee_to_value (z=-8.4)
97556,ORD0078148,0.699,E_newacct_value,log_value_ratio (z=+571.3),log_fee_to_value (z=-17.0),log_acct_age (z=-8.1)
114704,ORD0052238,0.6989,A_bulk,price_vs_product (z=+22.6),log_fee_rate (z=-22.4),log_fee_to_value (z=-18.6)
115047,ORD0060957,0.6989,C_ship_lowprice,log_value_ratio (z=-112.1),price_vs_product (z=-21.8),log_fee_rate (z=+11.1)
3200,ORD0071109,0.6989,C_ship_lowprice,log_value_ratio (z=-110.5),price_vs_product (z=-17.6),log1p_tax_rate (z=+13.2)
15125,ORD0040411,0.6987,B_discount,log_value_ratio (z=+588.6),log_fee_to_value (z=-13.2),discount_pct (z=+6.8)
50985,ORD0056240,0.6986,A_bulk,price_vs_product (z=+24.9),log_fee_rate (z=-23.8),log_fee_to_value (z=-19.9)
27300,ORD0088352,0.6985,C_ship_lowprice,log_value_ratio (z=-164.6),price_vs_product (z=-19.1),log_fee_rate (z=+10.5)
110251,ORD0031542,0.6982,A_bulk,price_vs_product (z=+24.4),log_fee_rate (z=-23.8),log_fee_to_value (z=-20.2)
13478,ORD0044921,0.6982,B_discount,log_value_ratio (z=+519.0),log1p_tax_rate (z=+12.9),log_fee_to_value (z=-10.9)
119025,ORD0029858,0.6982,B_discount,log_value_ratio (z=+386.5),log1p_tax_rate (z=+12.1),discount_pct (z=+8.3)
126694,ORD0040816,0.6982,A_bulk,price_vs_product (z=+25.9),log_fee_rate (z=-23.8),log_value_ratio (z=+23.3)
21923,ORD0072953,0.6982,A_bulk,log_fee_rate (z=-23.2),price_vs_product (z=+20.3),log_fee_to_value (z=-19.5)
112648,ORD0020360,0.6981,C_ship_lowprice,log_value_ratio (z=-164.1),price_vs_product (z=-18.7),log1p_tax_rate (z=+13.3)
72875,ORD0076446,0.6981,A_bulk,log_fee_rate (z=-20.3),log_fee_to_value (z=-16.9),price_vs_product (z=+13.3)
32942,ORD0080788,0.6981,B_discount,log_value_ratio (z=+294.9),log1p_tax_rate (z=+10.4),log_fee_rate (z=+9.1)
60345,ORD0056831,0.6981,A_bulk,price_vs_product (z=+28.1),log_fee_rate (z=-23.8),log_fee_to_value (z=-20.8)
26347,ORD0057245,0.698,A_bulk,log_fee_rate (z=-23.2),log_fee_to_value (z=-19.1),price_vs_product (z=+18.2)
90544,ORD0072784,0.698,A_bulk,log_fee_rate (z=-20.6),log_fee_to_value (z=-16.9),log_quantity (z=+12.7)
90269,ORD0075228,0.698,C_ship_lowprice,log_value_ratio (z=-214.6),price_vs_product (z=-15.0),log1p_tax_rate (z=+14.0)
60519,ORD0035456,0.6979,B_discount,log_value_ratio (z=+539.2),log_fee_to_value (z=-11.2),log1p_tax_rate (z=+8.6)
58913,ORD0005237,0.6979,C_ship_lowprice,log_value_ratio (z=-141.2),price_vs_product (z=-19.8),log1p_tax_rate (z=+13.1)
107785,ORD0048601,0.6979,C_ship_lowprice,log_value_ratio (z=-211.9),price_vs_product (z=-15.4),log1p_tax_rate (z=+9.3)
116936,ORD0071098,0.6979,A_bulk,log_fee_rate (z=-21.7),log_fee_to_value (z=-17.8),price_vs_product (z=+15.4)
139085,ORD0057863,0.6978,C_ship_lowprice,log_value_ratio (z=-172.4),price_vs_product (z=-18.6),log1p_tax_rate (z=+17.7)
8351,ORD0001356,0.6978,C_ship_lowprice,log_value_ratio (z=-298.4),price_vs_product (z=-16.6),log_fee_rate (z=+8.7)
71572,ORD0017223,0.6978,B_discount,log_value_ratio (z=+450.1),log1p_tax_rate (z=+8.3),log_fee_to_value (z=-8.3)
125121,ORD0002012,0.6976,A_bulk,log_fee_rate (z=-18.9),log_fee_to_value (z=-15.9),log_value_ratio (z=+13.8)
59245,ORD0042598,0.6975,C_ship_lowprice,log_value_ratio (z=-136.0),price_vs_product (z=-22.3),log_fee_rate (z=+10.4)
147610,ORD0051419,0.6975,A_bulk,price_vs_product (z=+25.5),log_fee_rate (z=-23.8),log_fee_to_value (z=-20.5)
125091,ORD0009460,0.6975,E_newacct_value,log_value_ratio (z=+514.4),log_fee_to_value (z=-15.5),log_acct_age (z=-8.9)
104630,ORD0072026,0.6974,B_discount,log_value_ratio (z=+435.1),log1p_tax_rate (z=+12.0),log_fee_to_value (z=-10.8)
141453,ORD0049477,0.6974,A_bulk,log_fee_rate (z=-19.4),log_fee_to_value (z=-16.2),log_quantity (z=+11.8)
66270,ORD0010126,0.6974,A_bulk,price_vs_product (z=+26.8),log_fee_rate (z=-23.8),log_fee_to_value (z=-22.6)
83522,ORD0088921,0.6973,A_bulk,log_fee_rate (z=-19.4),log_fee_to_value (z=-15.9),log_quantity (z=+11.4)
136458,ORD0085461,0.6972,B_discount,log_value_ratio (z=+581.8),log_fee_to_value (z=-14.0),discount_pct (z=+6.9)
30843,ORD0066967,0.697,B_discount,log_value_ratio (z=+293.2),log1p_tax_rate (z=+8.7),discount_pct (z=+7.8)
86267,ORD0070412,0.6969,A_bulk,log_fee_rate (z=-15.6),price_vs_product (z=+13.5),log_fee_to_value (z=-12.8)
51732,ORD0019193,0.6969,A_bulk,log_fee_rate (z=-23.8),price_vs_product (z=+23.6),log_fee_to_value (z=-20.2)
89509,ORD0079562,0.6968,B_discount,log_value_ratio (z=+535.7),log_fee_to_value (z=-14.5),log1p_tax_rate (z=+12.9)
43490,ORD0080666,0.6967,A_bulk,log_fee_rate (z=-22.0),price_vs_product (z=+21.3),log_fee_to_value (z=-18.1)
111320,ORD0073674,0.6967,A_bulk,price_vs_product (z=+18.7),log_fee_rate (z=-13.0),log_fee_to_value (z=-10.6)
139627,ORD0060777,0.6966,A_bulk,price_vs_product (z=+24.2),log_fee_rate (z=-23.8),log_fee_to_value (z=-19.9)
95184,ORD0029899,0.6966,B_discount,log_value_ratio (z=+522.0),log_fee_to_value (z=-10.1),log1p_tax_rate (z=+7.8)
53541,ORD0051021,0.6966,B_discount,log_value_ratio (z=+207.0),log1p_tax_rate (z=+10.1),discount_pct (z=+8.5)
2113,ORD0090748,0.6963,A_bulk,log_fee_rate (z=-23.3),log_fee_to_value (z=-19.3),price_vs_product (z=+19.0)
96165,ORD0065927,0.6962,B_discount,log_value_ratio (z=+532.1),log_fee_to_value (z=-9.8),log_fee_rate (z=+9.3)
140511,ORD0082106,0.696,A_bulk,log_fee_rate (z=-22.6),price_vs_product (z=+22.1),log_fee_to_value (z=-18.4)
32314,ORD0001588,0.696,B_discount,log_value_ratio (z=+444.8),log1p_tax_rate (z=+13.8),log_fee_to_value (z=-9.9)
102279,ORD0025149,0.696,A_bulk,log_fee_rate (z=-23.8),price_vs_product (z=+23.3),log_fee_to_value (z=-21.1)
14450,ORD0026838,0.6959,B_discount,log_value_ratio (z=+538.0),log_fee_to_value (z=-12.0),log1p_tax_rate (z=+8.5)
75074,ORD0081090,0.6959,B_discount,log_value_ratio (z=+506.4),log_fee_to_value (z=-15.5),discount_pct (z=+7.5)
72863,ORD0086261,0.6958,A_bulk,log_fee_rate (z=-22.5),log_fee_to_value (z=-18.6),price_vs_product (z=+17.8)
29767,ORD0059368,0.6958,A_bulk,log_fee_rate (z=-20.1),log_fee_to_value (z=-16.5),price_vs_product (z=+13.6)
67689,ORD0030535,0.6957,A_bulk,log_fee_rate (z=-23.8),log_fee_to_value (z=-21.5),price_vs_product (z=+18.8)
27244,ORD0072192,0.6956,C_ship_lowprice,log_value_ratio (z=-168.4),price_vs_product (z=-18.1),log1p_tax_rate (z=+13.7)
82135,ORD0088382,0.6955,C_ship_lowprice,log_value_ratio (z=-204.4),price_vs_product (z=-17.6),log1p_tax_rate (z=+14.6)
144256,ORD0056054,0.6955,A_bulk,log_fee_rate (z=-22.8),log_fee_to_value (z=-19.0),price_vs_product (z=+18.7)
108533,ORD0078178,0.6954,B_discount,log_value_ratio (z=+592.5),log_fee_to_value (z=-15.4),discount_pct (z=+6.7)
62282,ORD0078143,0.6954,A_bulk,price_vs_product (z=+28.3),log_fee_rate (z=-23.8),log_fee_to_value (z=-22.2)
56702,ORD0020297,0.6953,A_bulk,log_fee_rate (z=-21.7),log_fee_to_value (z=-18.2),price_vs_product (z=+15.9)
97344,ORD0017256,0.6953,C_ship_lowprice,log_value_ratio (z=-184.7),price_vs_product (z=-19.9),log1p_tax_rate (z=+10.5)
105359,ORD0025273,0.6952,B_discount,log_value_ratio (z=+409.4),log1p_tax_rate (z=+9.1),log_fee_to_value (z=-8.4)
54397,ORD0051926,0.6951,A_bulk,price_vs_product (z=+22.4),log_fee_rate (z=-22.3),log_fee_to_value (z=-18.4)
50029,ORD0035663,0.695,B_discount,log_value_ratio (z=+638.5),log_fee_to_value (z=-18.4),discount_pct (z=+6.7)
58121,ORD0088122,0.695,A_bulk,log_fee_rate (z=-20.3),log_fee_to_value (z=-16.9),price_vs_product (z=+13.9)
25053,ORD0013522,0.6949,B_discount,log_value_ratio (z=+586.7),log_fee_to_value (z=-20.8),discount_pct (z=+7.2)
24657,ORD0033049,0.6949,C_ship_lowprice,log_value_ratio (z=-361.5),price_vs_product (z=-12.7),log_shipping (z=+8.6)
85591,ORD0050642,0.6949,B_discount,log_value_ratio (z=+425.1),log_fee_to_value (z=-8.7),log1p_tax_rate (z=+6.9)
8596,ORD0011003,0.6948,B_discount,log_value_ratio (z=+564.9),log_fee_to_value (z=-15.5),discount_pct (z=+7.2)
62837,ORD0008583,0.6948,C_ship_lowprice,log_value_ratio (z=-301.3),price_vs_product (z=-17.2),log1p_tax_rate (z=+9.7)
66398,ORD0016208,0.6947,B_discount,log_value_ratio (z=+424.5),log1p_tax_rate (z=+10.3),log_fee_to_value (z=-9.5)
21657,ORD0069996,0.6947,C_ship_lowprice,log_value_ratio (z=-200.4),price_vs_product (z=-17.4),log1p_tax_rate (z=+14.9)
60966,ORD0057531,0.6947,C_ship_lowprice,log_value_ratio (z=-131.6),price_vs_product (z=-19.5),log1p_tax_rate (z=+11.3)
53881,ORD0009304,0.6947,B_discount,log_value_ratio (z=+486.7),log1p_tax_rate (z=+11.9),log_fee_to_value (z=-11.5)
128246,ORD0018725,0.6947,C_ship_lowprice,log_value_ratio (z=-142.4),price_vs_product (z=-20.2),log1p_tax_rate (z=+9.9)
90606,ORD0078262,0.6946,E_newacct_value,log_value_ratio (z=+545.4),log_fee_to_value (z=-15.5),log_acct_age (z=-8.9)
76261,ORD0029693,0.6945,B_discount,log_value_ratio (z=+517.4),log_fee_to_value (z=-10.3),log_fee_rate (z=+8.1)
25251,ORD0016920,0.6945,A_bulk,log_fee_rate (z=-23.8),price_vs_product (z=+22.4),log_fee_to_value (z=-20.4)
58415,ORD0000418,0.6945,B_discount,log_value_ratio (z=+402.5),log_fee_rate (z=+8.7),discount_pct (z=+8.5)
65839,ORD0067739,0.6944,C_ship_lowprice,log_value_ratio (z=-44.7),price_vs_product (z=-24.3),log_fee_rate (z=+12.6)
149370,ORD0025488,0.6943,A_bulk,log_fee_rate (z=-22.7),price_vs_product (z=+19.3),log_fee_to_value (z=-18.7)
125850,ORD0022313,0.6942,E_newacct_value,log_value_ratio (z=+579.0),log_fee_to_value (z=-15.6),log_acct_age (z=-6.4)
48356,ORD0045328,0.6941,B_discount,log_value_ratio (z=+584.4),log_fee_to_value (z=-16.5),discount_pct (z=+8.0)
29011,ORD0038454,0.6941,B_discount,log_value_ratio (z=+445.7),log_fee_to_value (z=-8.4),discount_pct (z=+7.9)
47649,ORD0024322,0.694,B_discount,log_value_ratio (z=+550.8),log_fee_to_value (z=-14.2),discount_pct (z=+7.9)
24319,ORD0085424,0.6939,A_bulk,log_fee_rate (z=-17.3),log_fee_to_value (z=-14.0),log_quantity (z=+12.0)
78419,ORD0011022,0.6939,A_bulk,log_fee_rate (z=-16.1),log_fee_to_value (z=-13.2),log_quantity (z=+12.2)
130350,ORD0033258,0.6938,A_bulk,log_fee_rate (z=-23.7),price_vs_product (z=+20.7),log_fee_to_value (z=-20.0)
26955,ORD0044796,0.6937,E_newacct_value,log_value_ratio (z=+612.3),log_fee_to_value (z=-18.5),log_acct_age (z=-8.9)
99505,ORD0089213,0.6937,C_ship_lowprice,log_value_ratio (z=-102.7),price_vs_product (z=-19.3),log1p_tax_rate (z=+17.3)
51107,ORD0008470,0.6937,C_ship_lowprice,log_value_ratio (z=-359.9),price_vs_product (z=-12.6),log_shipping (z=+8.5)
128303,ORD0067396,0.6936,C_ship_lowprice,log_value_ratio (z=-202.1),price_vs_product (z=-15.1),log_shipping (z=+8.4)
118242,ORD0062355,0.6935,C_ship_lowprice,log_value_ratio (z=-263.0),price_vs_product (z=-10.2),log1p_tax_rate (z=+8.5)
114855,ORD0017806,0.6935,B_discount,log_value_ratio (z=+585.4),log_fee_to_value (z=-16.7),discount_pct (z=+7.2)
37709,ORD0074150,0.6934,C_ship_lowprice,log_value_ratio (z=-173.2),price_vs_product (z=-19.7),log1p_tax_rate (z=+11.4)
36183,ORD0057521,0.6934,C_ship_lowprice,log_value_ratio (z=-228.1),price_vs_product (z=-15.2),log_fee_rate (z=+8.9)
112995,ORD0055103,0.6931,E_newacct_value,log_value_ratio (z=+553.5),log_fee_to_value (z=-17.9),log_acct_age (z=-8.9)
95716,ORD0049783,0.693,C_ship_lowprice,log_value_ratio (z=-198.6),price_vs_product (z=-19.5),log_fee_rate (z=+9.9)
126385,ORD0043295,0.6929,B_discount,log_value_ratio (z=+648.0),log_fee_to_value (z=-17.1),discount_pct (z=+8.1)
69376,ORD0056919,0.6929,A_bulk,log_fee_rate (z=-15.6),log_fee_to_value (z=-12.4),log_quantity (z=+12.2)
15640,ORD0011550,0.6929,C_ship_lowprice,log_value_ratio (z=-43.6),price_vs_product (z=-18.0),log1p_tax_rate (z=+15.8)
6997,ORD0039036,0.6928,A_bulk,log_fee_rate (z=-19.5),log_fee_to_value (z=-15.8),price_vs_product (z=+12.7)
144808,ORD0064624,0.6928,B_discount,log_value_ratio (z=+509.8),log_fee_to_value (z=-8.1),discount_pct (z=+8.0)
147678,ORD0062172,0.6928,B_discount,log_value_ratio (z=+553.6),log_fee_to_value (z=-14.2),discount_pct (z=+7.3)
97953,ORD0081271,0.6928,A_bulk,price_vs_product (z=+27.6),log_fee_rate (z=-23.8),log_fee_to_value (z=-20.9)
105079,ORD0023015,0.6927,E_newacct_value,log_value_ratio (z=+646.3),log_fee_to_value (z=-19.8),log_acct_age (z=-6.5)
22738,ORD0051068,0.6927,C_ship_lowprice,log_value_ratio (z=-97.4),price_vs_product (z=-19.0),log1p_tax_rate (z=+16.5)
86294,ORD0080449,0.6925,A_bulk,log_fee_rate (z=-23.8),log_fee_to_value (z=-21.0),price_vs_product (z=+20.4)
33398,ORD0087024,0.6924,B_discount,log_value_ratio (z=+478.6),log_fee_to_value (z=-16.1),discount_pct (z=+7.2)
142619,ORD0088985,0.6923,B_discount,log_value_ratio (z=+566.6),log_fee_to_value (z=-12.7),log1p_tax_rate (z=+8.3)
78421,ORD0084712,0.6921,C_ship_lowprice,log_value_ratio (z=-150.9),price_vs_product (z=-23.5),log_fee_rate (z=+10.1)
58264,ORD0034684,0.6921,C_ship_lowprice,log_value_ratio (z=-58.7),price_vs_product (z=-20.9),log_fee_rate (z=+9.6)
147589,ORD0090300,0.692,A_bulk,log_value_ratio (z=+18.0),log_fee_rate (z=-17.5),price_vs_product (z=+15.0)
133118,ORD0006405,0.692,C_ship_lowprice,log_value_ratio (z=-365.4),price_vs_product (z=-10.2),log_shipping (z=+8.2)
34098,ORD0057060,0.692,B_discount,log_value_ratio (z=+470.6),log1p_tax_rate (z=+11.4),log_fee_to_value (z=-11.0)
142961,ORD0003261,0.6919,A_bulk,price_vs_product (z=+22.5),log_fee_rate (z=-21.5),log_fee_to_value (z=-17.7)
73247,ORD0034090,0.6918,C_ship_lowprice,log_value_ratio (z=-289.3),price_vs_product (z=-12.6),log_shipping (z=+8.2)
81371,ORD0013045,0.6918,C_ship_lowprice,log_value_ratio (z=-239.6),price_vs_product (z=-16.2),log1p_tax_rate (z=+11.5)
85267,ORD0061682,0.6918,C_ship_lowprice,log_value_ratio (z=-262.8),price_vs_product (z=-14.8),log_shipping (z=+8.6)
63992,ORD0034249,0.6917,A_bulk,log_fee_rate (z=-17.9),price_vs_product (z=+16.5),log_fee_to_value (z=-14.4)
38357,ORD0012664,0.6912,A_bulk,log_fee_rate (z=-23.8),log_fee_to_value (z=-20.3),price_vs_product (z=+20.3)
93811,ORD0047691,0.6911,A_bulk,price_vs_product (z=+24.2),log_fee_rate (z=-23.8),log_fee_to_value (z=-20.8)
131124,ORD0042240,0.691,A_bulk,log_fee_rate (z=-23.8),price_vs_product (z=+21.6),log_fee_to_value (z=-20.2)
60256,ORD0059803,0.691,A_bulk,log_fee_rate (z=-23.8),price_vs_product (z=+23.0),log_fee_to_value (z=-21.0)
91020,ORD0042005,0.6909,A_bulk,log_fee_rate (z=-22.8),price_vs_product (z=+22.5),log_fee_to_value (z=-18.9)
84605,ORD0042886,0.6909,A_bulk,log_value_ratio (z=+26.9),log_fee_rate (z=-17.2),log_fee_to_value (z=-14.8)
91402,ORD0046996,0.6909,B_discount,log_value_ratio (z=+350.3),log1p_tax_rate (z=+10.3),log_fee_rate (z=+8.1)
12113,ORD0036043,0.6908,B_discount,log_value_ratio (z=+633.0),log_fee_to_value (z=-19.1),discount_pct (z=+7.6)
9361,ORD0052712,0.6907,B_discount,log_value_ratio (z=+511.2),log_fee_to_value (z=-9.4),discount_pct (z=+7.7)
86004,ORD0088524,0.6906,B_discount,log_value_ratio (z=+573.1),log_fee_to_value (z=-11.7),discount_pct (z=+8.0)
45144,ORD0003236,0.6906,C_ship_lowprice,log_value_ratio (z=-191.6),price_vs_product (z=-15.9),log1p_tax_rate (z=+11.2)
118581,ORD0023033,0.6905,A_bulk,price_vs_product (z=+27.4),log_fee_rate (z=-23.8),log_fee_to_value (z=-21.0)
92206,ORD0035971,0.6904,C_ship_lowprice,log_value_ratio (z=-133.5),price_vs_product (z=-19.4),log_fee_rate (z=+9.3)
34308,ORD0027165,0.6904,B_discount,log_value_ratio (z=+635.6),log_fee_to_value (z=-16.0),discount_pct (z=+7.3)
58930,ORD0010655,0.6903,B_discount,log_value_ratio (z=+516.2),log_fee_to_value (z=-15.0),discount_pct (z=+6.7)
123373,ORD0060021,0.6902,C_ship_lowprice,log_value_ratio (z=-322.7),price_vs_product (z=-15.1),log_shipping (z=+8.5)
46529,ORD0030256,0.69,B_discount,log_value_ratio (z=+638.6),log_fee_to_value (z=-17.2),discount_pct (z=+7.6)
29396,ORD0007435,0.69,B_discount,log_value_ratio (z=+374.4),log1p_tax_rate (z=+8.0),discount_pct (z=+7.3)
120658,ORD0087864,0.69,A_bulk,log_fee_rate (z=-16.0),log_fee_to_value (z=-13.4),log_value_ratio (z=+12.5)
49060,ORD0003419,0.6899,B_discount,log_value_ratio (z=+525.9),log_fee_to_value (z=-10.9),log1p_tax_rate (z=+9.9)
136104,ORD0042492,0.6898,B_discount,log_value_ratio (z=+551.8),log_fee_to_value (z=-17.7),discount_pct (z=+6.6)
110539,ORD0044405,0.6898,A_bulk,log_fee_rate (z=-23.8),price_vs_product (z=+22.7),log_fee_to_value (z=-19.8)
137942,ORD0061763,0.6897,B_discount,log_value_ratio (z=+362.3),log1p_tax_rate (z=+10.2),log_fee_to_value (z=-8.2)
135796,ORD0028321,0.6897,A_bulk,log_fee_rate (z=-21.4),log_fee_to_value (z=-18.1),price_vs_product (z=+13.5)
147938,ORD0052745,0.6896,A_bulk,log_fee_rate (z=-23.8),price_vs_product (z=+21.3),log_fee_to_value (z=-20.5)
44800,ORD0059704,0.6895,E_newacct_value,log_value_ratio (z=+581.4),log_fee_to_value (z=-18.3),log_acct_age (z=-8.1)
88860,ORD0001838,0.6895,B_discount,log_value_ratio (z=+488.0),log_fee_to_value (z=-10.7),discount_pct (z=+7.9)
103819,ORD0041576,0.6893,E_newacct_value,log_value_ratio (z=+486.0),log_fee_to_value (z=-15.0),log_acct_age (z=-8.9)
132107,ORD0059215,0.6891,C_ship_lowprice,log_value_ratio (z=-243.1),price_vs_product (z=-20.5),log_fee_rate (z=+8.8)
49512,ORD0077601,0.689,C_ship_lowprice,log_value_ratio (z=-66.8),price_vs_product (z=-23.3),log_fee_rate (z=+9.3)
77357,ORD0032283,0.689,A_bulk,log_fee_rate (z=-23.5),price_vs_product (z=+21.0),log_fee_to_value (z=-19.7)
116392,ORD0020861,0.6889,C_ship_lowprice,log_value_ratio (z=-261.2),price_vs_product (z=-12.1),log1p_tax_rate (z=+9.8)
11359,ORD0070150,0.6888,C_ship_lowprice,log_value_ratio (z=-192.8),price_vs_product (z=-17.5),log1p_tax_rate (z=+14.9)
23230,ORD0077116,0.6888,C_ship_lowprice,log_value_ratio (z=-364.2),log_shipping (z=+8.5),price_vs_product (z=-8.1)
113744,ORD0071062,0.6887,B_discount,log_value_ratio (z=+396.1),log1p_tax_rate (z=+10.3),discount_pct (z=+8.1)
49977,ORD0065028,0.6887,C_ship_lowprice,log_value_ratio (z=-336.5),price_vs_product (z=-11.5),log_shipping (z=+8.0)
107841,ORD0043811,0.6887,C_ship_lowprice,log_value_ratio (z=-179.8),price_vs_product (z=-21.8),log_fee_rate (z=+8.9)
107974,ORD0071521,0.6887,B_discount,log_value_ratio (z=+594.0),log_fee_to_value (z=-14.7),discount_pct (z=+7.6)
42918,ORD0004824,0.6886,B_discount,log_value_ratio (z=+339.0),discount_pct (z=+8.3),log_fee_rate (z=+8.3)
67993,ORD0062055,0.6885,C_ship_lowprice,log_value_ratio (z=-313.7),price_vs_product (z=-15.7),log_shipping (z=+8.4)
132721,ORD0046108,0.6883,B_discount,log_value_ratio (z=+578.3),log_fee_to_value (z=-10.2),log_fee_rate (z=+8.4)
76445,ORD0025663,0.6883,C_ship_lowprice,log_value_ratio (z=-265.7),price_vs_product (z=-14.6),log1p_tax_rate (z=+12.9)
76853,ORD0030219,0.6881,C_ship_lowprice,log_value_ratio (z=-370.9),price_vs_product (z=-13.1),log_shipping (z=+8.5)
127572,ORD0002668,0.6881,B_discount,log_value_ratio (z=+475.2),log1p_tax_rate (z=+13.8),log_fee_to_value (z=-11.4)
40364,ORD0031697,0.688,B_discount,log_value_ratio (z=+545.9),log_fee_to_value (z=-13.5),discount_pct (z=+8.0)
82132,ORD0017788,0.6879,E_newacct_value,log_value_ratio (z=+569.5),log_fee_to_value (z=-16.1),log_acct_age (z=-8.1)
10101,ORD0025969,0.6878,E_newacct_value,log_value_ratio (z=+580.1),log_fee_to_value (z=-19.3),log_acct_age (z=-6.4)
33629,ORD0001741,0.6877,A_bulk,log_fee_rate (z=-23.8),price_vs_product (z=+23.6),log_fee_to_value (z=-20.6)
88778,ORD0059693,0.6876,C_ship_lowprice,log_value_ratio (z=-354.6),log_shipping (z=+8.1),log_acct_age (z=-5.7)
92570,ORD0070527,0.6874,B_discount,log_value_ratio (z=+625.8),log_fee_to_value (z=-16.4),discount_pct (z=+7.7)
51957,ORD0051716,0.6874,A_bulk,price_vs_product (z=+24.2),log_fee_rate (z=-23.8),log_fee_to_value (z=-19.8)
109618,ORD0087449,0.6872,C_ship_lowprice,log_value_ratio (z=-244.2),price_vs_product (z=-17.0),log1p_tax_rate (z=+9.7)
44622,ORD0055795,0.6872,E_newacct_value,log_value_ratio (z=+593.5),log_fee_to_value (z=-16.0),log_acct_age (z=-7.2)
24549,ORD0086005,0.6872,C_ship_lowprice,log_value_ratio (z=-73.2),price_vs_product (z=-16.8),log1p_tax_rate (z=+15.2)
131569,ORD0022544,0.6872,C_ship_lowprice,log_value_ratio (z=-88.0),price_vs_product (z=-15.4),log_shipping (z=+8.4)
7730,ORD0019792,0.6871,C_ship_lowprice,log_value_ratio (z=-344.1),price_vs_product (z=-10.4),log_shipping (z=+8.2)
110829,ORD0020379,0.687,C_ship_lowprice,price_vs_product (z=-18.5),log1p_tax_rate (z=+17.4),log_value_ratio (z=-15.7)
1743,ORD0072787,0.6869,B_discount,log_value_ratio (z=+494.8),log_fee_to_value (z=-12.9),log1p_tax_rate (z=+10.5)
64564,ORD0048087,0.6869,B_discount,log_value_ratio (z=+457.0),log_fee_to_value (z=-11.7),log1p_tax_rate (z=+8.2)
77885,ORD0043376,0.6869,E_newacct_value,log_value_ratio (z=+558.0),log_fee_to_value (z=-21.5),log_acct_age (z=-6.9)
76162,ORD0050969,0.6868,E_newacct_value,log_value_ratio (z=+537.0),log_fee_to_value (z=-16.0),log_acct_age (z=-8.1)
23118,ORD0042256,0.6867,C_ship_lowprice,log_value_ratio (z=-116.2),price_vs_product (z=-15.4),log1p_tax_rate (z=+13.7)
63244,ORD0012173,0.6867,B_discount,log_value_ratio (z=+603.0),log_fee_to_value (z=-12.9),discount_pct (z=+7.6)
85972,ORD0032297,0.6866,E_newacct_value,log_value_ratio (z=+564.3),log_fee_to_value (z=-16.5),log_acct_age (z=-7.6)
146338,ORD0008240,0.6865,E_newacct_value,log_value_ratio (z=+546.1),log_fee_to_value (z=-16.0),log_acct_age (z=-7.6)
143308,ORD0091585,0.6862,C_ship_lowprice,log_value_ratio (z=-238.2),price_vs_product (z=-20.9),log_fee_rate (z=+9.1)
66740,ORD0058313,0.6861,B_discount,log_value_ratio (z=+503.6),log_fee_to_value (z=-11.7),discount_pct (z=+8.2)
111139,ORD0012797,0.6861,B_discount,log_value_ratio (z=+579.1),log_fee_to_value (z=-16.8),discount_pct (z=+7.3)
125193,ORD0060305,0.6861,B_discount,log_value_ratio (z=+583.6),log_fee_to_value (z=-18.5),discount_pct (z=+7.2)
5399,ORD0076907,0.686,B_discount,log_value_ratio (z=+481.2),log_fee_to_value (z=-15.7),discount_pct (z=+6.9)
37482,ORD0055184,0.686,B_discount,log_value_ratio (z=+591.3),log_fee_to_value (z=-10.9),log_fee_rate (z=+8.9)
105827,ORD0014447,0.6859,B_discount,log_value_ratio (z=+506.2),log_fee_to_value (z=-9.9),log1p_tax_rate (z=+9.0)
118778,ORD0055612,0.6858,C_ship_lowprice,log_value_ratio (z=-297.9),price_vs_product (z=-14.4),log1p_tax_rate (z=+11.8)
80716,ORD0025802,0.6858,B_discount,log_value_ratio (z=+518.3),log1p_tax_rate (z=+12.0),log_fee_to_value (z=-11.5)
56383,ORD0014995,0.6858,E_newacct_value,log_value_ratio (z=+556.2),log_fee_to_value (z=-16.1),log_acct_age (z=-8.9)
16420,ORD0051468,0.6857,C_ship_lowprice,log_value_ratio (z=-333.9),price_vs_product (z=-10.9),log_shipping (z=+8.5)
39408,ORD0076852,0.6857,B_discount,log_value_ratio (z=+402.8),log_fee_to_value (z=-8.3),discount_pct (z=+7.1)
101973,ORD0039191,0.6857,C_ship_lowprice,log_value_ratio (z=+28.8),price_vs_product (z=-17.8),log1p_tax_rate (z=+12.3)
81410,ORD0070035,0.6857,B_discount,log_value_ratio (z=+347.7),log1p_tax_rate (z=+8.2),discount_pct (z=+7.7)
100743,ORD0000051,0.6855,C_ship_lowprice,log_value_ratio (z=-362.9),log_shipping (z=+8.5),price_vs_product (z=-7.6)
115046,ORD0042805,0.6855,C_ship_lowprice,log_value_ratio (z=-230.5),price_vs_product (z=-15.1),log1p_tax_rate (z=+10.3)
1945,ORD0079599,0.6855,B_discount,log_value_ratio (z=+544.5),log_fee_to_value (z=-13.7),log1p_tax_rate (z=+10.2)
61950,ORD0006536,0.6854,B_discount,log_value_ratio (z=+521.5),log_fee_to_value (z=-11.9),discount_pct (z=+7.8)
112982,ORD0043973,0.6854,B_discount,log_value_ratio (z=+426.8),log_fee_to_value (z=-11.7),log1p_tax_rate (z=+10.1)
102867,ORD0066238,0.6854,B_discount,log_value_ratio (z=+440.9),log_fee_to_value (z=-10.4),log_fee_rate (z=+8.5)
114890,ORD0067438,0.6853,C_ship_lowprice,log_value_ratio (z=-236.4),price_vs_product (z=-13.3),log_shipping (z=+8.4)
94864,ORD0016744,0.6852,C_ship_lowprice,log_value_ratio (z=-195.2),price_vs_product (z=-16.6),log1p_tax_rate (z=+15.0)
132760,ORD0057817,0.6852,C_ship_lowprice,log_value_ratio (z=-394.7),price_vs_product (z=-8.5),log_shipping (z=+8.3)
4851,ORD0081173,0.6852,B_discount,log_value_ratio (z=+612.4),log_fee_to_value (z=-16.5),discount_pct (z=+7.9)
105882,ORD0048492,0.6852,B_discount,log_value_ratio (z=+560.9),log_fee_to_value (z=-15.9),discount_pct (z=+6.7)
17710,ORD0008470,0.6851,E_newacct_value,log_value_ratio (z=+603.2),log_fee_to_value (z=-21.1),log_acct_age (z=-7.6)
16816,ORD0001558,0.6851,E_newacct_value,log_value_ratio (z=+409.2),log_fee_to_value (z=-11.3),log_acct_age (z=-8.9)
85342,ORD0017429,0.685,C_ship_lowprice,log_value_ratio (z=-230.8),price_vs_product (z=-15.5),log1p_tax_rate (z=+9.4)
66513,ORD0074637,0.685,C_ship_lowprice,log_value_ratio (z=-185.0),price_vs_product (z=-18.8),log1p_tax_rate (z=+8.8)
80156,ORD0025456,0.6849,C_ship_lowprice,log_value_ratio (z=-164.2),price_vs_product (z=-18.1),log_fee_rate (z=+10.2)
72971,ORD0000618,0.6848,E_newacct_value,log_value_ratio (z=+575.1),log_fee_to_value (z=-18.1),log_acct_age (z=-8.1)
28605,ORD0008117,0.6848,C_ship_lowprice,log_value_ratio (z=-327.7),price_vs_product (z=-9.8),log_shipping (z=+8.3)
37363,ORD0077729,0.6848,B_discount,log_value_ratio (z=+458.2),log_fee_to_value (z=-15.3),discount_pct (z=+7.3)
117140,ORD0004003,0.6847,B_discount,log_value_ratio (z=+486.4),log_fee_to_value (z=-11.8),log1p_tax_rate (z=+9.6)
111921,ORD0027496,0.6847,C_ship_lowprice,log_value_ratio (z=-244.8),price_vs_product (z=-20.4),log_fee_rate (z=+9.5)
65966,ORD0053106,0.6846,E_newacct_value,log_value_ratio (z=+575.0),log_fee_to_value (z=-18.6),log_acct_age (z=-8.1)
94936,ORD0071894,0.6846,B_discount,log_value_ratio (z=+488.0),log_fee_to_value (z=-10.4),log1p_tax_rate (z=+9.7)
139966,ORD0091518,0.6846,C_ship_lowprice,log_value_ratio (z=-256.6),price_vs_product (z=-14.1),log1p_tax_rate (z=+11.3)
99856,ORD0073414,0.6846,B_discount,log_value_ratio (z=+332.7),discount_pct (z=+7.8),log_fee_rate (z=+7.5)
84678,ORD0014131,0.6846,B_discount,log_value_ratio (z=+663.4),log_fee_to_value (z=-16.3),discount_pct (z=+6.3)
74283,ORD0006757,0.6845,B_discount,log_value_ratio (z=+487.9),log_fee_to_value (z=-12.4),log1p_tax_rate (z=+8.4)
75083,ORD0073931,0.6845,C_ship_lowprice,log_value_ratio (z=-201.8),price_vs_product (z=-15.1),log1p_tax_rate (z=+11.4)
39921,ORD0010832,0.6844,B_discount,log_value_ratio (z=+493.0),log_fee_to_value (z=-12.7),log1p_tax_rate (z=+9.2)
57122,ORD0086630,0.6842,B_discount,log_value_ratio (z=+491.9),log_fee_to_value (z=-12.3),log1p_tax_rate (z=+10.9)
8014,ORD0087729,0.6841,B_discount,log_value_ratio (z=+554.8),log_fee_to_value (z=-15.3),discount_pct (z=+8.4)
104438,ORD0053229,0.6839,C_ship_lowprice,log_value_ratio (z=-228.1),price_vs_product (z=-16.8),log1p_tax_rate (z=+11.9)
20912,ORD0085494,0.6839,B_discount,log_value_ratio (z=+427.4),log_fee_to_value (z=-11.4),log1p_tax_rate (z=+8.2)
91801,ORD0056486,0.6838,B_discount,log_value_ratio (z=+508.0),log_fee_to_value (z=-17.4),discount_pct (z=+6.7)
46767,ORD0064766,0.6836,E_newacct_value,log_value_ratio (z=+477.4),log_fee_to_value (z=-13.5),log_acct_age (z=-8.9)
111529,ORD0084237,0.6836,B_discount,log_value_ratio (z=+470.2),log_fee_rate (z=+8.7),discount_pct (z=+8.5)
81105,ORD0003717,0.6836,B_discount,log_value_ratio (z=+554.7),log_fee_to_value (z=-13.2),discount_pct (z=+7.1)
84063,ORD0009606,0.6836,B_discount,log_value_ratio (z=+524.8),log_fee_to_value (z=-11.0),log1p_tax_rate (z=+9.5)
11009,ORD0055583,0.6833,E_newacct_value,log_value_ratio (z=+551.0),log_fee_to_value (z=-18.1),log_acct_age (z=-8.1)
20195,ORD0025398,0.6832,B_discount,log_value_ratio (z=+511.7),log_fee_to_value (z=-11.2),discount_pct (z=+6.9)
127067,ORD0066335,0.6831,A_bulk,log_fee_rate (z=-15.4),log_fee_to_value (z=-12.6),log_quantity (z=+11.2)
142573,ORD0057653,0.683,B_discount,log_value_ratio (z=+545.2),log_fee_to_value (z=-12.8),discount_pct (z=+8.5)
71023,ORD0089074,0.6829,A_bulk,log_fee_rate (z=-16.8),log_fee_to_value (z=-13.8),price_vs_product (z=+13.3)
53320,ORD0077987,0.6829,B_discount,log_value_ratio (z=+494.5),log_fee_to_value (z=-14.2),log1p_tax_rate (z=+8.4)
143272,ORD0050237,0.6828,B_discount,log_value_ratio (z=+613.5),log_fee_to_value (z=-12.0),discount_pct (z=+8.2)
45811,ORD0053234,0.6827,B_discount,log_value_ratio (z=+508.3),log_fee_to_value (z=-13.2),log1p_tax_rate (z=+9.7)
134815,ORD0031061,0.6827,E_newacct_value,log_value_ratio (z=+581.7),log_fee_to_value (z=-16.3),log_acct_age (z=-8.1)
41696,ORD0043319,0.6826,E_newacct_value,log_value_ratio (z=+585.6),log_fee_to_value (z=-17.3),log_acct_age (z=-8.1)
69324,ORD0012300,0.6825,C_ship_lowprice,log_value_ratio (z=-79.8),price_vs_product (z=-16.3),log_fee_rate (z=+8.7)
59387,ORD0033564,0.6825,B_discount,log_value_ratio (z=+343.3),log1p_tax_rate (z=+9.5),discount_pct (z=+7.6)
125140,ORD0075426,0.6825,C_ship_lowprice,log_value_ratio (z=-303.7),price_vs_product (z=-12.2),log_shipping (z=+8.5)
82552,ORD0008782,0.6824,B_discount,log_value_ratio (z=+540.2),log_fee_to_value (z=-13.8),log1p_tax_rate (z=+9.1)
142078,ORD0012907,0.6823,E_newacct_value,log_value_ratio (z=+560.0),log_fee_to_value (z=-16.8),log_acct_age (z=-8.1)
48000,ORD0037497,0.6822,B_discount,log_value_ratio (z=+518.6),log_fee_to_value (z=-12.0),log1p_tax_rate (z=+8.0)
86800,ORD0044642,0.6822,E_newacct_value,log_value_ratio (z=+543.4),log_fee_to_value (z=-19.5),log_acct_age (z=-6.9)
39597,ORD0082298,0.6822,C_ship_lowprice,log_value_ratio (z=-255.4),price_vs_product (z=-13.1),log_shipping (z=+7.9)
22494,ORD0057366,0.6821,C_ship_lowprice,log_value_ratio (z=-134.7),price_vs_product (z=-18.3),log_fee_rate (z=+8.3)
50405,ORD0043334,0.682,E_newacct_value,log_value_ratio (z=+617.1),log_fee_to_value (z=-18.5),log_acct_age (z=-7.6)
102470,ORD0078617,0.682,B_discount,log_value_ratio (z=+570.0),log_fee_to_value (z=-16.0),discount_pct (z=+6.7)
139998,ORD0053787,0.682,B_discount,log_value_ratio (z=+602.1),log_fee_to_value (z=-16.4),discount_pct (z=+6.9)
12952,ORD0026524,0.682,C_ship_lowprice,log_value_ratio (z=-213.0),price_vs_product (z=-17.7),log1p_tax_rate (z=+12.0)
67091,ORD0081014,0.682,C_ship_lowprice,log_value_ratio (z=-261.7),price_vs_product (z=-18.2),log_shipping (z=+8.3)
51295,ORD0062647,0.682,E_newacct_value,log_value_ratio (z=+558.9),log_fee_to_value (z=-19.6),log_acct_age (z=-6.7)
81605,ORD0018649,0.6819,B_discount,log_value_ratio (z=+564.9),log_fee_to_value (z=-13.5),discount_pct (z=+7.3)
9701,ORD0030221,0.6818,B_discount,log_value_ratio (z=+512.2),log_fee_to_value (z=-10.1),log1p_tax_rate (z=+9.2)
135033,ORD0024956,0.6818,E_newacct_value,log_value_ratio (z=+460.7),log_fee_to_value (z=-13.2),log_acct_age (z=-8.9)
19528,ORD0076074,0.6818,A_bulk,log_fee_rate (z=-14.5),log_fee_to_value (z=-11.8),log_quantity (z=+11.5)
51938,ORD0055273,0.6817,B_discount,log_value_ratio (z=+456.6),log_fee_to_value (z=-14.7),log1p_tax_rate (z=+8.5)
39090,ORD0070354,0.6817,C_ship_lowprice,log_value_ratio (z=-172.4),price_vs_product (z=-15.2),log1p_tax_rate (z=+10.2)
123023,ORD0023486,0.6817,C_ship_lowprice,log_value_ratio (z=-304.0),price_vs_product (z=-11.5),log1p_tax_rate (z=+8.5)
60394,ORD0023500,0.6817,B_discount,log_value_ratio (z=+376.8),discount_pct (z=+7.9),log1p_tax_rate (z=+7.9)
146958,ORD0068999,0.6816,B_discount,log_value_ratio (z=+570.5),log_fee_to_value (z=-14.4),discount_pct (z=+7.7)
111345,ORD0052646,0.6816,B_discount,log_value_ratio (z=+592.0),log_fee_to_value (z=-15.0),discount_pct (z=+7.5)
86579,ORD0076906,0.6816,C_ship_lowprice,log_value_ratio (z=-159.2),price_vs_product (z=-20.4),log_fee_rate (z=+10.3)
89947,ORD0074684,0.6815,B_discount,log_value_ratio (z=+496.5),log_fee_to_value (z=-12.5),log1p_tax_rate (z=+8.0)
4660,ORD0055205,0.6812,B_discount,log_value_ratio (z=+571.8),log_fee_to_value (z=-13.5),discount_pct (z=+6.7)
142636,ORD0057821,0.6811,C_ship_lowprice,log_value_ratio (z=-108.7),price_vs_product (z=-18.8),log1p_tax_rate (z=+15.5)
139793,ORD0032791,0.681,B_discount,log_value_ratio (z=+434.8),log_fee_to_value (z=-14.4),log1p_tax_rate (z=+7.3)
2649,ORD0033933,0.6809,B_discount,log_value_ratio (z=+631.6),log_fee_to_value (z=-13.3),discount_pct (z=+7.6)
16618,ORD0052307,0.6809,C_ship_lowprice,log_value_ratio (z=-311.0),price_vs_product (z=-11.9),log_shipping (z=+7.6)
45151,ORD0001351,0.6809,C_ship_lowprice,log_value_ratio (z=-250.4),price_vs_product (z=-15.7),log1p_tax_rate (z=+9.3)
78623,ORD0030919,0.6808,C_ship_lowprice,log_value_ratio (z=-346.2),price_vs_product (z=-11.3),log_shipping (z=+8.6)
79417,ORD0040784,0.6807,B_discount,log_value_ratio (z=+355.6),discount_pct (z=+8.0),log_fee_rate (z=+6.3)
3063,ORD0077646,0.6807,B_discount,log_value_ratio (z=+595.3),log_fee_to_value (z=-13.2),discount_pct (z=+8.1)
39470,ORD0045187,0.6807,B_discount,log_value_ratio (z=+543.5),log_fee_to_value (z=-14.6),log1p_tax_rate (z=+9.6)
79625,ORD0028589,0.6807,C_ship_lowprice,log_value_ratio (z=-263.9),price_vs_product (z=-14.5),log1p_tax_rate (z=+13.0)
149691,ORD0040784,0.6807,B_discount,log_value_ratio (z=+355.6),discount_pct (z=+8.0),log_fee_rate (z=+6.3)
24296,ORD0065863,0.6807,C_ship_lowprice,log_value_ratio (z=-212.4),price_vs_product (z=-17.0),log_fee_rate (z=+8.9)
72769,ORD0064799,0.6807,E_newacct_value,log_value_ratio (z=+411.0),log_fee_to_value (z=-11.1),log_acct_age (z=-8.9)
63467,ORD0008682,0.6806,B_discount,log_value_ratio (z=+554.6),log_fee_to_value (z=-15.8),discount_pct (z=+6.9)
116665,ORD0066651,0.6806,B_discount,log_value_ratio (z=+515.3),log_fee_to_value (z=-15.1),discount_pct (z=+7.5)
98540,ORD0018309,0.6803,E_newacct_value,log_value_ratio (z=+453.4),log_fee_to_value (z=-13.8),log_acct_age (z=-8.9)
143345,ORD0073528,0.68,C_ship_lowprice,log_value_ratio (z=-168.7),price_vs_product (z=-15.1),log1p_tax_rate (z=+12.1)
44294,ORD0060115,0.68,C_ship_lowprice,log_value_ratio (z=-178.1),price_vs_product (z=-15.7),log1p_tax_rate (z=+11.3)
4508,ORD0049154,0.68,E_newacct_value,log_value_ratio (z=+589.2),log_fee_to_value (z=-18.8),log_acct_age (z=-6.9)
46095,ORD0085297,0.6798,B_discount,log_value_ratio (z=+569.7),log_fee_to_value (z=-13.1),log_fee_rate (z=+8.7)
88995,ORD0030484,0.6797,E_newacct_value,log_value_ratio (z=+471.2),log_fee_to_value (z=-14.4),log_acct_age (z=-8.9)
98591,ORD0061263,0.6797,E_newacct_value,log_value_ratio (z=+611.9),log_fee_to_value (z=-17.7),log_acct_age (z=-6.9)
86494,ORD0047745,0.6796,B_discount,log_value_ratio (z=+508.4),log_fee_to_value (z=-9.6),log_fee_rate (z=+9.2)
145554,ORD0079457,0.6796,C_ship_lowprice,log_value_ratio (z=-179.9),price_vs_product (z=-13.0),log_shipping (z=+8.5)
121495,ORD0035223,0.6796,B_discount,log_value_ratio (z=+568.0),log_fee_to_value (z=-14.8),discount_pct (z=+7.4)
132955,ORD0010545,0.6793,C_ship_lowprice,log_value_ratio (z=-193.4),price_vs_product (z=-19.0),log_fee_rate (z=+9.7)
17592,ORD0029021,0.6793,C_ship_lowprice,log_value_ratio (z=-250.3),price_vs_product (z=-12.3),log_shipping (z=+7.6)
99869,ORD0056104,0.6793,C_ship_lowprice,log_value_ratio (z=-69.0),price_vs_product (z=-22.8),log_fee_rate (z=+10.1)
57381,ORD0009512,0.6792,A_bulk,log_fee_rate (z=-14.6),log_fee_to_value (z=-12.0),log_quantity (z=+11.0)
107806,ORD0086436,0.6792,C_ship_lowprice,log_value_ratio (z=-307.5),price_vs_product (z=-9.6),log_shipping (z=+7.8)
24162,ORD0053048,0.6791,B_discount,log_value_ratio (z=+505.7),log_fee_to_value (z=-8.5),discount_pct (z=+7.6)
56074,ORD0018407,0.679,E_newacct_value,log_value_ratio (z=+558.3),log_fee_to_value (z=-17.6),log_acct_age (z=-6.7)
16587,ORD0054120,0.679,E_newacct_value,log_value_ratio (z=+567.0),log_fee_to_value (z=-16.5),log_acct_age (z=-7.6)
32325,ORD0091298,0.6789,C_ship_lowprice,log_value_ratio (z=-343.0),price_vs_product (z=-9.6),log_shipping (z=+7.6)
7879,ORD0068583,0.6787,C_ship_lowprice,price_vs_product (z=-19.4),log1p_tax_rate (z=+19.0),log_fee_rate (z=+9.1)
7822,ORD0065943,0.6786,C_ship_lowprice,log_value_ratio (z=-192.1),price_vs_product (z=-15.1),log1p_tax_rate (z=+9.3)
35116,ORD0059009,0.6786,B_discount,log_value_ratio (z=+582.5),log_fee_to_value (z=-10.0),log_fee_rate (z=+9.1)
89390,ORD0020111,0.6786,C_ship_lowprice,log_value_ratio (z=-277.2),price_vs_product (z=-10.2),log_shipping (z=+8.2)
18215,ORD0024072,0.6786,E_newacct_value,log_value_ratio (z=+540.9),log_fee_to_value (z=-15.5),log_acct_age (z=-8.9)
45421,ORD0074611,0.6785,B_discount,log_value_ratio (z=+546.9),log_fee_to_value (z=-14.6),log1p_tax_rate (z=+8.1)
32265,ORD0077356,0.6785,B_discount,log_value_ratio (z=+508.0),log_fee_to_value (z=-13.1),log1p_tax_rate (z=+9.0)
134471,ORD0065439,0.6785,C_ship_lowprice,log_value_ratio (z=-131.2),price_vs_product (z=-19.3),log_fee_rate (z=+9.2)
136583,ORD0088472,0.6784,E_newacct_value,log_value_ratio (z=+546.6),log_fee_to_value (z=-16.2),log_acct_age (z=-8.9)
60571,ORD0035400,0.6782,C_ship_lowprice,log_value_ratio (z=-479.4),log_shipping (z=+8.6),price_vs_product (z=-6.5)
12682,ORD0021255,0.6782,B_discount,log_value_ratio (z=+543.8),log_fee_to_value (z=-14.5),discount_pct (z=+7.0)
21798,ORD0006648,0.6782,E_newacct_value,log_value_ratio (z=+515.2),log_fee_to_value (z=-15.8),log_acct_age (z=-8.9)
59464,ORD0049980,0.6782,C_ship_lowprice,log_value_ratio (z=-340.2),price_vs_product (z=-10.7),log_shipping (z=+8.5)
125569,ORD0053426,0.6781,B_discount,log_value_ratio (z=+499.2),log_fee_to_value (z=-11.5),log1p_tax_rate (z=+8.9)
64441,ORD0027494,0.678,C_ship_lowprice,log_value_ratio (z=-301.3),log_shipping (z=+8.4),price_vs_product (z=-8.2)
148363,ORD0003953,0.678,C_ship_lowprice,log_value_ratio (z=-225.9),price_vs_product (z=-15.4),log1p_tax_rate (z=+12.2)
34842,ORD0013246,0.678,E_newacct_value,log_value_ratio (z=+561.5),log_fee_to_value (z=-15.3),log_acct_age (z=-7.2)
143143,ORD0091675,0.6778,C_ship_lowprice,log_value_ratio (z=-366.0),price_vs_product (z=-13.0),log_shipping (z=+8.5)
3914,ORD0017588,0.6777,E_newacct_value,log_value_ratio (z=+562.7),log_fee_to_value (z=-16.1),log_acct_age (z=-6.4)
29788,ORD0053064,0.6776,C_ship_lowprice,log_value_ratio (z=-215.9),price_vs_product (z=-15.4),log1p_tax_rate (z=+9.0)
15503,ORD0038749,0.6774,C_ship_lowprice,log_value_ratio (z=-345.6),price_vs_product (z=-9.0),log_shipping (z=+8.5)
25781,ORD0027191,0.6772,B_discount,log_value_ratio (z=+463.9),log_fee_to_value (z=-9.6),discount_pct (z=+7.0)
2538,ORD0087413,0.6772,E_newacct_value,log_value_ratio (z=+455.2),log_fee_to_value (z=-12.6),log_acct_age (z=-8.9)
87492,ORD0023740,0.6771,B_discount,log_value_ratio (z=+494.1),log_fee_to_value (z=-12.1),log1p_tax_rate (z=+9.1)
74015,ORD0075349,0.6771,B_discount,log_value_ratio (z=+519.4),log_fee_to_value (z=-11.9),discount_pct (z=+7.8)
135207,ORD0043021,0.6769,C_ship_lowprice,log_value_ratio (z=-32.8),price_vs_product (z=-16.5),log1p_tax_rate (z=+9.3)
116534,ORD0059660,0.6766,C_ship_lowprice,log_value_ratio (z=-231.6),price_vs_product (z=-15.0),log_shipping (z=+8.3)
19794,ORD0015936,0.6765,B_discount,log_value_ratio (z=+549.2),log_fee_to_value (z=-12.5),log1p_tax_rate (z=+8.0)
35504,ORD0067737,0.6765,B_discount,log_value_ratio (z=+489.6),log_fee_to_value (z=-9.5),log_fee_rate (z=+8.4)
1156,ORD0030476,0.6764,C_ship_lowprice,log_value_ratio (z=-93.2),price_vs_product (z=-20.4),log_fee_rate (z=+11.2)
53569,ORD0080900,0.6764,E_newacct_value,log_value_ratio (z=+552.8),log_fee_to_value (z=-16.7),log_acct_age (z=-8.1)
98880,ORD0001400,0.6764,B_discount,log_value_ratio (z=+424.1),log_fee_to_value (z=-8.8),log1p_tax_rate (z=+7.8)
31643,ORD0020577,0.6764,A_bulk,price_vs_product (z=+14.5),log_fee_rate (z=-10.7),log_quantity (z=+9.5)
119139,ORD0017136,0.6764,C_ship_lowprice,log_value_ratio (z=-294.6),price_vs_product (z=-13.7),log1p_tax_rate (z=+8.5)
4568,ORD0017292,0.6764,B_discount,log_value_ratio (z=+555.9),log_fee_to_value (z=-13.1),log1p_tax_rate (z=+7.2)
104561,ORD0061503,0.6763,B_discount,log_value_ratio (z=+461.2),log_fee_to_value (z=-10.2),log1p_tax_rate (z=+9.0)
61534,ORD0079223,0.6763,B_discount,log_value_ratio (z=+320.4),log1p_tax_rate (z=+7.4),discount_pct (z=+7.1)
118586,ORD0019048,0.6762,E_newacct_value,log_value_ratio (z=+560.3),log_fee_to_value (z=-16.1),log_acct_age (z=-7.2)
116322,ORD0029992,0.6761,B_discount,log_value_ratio (z=+484.7),log_fee_to_value (z=-10.9),log1p_tax_rate (z=+7.8)
20803,ORD0056499,0.6761,C_ship_lowprice,log_value_ratio (z=-290.5),price_vs_product (z=-15.9),log_fee_rate (z=+8.6)
117080,ORD0069451,0.6761,B_discount,log_value_ratio (z=+521.4),log_fee_to_value (z=-16.4),discount_pct (z=+6.9)
31178,ORD0050715,0.6761,E_newacct_value,log_value_ratio (z=+504.9),log_fee_to_value (z=-15.2),log_acct_age (z=-8.9)
78168,ORD0010499,0.6761,B_discount,log_value_ratio (z=+553.4),log_fee_to_value (z=-11.2),discount_pct (z=+7.0)
19325,ORD0075069,0.676,B_discount,log_value_ratio (z=+624.7),log_fee_to_value (z=-12.9),discount_pct (z=+7.9)
120255,ORD0057148,0.676,C_ship_lowprice,log_value_ratio (z=-312.2),price_vs_product (z=-10.6),log_shipping (z=+8.2)
47340,ORD0034293,0.6759,B_discount,log_value_ratio (z=+546.6),log_fee_to_value (z=-15.6),discount_pct (z=+6.5)
22316,ORD0000707,0.6759,E_newacct_value,log_value_ratio (z=+512.0),log_fee_to_value (z=-15.4),log_acct_age (z=-6.9)
88503,ORD0057161,0.6759,C_ship_lowprice,log_value_ratio (z=-259.7),price_vs_product (z=-15.1),log1p_tax_rate (z=+10.0)
124042,ORD0088048,0.6758,C_ship_lowprice,log_value_ratio (z=-361.3),price_vs_product (z=-9.9),log_shipping (z=+7.6)
31278,ORD0004276,0.6757,B_discount,log_value_ratio (z=+338.0),log_fee_to_value (z=-8.1),log1p_tax_rate (z=+7.7)
25219,ORD0088376,0.6757,E_newacct_value,log_value_ratio (z=+547.4),log_fee_to_value (z=-14.5),log_acct_age (z=-6.7)
17307,ORD0031221,0.6756,B_discount,log_value_ratio (z=+581.4),log_fee_to_value (z=-16.9),discount_pct (z=+7.3)
144920,ORD0062251,0.6756,B_discount,log_value_ratio (z=+496.6),log_fee_to_value (z=-11.5),discount_pct (z=+8.1)
89068,ORD0085135,0.6755,B_discount,log_value_ratio (z=+405.7),log_fee_to_value (z=-9.1),log1p_tax_rate (z=+8.9)
128619,ORD0043995,0.6754,B_discount,log_value_ratio (z=+504.4),log_fee_to_value (z=-10.9),log1p_tax_rate (z=+7.8)
71996,ORD0089718,0.6754,E_newacct_value,log_value_ratio (z=+471.1),log_fee_to_value (z=-12.7),log_acct_age (z=-8.1)
79979,ORD0049984,0.6754,B_discount,log_value_ratio (z=+545.9),log_fee_to_value (z=-12.5),discount_pct (z=+6.9)
86261,ORD0009535,0.6752,C_ship_lowprice,log_value_ratio (z=-173.7),price_vs_product (z=-17.2),log1p_tax_rate (z=+12.0)
2510,ORD0030835,0.6752,E_newacct_value,log_value_ratio (z=+553.0),log_fee_to_value (z=-17.9),log_acct_age (z=-6.7)
7260,ORD0053375,0.6752,E_newacct_value,log_value_ratio (z=+451.5),log_fee_to_value (z=-11.6),log_acct_age (z=-8.1)
79142,ORD0058805,0.6751,C_ship_lowprice,log_value_ratio (z=-253.8),price_vs_product (z=-14.9),log1p_tax_rate (z=+8.2)
126468,ORD0069884,0.6751,C_ship_lowprice,log_value_ratio (z=-382.0),price_vs_product (z=-9.2),log_shipping (z=+8.2)
8354,ORD0090812,0.6751,B_discount,log_value_ratio (z=+461.6),log_fee_to_value (z=-11.8),log1p_tax_rate (z=+8.0)
52495,ORD0084686,0.675,E_newacct_value,log_value_ratio (z=+447.4),log_fee_to_value (z=-11.8),log_acct_age (z=-8.9)
142158,ORD0091775,0.675,B_discount,log_value_ratio (z=+560.4),log_fee_to_value (z=-15.2),discount_pct (z=+6.7)
10755,ORD0041124,0.6749,E_newacct_value,log_value_ratio (z=+574.3),log_fee_to_value (z=-15.6),log_acct_age (z=-6.4)
44743,ORD0063488,0.6749,B_discount,log_value_ratio (z=+543.0),log_fee_to_value (z=-14.4),log1p_tax_rate (z=+8.8)
119185,ORD0067061,0.6748,B_discount,log_value_ratio (z=+446.2),log_fee_to_value (z=-10.1),discount_pct (z=+7.6)
110666,ORD0077584,0.6747,E_newacct_value,log_value_ratio (z=+533.7),log_fee_to_value (z=-14.7),log_acct_age (z=-8.9)
118695,ORD0069403,0.6746,B_discount,log_value_ratio (z=+374.3),log_fee_to_value (z=-7.7),discount_pct (z=+7.6)
11317,ORD0059517,0.6745,B_discount,log_value_ratio (z=+603.0),log_fee_to_value (z=-13.3),discount_pct (z=+7.3)
147874,ORD0025508,0.6745,B_discount,log_value_ratio (z=+595.1),log_fee_to_value (z=-14.9),discount_pct (z=+7.8)
46589,ORD0056542,0.6744,C_ship_lowprice,log_value_ratio (z=-303.7),price_vs_product (z=-12.1),log1p_tax_rate (z=+9.4)
43590,ORD0053407,0.6744,E_newacct_value,log_value_ratio (z=+483.8),log_fee_to_value (z=-13.4),log_acct_age (z=-8.9)
8494,ORD0012462,0.6744,B_discount,log_value_ratio (z=+421.5),log_fee_to_value (z=-10.0),discount_pct (z=+7.6)
26309,ORD0005161,0.6743,B_discount,log_value_ratio (z=+488.1),log_fee_to_value (z=-11.4),log1p_tax_rate (z=+9.6)
39501,ORD0049133,0.6743,C_ship_lowprice,log_value_ratio (z=-354.5),log_shipping (z=+6.8),price_vs_product (z=-5.7)
130998,ORD0015096,0.6742,B_discount,log_value_ratio (z=+572.6),log_fee_to_value (z=-16.1),discount_pct (z=+6.8)
124160,ORD0014992,0.6742,B_discount,log_value_ratio (z=+526.8),log_fee_to_value (z=-13.2),discount_pct (z=+7.1)
144542,ORD0014167,0.6741,E_newacct_value,log_value_ratio (z=+542.8),log_fee_to_value (z=-15.0),log_acct_age (z=-6.5)
86959,ORD0060427,0.6741,B_discount,log_value_ratio (z=+518.8),log_fee_to_value (z=-13.6),discount_pct (z=+6.7)
108848,ORD0022440,0.6739,E_newacct_value,log_value_ratio (z=+488.9),log_fee_to_value (z=-14.8),log_acct_age (z=-8.1)
95898,ORD0048782,0.6739,B_discount,log_value_ratio (z=+397.2),log1p_tax_rate (z=+8.6),log_fee_to_value (z=-7.8)
100963,ORD0041476,0.6738,B_discount,log_value_ratio (z=+442.4),log_fee_to_value (z=-8.6),discount_pct (z=+7.8)
25744,ORD0053842,0.6738,E_newacct_value,log_value_ratio (z=+442.1),log_fee_to_value (z=-11.9),log_acct_age (z=-8.1)
122929,ORD0025342,0.6738,C_ship_lowprice,log_value_ratio (z=-225.1),price_vs_product (z=-15.6),log_shipping (z=+7.6)
21598,ORD0024008,0.6737,E_newacct_value,log_value_ratio (z=+408.5),log_fee_to_value (z=-11.9),log_acct_age (z=-7.6)
6777,ORD0016576,0.6736,B_discount,log_value_ratio (z=+512.5),log_fee_to_value (z=-12.7),discount_pct (z=+8.1)
36873,ORD0082839,0.6736,B_discount,log_value_ratio (z=+572.5),log_fee_to_value (z=-12.4),discount_pct (z=+8.2)
78978,ORD0049903,0.6735,C_ship_lowprice,log_value_ratio (z=-253.6),price_vs_product (z=-17.0),log_shipping (z=+8.3)
49699,ORD0007473,0.6734,E_newacct_value,log_value_ratio (z=+422.7),log_fee_to_value (z=-11.1),log_acct_age (z=-8.1)
37212,ORD0029205,0.6734,C_ship_lowprice,log_value_ratio (z=-234.3),price_vs_product (z=-13.9),log1p_tax_rate (z=+10.4)
64409,ORD0034092,0.6733,E_newacct_value,log_value_ratio (z=+567.5),log_fee_to_value (z=-19.5),log_acct_age (z=-7.2)
19955,ORD0070385,0.6732,B_discount,log_value_ratio (z=+496.2),log_fee_to_value (z=-11.2),log_fee_rate (z=+8.8)
8549,ORD0051123,0.6731,B_discount,log_value_ratio (z=+553.5),log_fee_to_value (z=-14.1),discount_pct (z=+7.2)
50596,ORD0049259,0.6731,B_discount,log_value_ratio (z=+601.7),log_fee_to_value (z=-13.0),discount_pct (z=+7.5)
13697,ORD0039348,0.6731,A_bulk,log_quantity (z=+11.8),log_fee_rate (z=-11.7),log_fee_to_value (z=-9.3)
128466,ORD0002014,0.673,B_discount,log_value_ratio (z=+517.2),log_fee_to_value (z=-15.3),discount_pct (z=+6.8)
26394,ORD0028784,0.6729,B_discount,log_value_ratio (z=+456.7),log_fee_to_value (z=-9.1),discount_pct (z=+7.7)
89402,ORD0085660,0.6728,E_newacct_value,log_value_ratio (z=+543.8),log_fee_to_value (z=-16.3),log_acct_age (z=-8.1)
21381,ORD0066322,0.6728,E_newacct_value,log_value_ratio (z=+539.2),log_fee_to_value (z=-15.2),log_acct_age (z=-8.1)
118566,ORD0016565,0.6726,B_discount,log_value_ratio (z=+469.1),log_fee_to_value (z=-13.6),discount_pct (z=+6.9)
110636,ORD0047347,0.6726,E_newacct_value,log_value_ratio (z=+562.0),log_fee_to_value (z=-18.5),log_acct_age (z=-7.2)
60850,ORD0074672,0.6725,C_ship_lowprice,log_value_ratio (z=-344.5),price_vs_product (z=-9.3),log_shipping (z=+8.6)
20465,ORD0072849,0.6725,B_discount,log_value_ratio (z=+569.0),log_fee_to_value (z=-14.9),discount_pct (z=+6.7)
3116,ORD0062011,0.6724,E_newacct_value,log_value_ratio (z=+620.3),log_fee_to_value (z=-19.2),log_acct_age (z=-6.9)
97219,ORD0061442,0.6724,E_newacct_value,log_value_ratio (z=+554.2),log_fee_to_value (z=-15.4),log_acct_age (z=-7.2)
109962,ORD0064164,0.6723,E_newacct_value,log_value_ratio (z=+564.6),log_fee_to_value (z=-15.9),log_acct_age (z=-8.1)
125073,ORD0030774,0.6722,C_ship_lowprice,log_value_ratio (z=-193.1),price_vs_product (z=-16.4),log1p_tax_rate (z=+10.6)
56856,ORD0030353,0.6721,C_ship_lowprice,log_value_ratio (z=-300.0),price_vs_product (z=-12.6),log_shipping (z=+8.4)
3456,ORD0052554,0.672,B_discount,log_value_ratio (z=+462.7),log_fee_to_value (z=-9.4),log1p_tax_rate (z=+8.5)
45545,ORD0063185,0.672,B_discount,log_value_ratio (z=+484.5),log_fee_to_value (z=-11.8),discount_pct (z=+6.3)
49043,ORD0037716,0.672,C_ship_lowprice,log_value_ratio (z=-252.7),price_vs_product (z=-15.7),log_shipping (z=+8.5)
77580,ORD0030711,0.6719,B_discount,log_value_ratio (z=+480.9),log_fee_to_value (z=-9.2),discount_pct (z=+7.0)
18834,ORD0063205,0.6718,C_ship_lowprice,log_value_ratio (z=-206.6),price_vs_product (z=-17.7),log_fee_rate (z=+9.7)
51473,ORD0071156,0.6716,B_discount,log_value_ratio (z=+530.8),log_fee_to_value (z=-12.7),log_fee_rate (z=+8.4)
44462,ORD0026048,0.6716,E_newacct_value,log_value_ratio (z=+558.8),log_fee_to_value (z=-15.8),log_acct_age (z=-6.9)
33055,ORD0039998,0.6715,C_ship_lowprice,log_value_ratio (z=-123.7),price_vs_product (z=-14.8),log1p_tax_rate (z=+12.7)
9877,ORD0000127,0.6715,B_discount,log_value_ratio (z=+498.3),log_fee_to_value (z=-8.6),discount_pct (z=+8.2)
13953,ORD0005312,0.6713,B_discount,log_value_ratio (z=+538.4),log_fee_to_value (z=-11.7),discount_pct (z=+7.4)
149302,ORD0034651,0.6713,C_ship_lowprice,log_value_ratio (z=-278.7),price_vs_product (z=-12.4),log_shipping (z=+8.3)
111452,ORD0001756,0.6713,B_discount,log_value_ratio (z=+385.4),log_fee_to_value (z=-9.3),log1p_tax_rate (z=+8.7)
72152,ORD0061883,0.6713,C_ship_lowprice,log_value_ratio (z=-323.7),price_vs_product (z=-7.4),log_shipping (z=+7.4)
22617,ORD0076907,0.6712,B_discount,log_value_ratio (z=+528.6),log_fee_to_value (z=-13.1),discount_pct (z=+7.6)
72002,ORD0037706,0.6712,E_newacct_value,log_value_ratio (z=+552.1),log_fee_to_value (z=-17.6),log_acct_age (z=-8.1)
11053,ORD0044186,0.6712,C_ship_lowprice,log_value_ratio (z=-190.5),price_vs_product (z=-10.1),log_shipping (z=+8.4)
119088,ORD0007515,0.6712,C_ship_lowprice,log_value_ratio (z=-332.6),price_vs_product (z=-10.1),log_shipping (z=+8.6)
65904,ORD0063756,0.6711,C_ship_lowprice,log_value_ratio (z=-84.3),price_vs_product (z=-18.2),log1p_tax_rate (z=+10.2)
122062,ORD0037595,0.671,E_newacct_value,log_value_ratio (z=+451.3),log_fee_to_value (z=-14.0),log_acct_age (z=-8.9)
106343,ORD0074487,0.671,B_discount,log_value_ratio (z=+474.3),log_fee_to_value (z=-10.0),discount_pct (z=+7.6)
30674,ORD0076806,0.6709,B_discount,log_value_ratio (z=+498.4),log_fee_to_value (z=-14.8),discount_pct (z=+7.9)
37266,ORD0063344,0.6709,B_discount,log_value_ratio (z=+544.3),log_fee_to_value (z=-12.4),discount_pct (z=+7.6)
122043,ORD0047098,0.6709,B_discount,log_value_ratio (z=+581.6),log_fee_to_value (z=-16.8),discount_pct (z=+7.3)
35823,ORD0083032,0.6708,B_discount,log_value_ratio (z=+607.5),log_fee_to_value (z=-14.9),discount_pct (z=+7.1)
47402,ORD0013245,0.6708,B_discount,log_value_ratio (z=+383.7),discount_pct (z=+7.6),log_fee_rate (z=+6.4)
100160,ORD0041392,0.6708,B_discount,log_value_ratio (z=+562.9),log_fee_to_value (z=-10.8),discount_pct (z=+7.8)
90506,ORD0060949,0.6707,E_newacct_value,log_value_ratio (z=+572.8),log_fee_to_value (z=-17.7),log_acct_age (z=-6.5)
141407,ORD0051825,0.6706,B_discount,log_value_ratio (z=+355.3),log_fee_to_value (z=-8.9),discount_pct (z=+7.8)
100281,ORD0002744,0.6705,B_discount,log_value_ratio (z=+562.6),log_fee_to_value (z=-14.2),discount_pct (z=+7.6)
40094,ORD0074015,0.6705,E_newacct_value,log_value_ratio (z=+518.3),log_fee_to_value (z=-13.9),log_acct_age (z=-6.9)
145431,ORD0059602,0.6705,E_newacct_value,log_value_ratio (z=+462.0),log_fee_to_value (z=-13.8),log_acct_age (z=-8.9)
13633,ORD0086431,0.6704,B_discount,log_value_ratio (z=+489.3),log_fee_to_value (z=-10.8),discount_pct (z=+7.7)
128520,ORD0078529,0.6703,A_bulk,log_fee_rate (z=-12.7),log_fee_to_value (z=-10.2),log_quantity (z=+9.2)
97127,ORD0016921,0.6701,E_newacct_value,log_value_ratio (z=+460.5),log_fee_to_value (z=-14.5),log_acct_age (z=-8.9)
87211,ORD0060330,0.6701,B_discount,log_value_ratio (z=+536.5),log_fee_to_value (z=-11.7),discount_pct (z=+6.8)
96075,ORD0085377,0.67,C_ship_lowprice,log_value_ratio (z=-374.5),price_vs_product (z=-8.9),log_shipping (z=+8.4)
49910,ORD0066980,0.6699,B_discount,log_value_ratio (z=+543.2),log_fee_to_value (z=-15.4),discount_pct (z=+6.9)
62709,ORD0061976,0.6699,B_discount,log_value_ratio (z=+490.8),log_fee_to_value (z=-12.7),discount_pct (z=+8.0)
3171,ORD0035217,0.6698,B_discount,log_value_ratio (z=+338.5),discount_pct (z=+7.6),log1p_tax_rate (z=+7.1)
129397,ORD0031838,0.6698,E_newacct_value,log_value_ratio (z=+583.4),log_fee_to_value (z=-17.6),log_acct_age (z=-6.5)
81546,ORD0013345,0.6698,C_ship_lowprice,log_value_ratio (z=-285.7),price_vs_product (z=-14.2),log_shipping (z=+8.6)
97434,ORD0035350,0.6698,C_ship_lowprice,log_value_ratio (z=-280.1),price_vs_product (z=-11.0),log_shipping (z=+8.5)
22649,ORD0040308,0.6698,B_discount,log_value_ratio (z=+604.8),log_fee_to_value (z=-15.9),discount_pct (z=+6.6)
32472,ORD0088991,0.6697,B_discount,log_value_ratio (z=+433.1),log_fee_to_value (z=-9.6),log1p_tax_rate (z=+8.1)
47691,ORD0042112,0.6697,A_bulk,log_fee_rate (z=-11.4),log_quantity (z=+10.3),log_fee_to_value (z=-9.1)
10736,ORD0070547,0.6697,E_newacct_value,log_value_ratio (z=+542.1),log_fee_to_value (z=-16.3),log_acct_age (z=-8.9)
126196,ORD0025574,0.6697,B_discount,log_value_ratio (z=+470.1),log_fee_to_value (z=-11.6),log1p_tax_rate (z=+7.9)
139483,ORD0016171,0.6697,B_discount,log_value_ratio (z=+503.4),log_fee_rate (z=+8.6),log_fee_to_value (z=-8.3)
37826,ORD0003510,0.6697,B_discount,log_value_ratio (z=+474.4),log_fee_to_value (z=-11.6),discount_pct (z=+7.2)
87117,ORD0013603,0.6695,E_newacct_value,log_value_ratio (z=+526.2),log_fee_to_value (z=-14.4),log_acct_age (z=-8.1)
81051,ORD0042516,0.6695,B_discount,log_value_ratio (z=+314.5),discount_pct (z=+7.3),log_fee_to_value (z=-7.0)
30667,ORD0046517,0.6694,B_discount,log_value_ratio (z=+292.2),discount_pct (z=+7.6),log_fee_to_value (z=-5.6)
4184,ORD0054807,0.6694,B_discount,log_value_ratio (z=+430.8),log_fee_to_value (z=-9.3),discount_pct (z=+6.7)
1450,ORD0031121,0.6693,C_ship_lowprice,log_value_ratio (z=-296.0),price_vs_product (z=-11.8),log_shipping (z=+8.6)
88338,ORD0046429,0.6693,B_discount,log_value_ratio (z=+481.4),log_fee_to_value (z=-10.8),log1p_tax_rate (z=+8.7)
107379,ORD0013446,0.6693,B_discount,log_value_ratio (z=+504.5),log_fee_to_value (z=-10.3),discount_pct (z=+7.6)
54239,ORD0060965,0.6693,C_ship_lowprice,log_value_ratio (z=-158.3),price_vs_product (z=-20.8),log_fee_rate (z=+8.1)
22044,ORD0083302,0.6692,B_discount,log_value_ratio (z=+491.9),log_fee_to_value (z=-8.0),discount_pct (z=+7.6)
65573,ORD0088577,0.6691,E_newacct_value,log_value_ratio (z=+485.8),log_fee_to_value (z=-15.5),log_acct_age (z=-7.6)
38557,ORD0024265,0.669,B_discount,log_value_ratio (z=+501.9),log_fee_to_value (z=-9.5),log_fee_rate (z=+9.1)
18130,ORD0024155,0.669,B_discount,log_value_ratio (z=+491.6),log_fee_to_value (z=-10.4),discount_pct (z=+7.6)
137388,ORD0055058,0.6689,C_ship_lowprice,log_value_ratio (z=-132.4),price_vs_product (z=-16.0),log_shipping (z=+8.0)
25003,ORD0033036,0.6687,C_ship_lowprice,log_value_ratio (z=-269.6),price_vs_product (z=-10.2),log_shipping (z=+8.0)
39221,ORD0063164,0.6687,B_discount,log_value_ratio (z=+541.4),log_fee_to_value (z=-11.1),discount_pct (z=+8.2)
61699,ORD0043983,0.6687,B_discount,log_value_ratio (z=+583.7),log_fee_to_value (z=-13.0),discount_pct (z=+6.5)
89988,ORD0004767,0.6686,E_newacct_value,log_value_ratio (z=+556.3),log_fee_to_value (z=-17.6),log_acct_age (z=-6.9)
19036,ORD0031020,0.6684,B_discount,log_value_ratio (z=+600.0),log_fee_to_value (z=-14.9),discount_pct (z=+7.4)
36660,ORD0041334,0.6683,B_discount,log_value_ratio (z=+546.7),log_fee_to_value (z=-11.7),discount_pct (z=+8.4)
35069,ORD0048161,0.6682,B_discount,log_value_ratio (z=+500.8),log_fee_to_value (z=-11.8),discount_pct (z=+8.4)
126079,ORD0018312,0.6681,E_newacct_value,log_value_ratio (z=+396.0),log_fee_to_value (z=-12.3),log_acct_age (z=-7.6)
42457,ORD0044171,0.6681,C_ship_lowprice,log_value_ratio (z=-290.8),price_vs_product (z=-9.5),log_shipping (z=+6.5)
124864,ORD0042556,0.6681,C_ship_lowprice,log_value_ratio (z=-138.6),price_vs_product (z=-15.3),log_fee_rate (z=+8.8)
72901,ORD0018887,0.668,E_newacct_value,log_value_ratio (z=+498.0),log_fee_to_value (z=-14.3),log_acct_age (z=-8.9)
41135,ORD0071167,0.6679,E_newacct_value,log_value_ratio (z=+515.6),log_fee_to_value (z=-15.1),log_acct_age (z=-8.1)
50359,ORD0072339,0.6678,E_newacct_value,log_value_ratio (z=+550.9),log_fee_to_value (z=-15.3),log_acct_age (z=-7.6)
38645,ORD0000926,0.6677,B_discount,log_value_ratio (z=+531.0),log_fee_to_value (z=-12.3),discount_pct (z=+7.4)
29225,ORD0018020,0.6677,B_discount,log_value_ratio (z=+445.4),log_fee_to_value (z=-10.8),log1p_tax_rate (z=+7.9)
33792,ORD0039080,0.6676,E_newacct_value,log_value_ratio (z=+548.0),log_fee_to_value (z=-15.1),log_acct_age (z=-8.1)
85310,ORD0002266,0.6676,E_newacct_value,log_value_ratio (z=+410.9),log_fee_to_value (z=-11.8),log_acct_age (z=-8.9)
28176,ORD0016234,0.6676,B_discount,log_value_ratio (z=+521.1),log_fee_to_value (z=-12.6),discount_pct (z=+7.3)
86303,ORD0005854,0.6676,C_ship_lowprice,log_value_ratio (z=-370.2),log_shipping (z=+8.2),price_vs_product (z=-7.0)
123930,ORD0069336,0.6675,E_newacct_value,log_value_ratio (z=+526.0),log_fee_to_value (z=-15.5),log_acct_age (z=-8.1)
86520,ORD0017656,0.6675,C_ship_lowprice,price_vs_product (z=-20.3),log_value_ratio (z=+18.9),log_fee_rate (z=+8.9)
117187,ORD0001809,0.6674,C_ship_lowprice,log_value_ratio (z=-318.6),price_vs_product (z=-9.7),log_shipping (z=+8.0)
101074,ORD0009047,0.6673,E_newacct_value,log_value_ratio (z=+463.4),log_fee_to_value (z=-14.6),log_acct_age (z=-8.9)
108527,ORD0048254,0.6672,E_newacct_value,log_value_ratio (z=+496.2),log_fee_to_value (z=-15.7),log_acct_age (z=-7.2)
84091,ORD0012904,0.6672,B_discount,log_value_ratio (z=+487.5),log_fee_to_value (z=-11.0),discount_pct (z=+6.6)
35851,ORD0052343,0.6671,C_ship_lowprice,log_value_ratio (z=-253.9),price_vs_product (z=-11.3),log_shipping (z=+8.2)
123017,ORD0071917,0.6669,B_discount,log_value_ratio (z=+423.6),log_fee_to_value (z=-8.4),discount_pct (z=+6.9)
9243,ORD0087355,0.6668,E_newacct_value,log_value_ratio (z=+522.0),log_fee_to_value (z=-15.8),log_acct_age (z=-6.5)
64640,ORD0005425,0.6668,E_newacct_value,log_value_ratio (z=+516.8),log_fee_to_value (z=-17.1),log_acct_age (z=-6.5)
16469,ORD0049484,0.6667,B_discount,log_value_ratio (z=+375.4),discount_pct (z=+8.2),log_fee_rate (z=+7.4)
8138,ORD0022224,0.6665,C_ship_lowprice,log_value_ratio (z=-252.3),price_vs_product (z=-7.4),log_shipping (z=+7.2)
46087,ORD0065202,0.6664,B_discount,log_value_ratio (z=+545.3),log_fee_to_value (z=-16.7),discount_pct (z=+7.1)
101663,ORD0088037,0.6664,B_discount,log_value_ratio (z=+449.3),log_fee_to_value (z=-8.5),discount_pct (z=+7.4)
145768,ORD0010784,0.6663,E_newacct_value,log_value_ratio (z=+482.4),log_fee_to_value (z=-14.9),log_acct_age (z=-7.2)
100487,ORD0048502,0.6663,B_discount,log_value_ratio (z=+333.3),discount_pct (z=+7.6),log_fee_rate (z=+7.3)
33511,ORD0058580,0.6662,B_discount,log_value_ratio (z=+493.1),log_fee_to_value (z=-13.8),discount_pct (z=+7.6)
110517,ORD0061613,0.6662,B_discount,log_value_ratio (z=+552.1),log_fee_to_value (z=-12.1),discount_pct (z=+6.7)
12142,ORD0042664,0.6661,C_ship_lowprice,log_value_ratio (z=-249.6),price_vs_product (z=-13.6),log_shipping (z=+8.1)
117398,ORD0024347,0.6661,A_bulk,price_vs_product (z=+14.9),log_fee_rate (z=-12.1),log_fee_to_value (z=-9.6)
138014,ORD0080881,0.666,B_discount,log_value_ratio (z=+507.3),log_fee_to_value (z=-11.4),log1p_tax_rate (z=+8.3)
62656,ORD0071366,0.6659,C_ship_lowprice,log_value_ratio (z=-361.7),log_shipping (z=+7.6),price_vs_product (z=-5.0)
99961,ORD0074807,0.6659,B_discount,log_value_ratio (z=+252.0),log1p_tax_rate (z=+6.9),discount_pct (z=+6.9)
116145,ORD0038148,0.6659,B_discount,log_value_ratio (z=+466.3),log_fee_to_value (z=-11.6),discount_pct (z=+7.6)
70906,ORD0033219,0.6658,B_discount,log_value_ratio (z=+567.2),log_fee_to_value (z=-14.9),discount_pct (z=+6.4)
97830,ORD0084504,0.6658,E_newacct_value,log_value_ratio (z=+587.3),log_fee_to_value (z=-18.0),log_acct_age (z=-6.4)
69708,ORD0021273,0.6656,B_discount,log_value_ratio (z=+463.8),log_fee_to_value (z=-11.4),discount_pct (z=+7.1)
96001,ORD0075869,0.6656,C_ship_lowprice,log_value_ratio (z=-399.7),log_shipping (z=+8.5),price_vs_product (z=-5.4)
76869,ORD0067779,0.6655,E_newacct_value,log_value_ratio (z=+516.2),log_fee_to_value (z=-16.5),log_acct_age (z=-7.6)
16276,ORD0078143,0.6655,E_newacct_value,log_value_ratio (z=+429.8),log_fee_to_value (z=-11.3),log_acct_age (z=-8.9)
3827,ORD0036195,0.6654,B_discount,log_value_ratio (z=+547.4),log_fee_to_value (z=-14.3),discount_pct (z=+6.6)
139493,ORD0012302,0.6654,B_discount,log_value_ratio (z=+420.4),log_fee_to_value (z=-9.5),discount_pct (z=+7.3)
9157,ORD0057491,0.6654,B_discount,log_value_ratio (z=+582.2),log_fee_to_value (z=-13.4),discount_pct (z=+7.5)
112324,ORD0019121,0.6654,A_bulk,log_fee_rate (z=-14.4),log_fee_to_value (z=-11.4),price_vs_product (z=+10.5)
93743,ORD0054623,0.6654,B_discount,log_value_ratio (z=+399.5),log_fee_rate (z=+8.4),discount_pct (z=+8.1)
131937,ORD0081520,0.6653,B_discount,log_value_ratio (z=+504.2),log_fee_to_value (z=-11.7),discount_pct (z=+6.7)
13197,ORD0013586,0.6653,B_discount,log_fee_to_value (z=-15.4),discount_pct (z=+7.9),log_fee_rate (z=+6.7)
55603,ORD0021440,0.6651,C_ship_lowprice,log_value_ratio (z=-379.0),log_shipping (z=+8.2),price_vs_product (z=-5.9)
40151,ORD0015240,0.6651,B_discount,log_value_ratio (z=+513.3),log_fee_to_value (z=-13.4),discount_pct (z=+7.0)
38908,ORD0037792,0.6651,B_discount,log_value_ratio (z=+539.1),log_fee_to_value (z=-15.1),discount_pct (z=+7.6)
5020,ORD0014285,0.665,C_ship_lowprice,log_value_ratio (z=-105.1),price_vs_product (z=-15.1),log_shipping (z=+8.6)
128504,ORD0080560,0.6649,B_discount,log_value_ratio (z=+414.1),discount_pct (z=+8.0),log_fee_rate (z=+7.4)
50046,ORD0059328,0.6649,C_ship_lowprice,log_value_ratio (z=-256.0),price_vs_product (z=-11.8),log1p_tax_rate (z=+9.3)
46839,ORD0036526,0.6647,E_newacct_value,log_value_ratio (z=+557.1),log_fee_to_value (z=-17.6),log_acct_age (z=-7.6)
78445,ORD0081971,0.6647,B_discount,log_value_ratio (z=+338.9),discount_pct (z=+8.0),log_fee_to_value (z=-6.8)
10362,ORD0057388,0.6646,C_ship_lowprice,log_value_ratio (z=-246.5),price_vs_product (z=-11.2),log_shipping (z=+8.4)
58648,ORD0071576,0.6645,B_discount,log_value_ratio (z=+560.2),log_fee_to_value (z=-14.3),discount_pct (z=+7.2)
80630,ORD0034404,0.6645,E_newacct_value,log_value_ratio (z=+553.2),log_fee_to_value (z=-16.3),log_acct_age (z=-7.6)
100291,ORD0078116,0.6645,C_ship_lowprice,log_value_ratio (z=-311.1),price_vs_product (z=-12.2),log_shipping (z=+7.9)
32041,ORD0004494,0.6643,B_discount,log_value_ratio (z=+548.2),log_fee_to_value (z=-15.6),discount_pct (z=+7.2)
72314,ORD0002465,0.6642,E_newacct_value,log_value_ratio (z=+457.5),log_fee_to_value (z=-12.9),log_acct_age (z=-8.9)
117901,ORD0028527,0.6642,E_newacct_value,log_value_ratio (z=+538.0),log_fee_to_value (z=-16.6),log_acct_age (z=-8.1)
96838,ORD0010329,0.6642,B_discount,log_value_ratio (z=+356.3),log_fee_to_value (z=-7.2),discount_pct (z=+6.6)
144379,ORD0045940,0.6641,C_ship_lowprice,log_value_ratio (z=-274.7),price_vs_product (z=-10.6),log_shipping (z=+7.8)
100221,ORD0083089,0.664,E_newacct_value,log_value_ratio (z=+522.9),log_fee_to_value (z=-15.7),log_acct_age (z=-7.6)
77404,ORD0007694,0.664,C_ship_lowprice,log_value_ratio (z=-486.9),log_shipping (z=+8.2),price_vs_product (z=-5.0)
127272,ORD0051997,0.664,E_newacct_value,log_value_ratio (z=+514.3),log_fee_to_value (z=-16.0),log_acct_age (z=-6.4)
110021,ORD0004666,0.664,C_ship_lowprice,log_value_ratio (z=-245.6),price_vs_product (z=-10.3),log_shipping (z=+7.4)
100351,ORD0072263,0.6639,B_discount,log_value_ratio (z=+389.4),log_fee_to_value (z=-7.9),discount_pct (z=+7.3)
70448,ORD0089230,0.6638,E_newacct_value,log_value_ratio (z=+440.1),log_fee_to_value (z=-12.3),log_acct_age (z=-8.9)
146384,ORD0012318,0.6638,C_ship_lowprice,log_value_ratio (z=-188.7),price_vs_product (z=-14.7),log_shipping (z=+7.9)
120943,ORD0013243,0.6637,C_ship_lowprice,log_value_ratio (z=-266.8),price_vs_product (z=-15.0),log_shipping (z=+7.8)
146582,ORD0018067,0.6636,B_discount,log_value_ratio (z=+449.1),log_fee_to_value (z=-8.1),discount_pct (z=+7.3)
88307,ORD0032114,0.6636,B_discount,log_value_ratio (z=+409.1),log_fee_to_value (z=-10.2),discount_pct (z=+7.6)
45072,ORD0073000,0.6636,B_discount,log_value_ratio (z=+481.9),log_fee_to_value (z=-12.3),discount_pct (z=+7.2)
131443,ORD0083598,0.6636,C_ship_lowprice,log_value_ratio (z=-220.7),price_vs_product (z=-12.6),log1p_tax_rate (z=+8.2)
32972,ORD0035615,0.6635,B_discount,log_value_ratio (z=+561.9),log_fee_to_value (z=-13.2),discount_pct (z=+7.5)
134766,ORD0072308,0.6635,E_newacct_value,log_value_ratio (z=+426.1),log_fee_to_value (z=-11.1),log_acct_age (z=-6.5)
88937,ORD0015497,0.6634,B_discount,log_value_ratio (z=+385.0),log_fee_to_value (z=-7.3),discount_pct (z=+6.5)
97449,ORD0044088,0.6633,B_discount,log_value_ratio (z=+459.0),log_fee_to_value (z=-10.4),discount_pct (z=+7.9)
61606,ORD0058074,0.6633,B_discount,log_value_ratio (z=+485.7),log_fee_to_value (z=-9.9),discount_pct (z=+7.6)
126058,ORD0034926,0.6633,C_ship_lowprice,log_value_ratio (z=-300.4),price_vs_product (z=-11.5),log_shipping (z=+8.5)
92887,ORD0007079,0.6633,E_newacct_value,log_value_ratio (z=+368.5),log_fee_to_value (z=-11.3),log_acct_age (z=-8.9)
62981,ORD0000464,0.6632,C_ship_lowprice,log_value_ratio (z=-287.0),price_vs_product (z=-10.1),log_shipping (z=+8.3)
136890,ORD0024073,0.6632,C_ship_lowprice,log_value_ratio (z=-84.5),price_vs_product (z=-17.0),log1p_tax_rate (z=+10.7)
115073,ORD0067604,0.6632,B_discount,log_value_ratio (z=+414.0),log_fee_to_value (z=-13.4),discount_pct (z=+7.2)
24366,ORD0032426,0.6631,C_ship_lowprice,log_value_ratio (z=-186.3),price_vs_product (z=-13.5),log_shipping (z=+7.9)
50370,ORD0030536,0.6631,E_newacct_value,log_value_ratio (z=+389.7),log_fee_to_value (z=-11.8),log_acct_age (z=-8.9)
12975,ORD0053901,0.663,A_bulk,log_value_ratio (z=+12.9),log_fee_rate (z=-12.9),log_quantity (z=+11.0)
104689,ORD0035679,0.663,E_newacct_value,log_value_ratio (z=+517.0),log_fee_to_value (z=-16.0),log_acct_age (z=-7.2)
108615,ORD0060159,0.6629,C_ship_lowprice,log_value_ratio (z=-217.9),price_vs_product (z=-12.9),log1p_tax_rate (z=+8.3)
131288,ORD0025883,0.6628,C_ship_lowprice,log_value_ratio (z=+35.2),price_vs_product (z=-17.1),log1p_tax_rate (z=+12.1)
89738,ORD0065807,0.6628,B_discount,log_value_ratio (z=+471.6),log_fee_to_value (z=-11.9),discount_pct (z=+7.8)
92595,ORD0037592,0.6628,B_discount,log_value_ratio (z=+442.6),log_fee_to_value (z=-13.0),discount_pct (z=+7.5)
108267,ORD0045920,0.6627,E_newacct_value,log_value_ratio (z=+509.4),log_fee_to_value (z=-15.4),log_acct_age (z=-8.1)
95988,ORD0013669,0.6627,E_newacct_value,log_value_ratio (z=+450.0),log_fee_to_value (z=-12.5),log_acct_age (z=-8.9)
102940,ORD0039151,0.6626,E_newacct_value,log_value_ratio (z=+536.6),log_fee_to_value (z=-16.8),log_acct_age (z=-6.9)
56033,ORD0085463,0.6625,E_newacct_value,log_value_ratio (z=+261.2),log_acct_age (z=-8.1),log_fee_to_value (z=-7.3)
100010,ORD0000523,0.6623,B_discount,log_value_ratio (z=+388.0),discount_pct (z=+7.5),log_fee_to_value (z=-6.2)
129074,ORD0057487,0.6623,B_discount,log_value_ratio (z=+514.2),log_fee_to_value (z=-13.4),discount_pct (z=+6.9)
112587,ORD0083016,0.6622,B_discount,log_value_ratio (z=+498.7),log_fee_to_value (z=-12.9),discount_pct (z=+6.7)
6108,ORD0037684,0.6622,B_discount,log_value_ratio (z=+551.9),log_fee_to_value (z=-14.2),discount_pct (z=+6.8)
75847,ORD0052104,0.6622,C_ship_lowprice,log_value_ratio (z=-290.1),price_vs_product (z=-12.7),log_shipping (z=+8.1)
81621,ORD0084902,0.6622,E_newacct_value,log_value_ratio (z=+521.9),log_fee_to_value (z=-15.3),log_acct_age (z=-6.9)
113190,ORD0028956,0.6621,B_discount,log_value_ratio (z=+441.4),log_fee_to_value (z=-10.5),discount_pct (z=+7.1)
72176,ORD0043789,0.6621,B_discount,log_value_ratio (z=+303.0),discount_pct (z=+6.9),log_fee_to_value (z=-5.1)
28569,ORD0044051,0.6619,C_ship_lowprice,log_value_ratio (z=-187.0),price_vs_product (z=-14.1),log_shipping (z=+8.3)
37797,ORD0056349,0.6619,B_discount,log_value_ratio (z=+554.3),log_fee_to_value (z=-13.9),discount_pct (z=+7.8)
103604,ORD0088906,0.6618,C_ship_lowprice,log_value_ratio (z=-296.5),price_vs_product (z=-10.0),log_shipping (z=+7.5)
34776,ORD0082693,0.6618,B_discount,log_value_ratio (z=+508.6),log_fee_to_value (z=-12.3),discount_pct (z=+6.6)
64965,ORD0009646,0.6618,B_discount,log_value_ratio (z=+487.5),log_fee_to_value (z=-9.1),discount_pct (z=+7.8)
100829,ORD0060876,0.6616,B_discount,log_value_ratio (z=+485.2),log_fee_to_value (z=-8.6),discount_pct (z=+7.3)
34897,ORD0040466,0.6616,C_ship_lowprice,log_value_ratio (z=-303.5),price_vs_product (z=-13.3),log_shipping (z=+7.5)
128281,ORD0091120,0.6614,C_ship_lowprice,log_value_ratio (z=+38.0),price_vs_product (z=-13.7),log1p_tax_rate (z=+9.9)
47833,ORD0004064,0.6613,B_discount,log_value_ratio (z=+487.7),log_fee_to_value (z=-11.3),discount_pct (z=+7.8)
122931,ORD0026662,0.6613,C_ship_lowprice,log_value_ratio (z=-330.7),log_shipping (z=+8.1),price_vs_product (z=-7.1)
131021,ORD0011721,0.6612,B_discount,log_value_ratio (z=+438.3),log_fee_to_value (z=-9.9),discount_pct (z=+6.4)
32240,ORD0078082,0.6612,E_newacct_value,log_value_ratio (z=+446.2),log_fee_to_value (z=-13.9),log_acct_age (z=-8.9)
6854,ORD0032616,0.6612,C_ship_lowprice,log_value_ratio (z=-232.5),price_vs_product (z=-12.9),log_fee_rate (z=+6.9)
67752,ORD0037106,0.6611,C_ship_lowprice,log_value_ratio (z=-343.7),log_shipping (z=+6.9),price_vs_product (z=-5.7)
12548,ORD0066733,0.6611,B_discount,log_value_ratio (z=+501.2),log_fee_to_value (z=-11.1),discount_pct (z=+7.4)
28448,ORD0021293,0.6611,E_newacct_value,log_value_ratio (z=+452.4),log_fee_to_value (z=-13.7),log_acct_age (z=-8.9)
13930,ORD0039961,0.6611,C_ship_lowprice,log_value_ratio (z=-251.3),price_vs_product (z=-14.9),log_shipping (z=+8.0)
59864,ORD0016066,0.6611,E_newacct_value,log_value_ratio (z=+371.2),log_fee_to_value (z=-11.6),log_acct_age (z=-8.9)
31611,ORD0055457,0.6609,B_discount,log_value_ratio (z=+538.8),log_fee_to_value (z=-13.2),discount_pct (z=+7.6)
28877,ORD0040139,0.6608,C_ship_lowprice,log_value_ratio (z=-188.2),price_vs_product (z=-15.7),log_fee_rate (z=+8.7)
87199,ORD0091815,0.6608,C_ship_lowprice,log_value_ratio (z=-302.9),price_vs_product (z=-9.5),log_shipping (z=+7.6)
74577,ORD0005099,0.6608,E_newacct_value,log_value_ratio (z=+436.3),log_fee_to_value (z=-12.2),log_acct_age (z=-8.9)
118852,ORD0020353,0.6607,B_discount,log_value_ratio (z=+235.7),discount_pct (z=+6.8),log_fee_rate (z=+4.3)
65268,ORD0053052,0.6607,C_ship_lowprice,log_value_ratio (z=-253.7),price_vs_product (z=-16.6),log_shipping (z=+8.5)
40061,ORD0003155,0.6606,B_discount,log_value_ratio (z=+560.5),log_fee_to_value (z=-11.4),discount_pct (z=+7.7)
74758,ORD0087201,0.6605,C_ship_lowprice,log_value_ratio (z=-232.9),price_vs_product (z=-13.8),log_fee_rate (z=+6.5)
78391,ORD0041494,0.6604,E_newacct_value,log_value_ratio (z=+429.2),log_fee_to_value (z=-13.8),log_acct_age (z=-7.6)
139881,ORD0069747,0.6604,E_newacct_value,log_value_ratio (z=+567.1),log_fee_to_value (z=-17.4),log_acct_age (z=-6.7)
20256,ORD0032554,0.6604,C_ship_lowprice,log_value_ratio (z=-71.2),price_vs_product (z=-12.5),log1p_tax_rate (z=+8.4)
48460,ORD0029275,0.6603,B_discount,log_value_ratio (z=+498.9),log_fee_to_value (z=-12.6),discount_pct (z=+7.4)
15072,ORD0014199,0.6603,C_ship_lowprice,log_value_ratio (z=-332.9),log_shipping (z=+8.3),log_acct_age (z=-4.3)
1019,ORD0037116,0.6603,C_ship_lowprice,log_value_ratio (z=-181.7),price_vs_product (z=-8.6),log1p_tax_rate (z=+6.4)
6264,ORD0091482,0.6602,B_discount,log_value_ratio (z=+406.0),log_fee_to_value (z=-9.0),discount_pct (z=+6.6)
73732,ORD0087372,0.6602,B_discount,log_value_ratio (z=+424.2),log_fee_to_value (z=-13.8),discount_pct (z=+6.8)
78723,ORD0023747,0.6602,B_discount,log_value_ratio (z=+500.4),log_fee_to_value (z=-12.1),discount_pct (z=+7.3)
135139,ORD0028825,0.6602,C_ship_lowprice,log_value_ratio (z=-125.1),price_vs_product (z=-19.7),log_fee_rate (z=+9.0)
132077,ORD0004080,0.6601,C_ship_lowprice,log_value_ratio (z=-151.4),price_vs_product (z=-14.4),log1p_tax_rate (z=+11.8)
117984,ORD0006189,0.6599,C_ship_lowprice,log_value_ratio (z=-155.8),price_vs_product (z=-15.5),log1p_tax_rate (z=+12.9)
149925,ORD0035927,0.6599,E_newacct_value,log_value_ratio (z=+460.4),log_fee_to_value (z=-12.7),log_acct_age (z=-8.9)
5869,ORD0004111,0.6598,E_newacct_value,log_value_ratio (z=+318.7),log_fee_to_value (z=-9.3),log_acct_age (z=-8.9)
114154,ORD0086751,0.6598,C_ship_lowprice,log_value_ratio (z=-275.0),price_vs_product (z=-12.9),log_shipping (z=+8.1)
23559,ORD0076261,0.6598,B_discount,log_value_ratio (z=+474.9),log_fee_to_value (z=-11.5),discount_pct (z=+8.3)
44619,ORD0043007,0.6598,B_discount,log_value_ratio (z=+559.1),log_fee_to_value (z=-12.9),discount_pct (z=+7.2)
142271,ORD0011533,0.6597,E_newacct_value,log_value_ratio (z=+376.5),log_fee_to_value (z=-9.8),log_acct_age (z=-8.9)
146677,ORD0006479,0.6597,E_newacct_value,log_value_ratio (z=+577.5),log_fee_to_value (z=-17.7),log_acct_age (z=-6.4)
32430,ORD0058684,0.6595,E_newacct_value,log_value_ratio (z=+363.6),log_fee_to_value (z=-10.4),log_acct_age (z=-8.9)
139929,ORD0001186,0.6595,C_ship_lowprice,log_value_ratio (z=-213.9),price_vs_product (z=-14.4),log_shipping (z=+8.0)
67700,ORD0085925,0.6594,B_discount,log_value_ratio (z=+458.1),log_fee_to_value (z=-10.2),discount_pct (z=+6.8)
90737,ORD0048547,0.6594,E_newacct_value,log_value_ratio (z=+521.3),log_fee_to_value (z=-16.5),log_acct_age (z=-7.6)
105252,ORD0090240,0.6594,E_newacct_value,log_value_ratio (z=+508.3),log_fee_to_value (z=-15.4),log_acct_age (z=-6.4)
104141,ORD0021627,0.6594,B_discount,log_value_ratio (z=+410.3),log_fee_to_value (z=-8.8),discount_pct (z=+7.7)
117421,ORD0065002,0.6593,B_discount,log_value_ratio (z=+485.6),log_fee_to_value (z=-11.1),log1p_tax_rate (z=+7.4)
139305,ORD0070572,0.6592,C_ship_lowprice,log_value_ratio (z=-156.9),price_vs_product (z=-16.5),log_fee_rate (z=+7.7)
71623,ORD0005205,0.6592,B_discount,log_value_ratio (z=+413.5),log_fee_to_value (z=-8.8),discount_pct (z=+7.6)
2878,ORD0055128,0.6592,B_discount,log_value_ratio (z=+208.7),log1p_tax_rate (z=+7.3),discount_pct (z=+7.1)
63797,ORD0042282,0.6592,C_ship_lowprice,log_value_ratio (z=-95.9),price_vs_product (z=-13.6),log1p_tax_rate (z=+11.8)
50463,ORD0015679,0.6591,C_ship_lowprice,log_value_ratio (z=-275.8),price_vs_product (z=-10.4),log_shipping (z=+7.7)
92135,ORD0015963,0.6591,C_ship_lowprice,log_value_ratio (z=-211.9),price_vs_product (z=-17.5),log_shipping (z=+8.1)
95979,ORD0078010,0.6591,E_newacct_value,log_value_ratio (z=+462.7),log_fee_to_value (z=-15.0),log_acct_age (z=-6.7)
126587,ORD0056032,0.6589,C_ship_lowprice,log_value_ratio (z=-269.9),price_vs_product (z=-12.8),log_shipping (z=+7.9)
17018,ORD0018768,0.6589,E_newacct_value,log_value_ratio (z=+551.2),log_fee_to_value (z=-15.2),log_acct_age (z=-6.4)
88660,ORD0073622,0.6586,B_discount,log_value_ratio (z=+584.7),log_fee_to_value (z=-14.5),discount_pct (z=+7.0)
25424,ORD0037726,0.6586,B_discount,log_value_ratio (z=+542.6),log_fee_to_value (z=-13.4),discount_pct (z=+7.7)
109277,ORD0058574,0.6586,C_ship_lowprice,log_value_ratio (z=-378.7),price_vs_product (z=-8.7),log_shipping (z=+8.3)
10083,ORD0009406,0.6585,C_ship_lowprice,log_value_ratio (z=-262.0),price_vs_product (z=-12.1),log_shipping (z=+8.0)
124551,ORD0037496,0.6583,C_ship_lowprice,log_value_ratio (z=-179.2),price_vs_product (z=-12.2),log1p_tax_rate (z=+9.3)
38364,ORD0021956,0.6583,E_newacct_value,log_value_ratio (z=+447.3),log_fee_to_value (z=-11.8),log_acct_age (z=-7.6)
35228,ORD0005869,0.6583,E_newacct_value,log_value_ratio (z=+530.8),log_fee_to_value (z=-16.6),log_acct_age (z=-7.2)
16328,ORD0038191,0.6582,C_ship_lowprice,log_value_ratio (z=-176.5),price_vs_product (z=-9.5),log_shipping (z=+7.5)
92254,ORD0048388,0.6581,E_newacct_value,log_value_ratio (z=+431.5),log_fee_to_value (z=-13.0),log_acct_age (z=-8.9)
136231,ORD0073834,0.658,E_newacct_value,log_value_ratio (z=+483.7),log_fee_to_value (z=-15.1),log_acct_age (z=-6.7)
91166,ORD0071245,0.658,E_newacct_value,log_value_ratio (z=+337.8),log_fee_to_value (z=-10.9),log_acct_age (z=-7.6)
114489,ORD0041697,0.6579,E_newacct_value,log_value_ratio (z=+540.2),log_fee_to_value (z=-16.9),log_acct_age (z=-6.5)
62506,ORD0016038,0.6579,B_discount,log_value_ratio (z=+462.5),log_fee_to_value (z=-10.1),log1p_tax_rate (z=+7.3)
108664,ORD0065183,0.6579,E_newacct_value,log_value_ratio (z=+507.9),log_fee_to_value (z=-15.8),log_acct_age (z=-6.9)
92742,ORD0089645,0.6578,C_ship_lowprice,log_value_ratio (z=-279.3),price_vs_product (z=-11.0),log_shipping (z=+8.0)
15032,ORD0034166,0.6578,C_ship_lowprice,log_value_ratio (z=-334.4),log_shipping (z=+8.5),price_vs_product (z=-6.1)
54243,ORD0056340,0.6576,E_newacct_value,log_value_ratio (z=+332.2),log_fee_to_value (z=-9.0),log_acct_age (z=-8.9)
78158,ORD0058779,0.6576,C_ship_lowprice,log_value_ratio (z=-215.5),price_vs_product (z=-10.0),log_shipping (z=+7.8)
55833,ORD0012981,0.6576,C_ship_lowprice,log_value_ratio (z=-288.6),price_vs_product (z=-11.5),log_shipping (z=+7.7)
77646,ORD0012239,0.6575,B_discount,log_value_ratio (z=+549.5),log_fee_to_value (z=-13.4),discount_pct (z=+6.8)
116450,ORD0015182,0.6575,C_ship_lowprice,log_value_ratio (z=-340.0),price_vs_product (z=-8.8),log_shipping (z=+7.8)
53545,ORD0030680,0.6574,C_ship_lowprice,log_value_ratio (z=-179.8),price_vs_product (z=-10.6),log_shipping (z=+7.2)
25098,ORD0024505,0.6574,C_ship_lowprice,log_value_ratio (z=+24.4),price_vs_product (z=-20.0),log_fee_rate (z=+10.9)
75224,ORD0034350,0.6574,E_newacct_value,log_value_ratio (z=+413.7),log_fee_to_value (z=-12.0),log_acct_age (z=-7.2)
10943,ORD0079913,0.6573,C_ship_lowprice,log_value_ratio (z=-309.9),price_vs_product (z=-8.5),log_shipping (z=+6.8)
35800,ORD0059491,0.6573,B_discount,log_value_ratio (z=+490.6),log_fee_to_value (z=-10.6),discount_pct (z=+6.9)
80714,ORD0073514,0.6572,E_newacct_value,log_value_ratio (z=+484.5),log_fee_to_value (z=-16.8),log_acct_age (z=-6.7)
52302,ORD0056752,0.6572,E_newacct_value,log_value_ratio (z=+472.2),log_fee_to_value (z=-12.9),log_acct_age (z=-8.9)
38177,ORD0026262,0.6571,B_discount,log_value_ratio (z=+550.4),log_fee_to_value (z=-12.2),discount_pct (z=+7.0)
58940,ORD0053851,0.6571,E_newacct_value,log_value_ratio (z=+497.1),log_fee_to_value (z=-16.5),log_acct_age (z=-6.9)
145976,ORD0052847,0.657,E_newacct_value,log_value_ratio (z=+438.1),log_fee_to_value (z=-13.1),log_acct_age (z=-6.9)
136177,ORD0089002,0.6568,E_newacct_value,log_value_ratio (z=+540.1),log_fee_to_value (z=-15.7),log_acct_age (z=-6.9)
101319,ORD0059431,0.6568,B_discount,log_value_ratio (z=+312.9),discount_pct (z=+7.5),log1p_tax_rate (z=+6.7)
7030,ORD0066272,0.6567,E_newacct_value,log_value_ratio (z=+480.0),log_fee_to_value (z=-15.5),log_acct_age (z=-7.2)
46538,ORD0053976,0.6566,C_ship_lowprice,log_value_ratio (z=-256.3),price_vs_product (z=-10.3),log1p_tax_rate (z=+7.9)
6309,ORD0080363,0.6564,E_newacct_value,log_value_ratio (z=+524.0),log_fee_to_value (z=-14.7),log_acct_age (z=-7.2)
89626,ORD0047852,0.6562,C_ship_lowprice,log_value_ratio (z=-184.1),price_vs_product (z=-13.5),log1p_tax_rate (z=+9.1)
75349,ORD0083540,0.6562,C_ship_lowprice,log_value_ratio (z=-299.8),price_vs_product (z=-12.5),log_shipping (z=+8.3)
23368,ORD0007445,0.6561,C_ship_lowprice,log_value_ratio (z=-316.4),log_shipping (z=+7.6),price_vs_product (z=-7.1)
96891,ORD0076634,0.6557,B_discount,log_value_ratio (z=+492.6),log_fee_to_value (z=-8.9),discount_pct (z=+7.8)
28218,ORD0034554,0.6556,B_discount,log_value_ratio (z=+552.4),log_fee_to_value (z=-14.2),discount_pct (z=+6.7)
17810,ORD0018648,0.6556,B_discount,log_value_ratio (z=+276.4),discount_pct (z=+8.3),log_fee_rate (z=+6.3)
31309,ORD0006324,0.6556,E_newacct_value,log_value_ratio (z=+583.8),log_fee_to_value (z=-16.4),log_acct_age (z=-6.4)
134218,ORD0003183,0.6555,B_discount,log_value_ratio (z=+382.7),discount_pct (z=+7.3),log_fee_to_value (z=-6.8)
126786,ORD0082204,0.6555,B_discount,log_value_ratio (z=+476.0),log_fee_to_value (z=-12.7),discount_pct (z=+6.7)
78925,ORD0047242,0.6555,B_discount,log_value_ratio (z=+493.3),log_fee_to_value (z=-11.7),discount_pct (z=+7.2)
143262,ORD0017179,0.6554,E_newacct_value,log_value_ratio (z=+535.4),log_fee_to_value (z=-17.0),log_acct_age (z=-6.9)
69268,ORD0012412,0.6553,B_discount,log_value_ratio (z=+533.0),log_fee_to_value (z=-14.3),discount_pct (z=+6.5)
13252,ORD0085237,0.6552,E_newacct_value,log_value_ratio (z=+435.1),log_fee_to_value (z=-12.1),log_acct_age (z=-8.1)
139298,ORD0069117,0.6552,C_ship_lowprice,log_value_ratio (z=-155.6),price_vs_product (z=-15.9),log_fee_rate (z=+8.5)
89065,ORD0064295,0.6551,E_newacct_value,log_value_ratio (z=+432.1),log_fee_to_value (z=-13.4),log_acct_age (z=-6.7)
32016,ORD0056888,0.6551,E_newacct_value,log_value_ratio (z=+515.6),log_fee_to_value (z=-14.4),log_acct_age (z=-7.6)
75443,ORD0005906,0.655,C_ship_lowprice,log_value_ratio (z=-89.7),price_vs_product (z=-20.8),log_fee_rate (z=+8.9)
138356,ORD0054516,0.6548,C_ship_lowprice,log_value_ratio (z=-199.6),price_vs_product (z=-16.0),log1p_tax_rate (z=+7.2)
5488,ORD0060269,0.6547,E_newacct_value,log_value_ratio (z=+523.2),log_fee_to_value (z=-14.4),log_acct_age (z=-7.6)
67622,ORD0046771,0.6547,C_ship_lowprice,log_value_ratio (z=-297.0),price_vs_product (z=-10.9),log_shipping (z=+7.7)
60491,ORD0029804,0.6547,E_newacct_value,log_value_ratio (z=+475.8),log_fee_to_value (z=-14.7),log_acct_age (z=-7.2)
19286,ORD0017596,0.6545,B_discount,log_value_ratio (z=+552.6),log_fee_to_value (z=-13.8),discount_pct (z=+6.8)
912,ORD0045944,0.6545,B_discount,log_value_ratio (z=+537.1),log_fee_to_value (z=-11.7),discount_pct (z=+7.3)
57508,ORD0035142,0.6545,B_discount,log_value_ratio (z=+299.1),discount_pct (z=+8.0),log_fee_rate (z=+5.5)
34454,ORD0084956,0.6544,E_newacct_value,log_value_ratio (z=+503.5),log_fee_to_value (z=-15.4),log_acct_age (z=-6.7)
202,ORD0013964,0.6544,B_discount,log_value_ratio (z=+408.8),log_fee_to_value (z=-7.9),discount_pct (z=+7.7)
133001,ORD0053020,0.6544,C_ship_lowprice,log_value_ratio (z=-118.7),log_shipping (z=+8.3),price_vs_product (z=-6.8)
92044,ORD0009364,0.6543,E_newacct_value,log_value_ratio (z=+534.2),log_fee_to_value (z=-17.0),log_acct_age (z=-6.5)
134445,ORD0044564,0.6542,E_newacct_value,log_value_ratio (z=+500.1),log_fee_to_value (z=-13.7),log_acct_age (z=-7.6)
33919,ORD0037051,0.6542,C_ship_lowprice,log_value_ratio (z=-308.0),price_vs_product (z=-8.5),log_shipping (z=+7.9)
9057,ORD0011197,0.6542,B_discount,log_value_ratio (z=+475.2),log_fee_to_value (z=-14.4),discount_pct (z=+6.7)
75488,ORD0055260,0.6542,E_newacct_value,log_value_ratio (z=+371.1),log_fee_to_value (z=-9.8),log_acct_age (z=-8.1)
129535,ORD0010608,0.6541,E_newacct_value,log_value_ratio (z=+414.3),log_fee_to_value (z=-14.9),log_acct_age (z=-8.1)
105151,ORD0024801,0.6541,B_discount,log_value_ratio (z=+454.2),log_fee_to_value (z=-11.5),discount_pct (z=+6.8)
147403,ORD0008330,0.654,B_discount,log_value_ratio (z=+372.9),log_fee_to_value (z=-7.3),discount_pct (z=+6.8)
126744,ORD0064352,0.654,B_discount,log_value_ratio (z=+487.2),log_fee_to_value (z=-12.9),discount_pct (z=+7.4)
28755,ORD0026607,0.6539,E_newacct_value,log_value_ratio (z=+531.2),log_fee_to_value (z=-17.0),log_acct_age (z=-6.4)
117161,ORD0065903,0.6539,E_newacct_value,log_value_ratio (z=+455.9),log_fee_to_value (z=-13.4),log_acct_age (z=-6.7)
66088,ORD0063197,0.6539,C_ship_lowprice,log_value_ratio (z=-112.3),price_vs_product (z=-12.7),log1p_tax_rate (z=+6.3)
49106,ORD0016323,0.6539,B_discount,log_value_ratio (z=+449.7),log_fee_to_value (z=-9.5),discount_pct (z=+6.6)
21968,ORD0041242,0.6538,B_discount,log_value_ratio (z=+449.7),log_fee_to_value (z=-11.4),discount_pct (z=+7.8)
95743,ORD0011684,0.6538,C_ship_lowprice,log_value_ratio (z=-318.6),log_shipping (z=+8.3),price_vs_product (z=-4.8)
29848,ORD0048131,0.6538,E_newacct_value,log_value_ratio (z=+469.4),log_fee_to_value (z=-12.8),log_acct_age (z=-6.5)
141400,ORD0078908,0.6536,E_newacct_value,log_value_ratio (z=+457.1),log_fee_to_value (z=-12.6),log_acct_age (z=-8.9)
89222,ORD0062862,0.6534,E_newacct_value,log_value_ratio (z=+470.6),log_fee_to_value (z=-13.6),log_acct_age (z=-8.1)
144369,ORD0053590,0.6534,E_newacct_value,log_value_ratio (z=+562.8),log_fee_to_value (z=-17.3),log_acct_age (z=-6.4)
108659,ORD0076332,0.6533,E_newacct_value,log_value_ratio (z=+516.6),log_fee_to_value (z=-15.0),log_acct_age (z=-6.4)
106567,ORD0027639,0.6533,C_ship_lowprice,log_value_ratio (z=-243.8),price_vs_product (z=-11.9),log_shipping (z=+7.6)
138528,ORD0032076,0.6532,E_newacct_value,log_value_ratio (z=+492.4),log_fee_to_value (z=-14.1),log_acct_age (z=-6.4)
84791,ORD0077496,0.6531,B_discount,log_value_ratio (z=+372.5),log_fee_to_value (z=-8.0),discount_pct (z=+6.4)
88005,ORD0021951,0.6531,B_discount,log_value_ratio (z=+406.2),log_fee_to_value (z=-10.2),discount_pct (z=+7.5)
45012,ORD0007081,0.653,E_newacct_value,log_value_ratio (z=+489.7),log_fee_to_value (z=-13.3),log_acct_age (z=-7.2)
27565,ORD0080914,0.653,C_ship_lowprice,log_value_ratio (z=+46.6),price_vs_product (z=-16.3),log_fee_rate (z=+7.9)
44532,ORD0076158,0.653,E_newacct_value,log_value_ratio (z=+420.1),log_fee_to_value (z=-12.7),log_acct_age (z=-8.1)
52062,ORD0021873,0.6528,C_ship_lowprice,log_value_ratio (z=-244.0),price_vs_product (z=-9.6),log_shipping (z=+8.4)
44764,ORD0027649,0.6528,B_discount,log_value_ratio (z=+377.6),log_fee_to_value (z=-7.8),discount_pct (z=+6.9)
71307,ORD0009524,0.6526,E_newacct_value,log_value_ratio (z=+444.7),log_fee_to_value (z=-13.6),log_acct_age (z=-7.6)
124626,ORD0076465,0.6525,B_discount,log_value_ratio (z=+220.2),log1p_tax_rate (z=+7.7),discount_pct (z=+7.3)
88095,ORD0082479,0.6525,B_discount,log_value_ratio (z=+424.7),log_fee_to_value (z=-8.4),discount_pct (z=+7.3)
130315,ORD0075619,0.6524,C_ship_lowprice,log_value_ratio (z=-28.5),price_vs_product (z=-18.9),log_fee_rate (z=+9.5)
123046,ORD0070961,0.6523,E_newacct_value,log_value_ratio (z=+445.7),log_fee_to_value (z=-12.4),log_acct_age (z=-8.1)
131159,ORD0049524,0.652,B_discount,log_value_ratio (z=+383.9),discount_pct (z=+7.3),log_fee_to_value (z=-6.6)
146315,ORD0062942,0.6519,E_newacct_value,log_value_ratio (z=+329.8),log_fee_to_value (z=-8.3),log_acct_age (z=-8.1)
12455,ORD0016524,0.6519,C_ship_lowprice,log_value_ratio (z=-196.4),price_vs_product (z=-13.5),log_shipping (z=+7.5)
100165,ORD0047311,0.6519,C_ship_lowprice,log_value_ratio (z=-276.4),price_vs_product (z=-13.0),log_shipping (z=+7.1)
64785,ORD0030738,0.6518,E_newacct_value,log_value_ratio (z=+533.4),log_fee_to_value (z=-15.6),log_acct_age (z=-6.9)
101088,ORD0023048,0.6517,C_ship_lowprice,log_value_ratio (z=-58.4),price_vs_product (z=-16.9),log_fee_rate (z=+8.6)
53393,ORD0086789,0.6516,E_newacct_value,log_value_ratio (z=+466.6),log_fee_to_value (z=-16.7),log_acct_age (z=-7.2)
122997,ORD0072118,0.6516,B_discount,log_value_ratio (z=+525.0),log_fee_to_value (z=-11.1),discount_pct (z=+7.1)
29045,ORD0081058,0.6515,C_ship_lowprice,log_value_ratio (z=-189.6),log_shipping (z=+8.6),price_vs_product (z=-7.9)
136004,ORD0082924,0.6515,B_discount,log_value_ratio (z=+505.0),log_fee_to_value (z=-12.7),discount_pct (z=+6.6)
64005,ORD0090034,0.6514,E_newacct_value,log_value_ratio (z=+484.1),log_fee_to_value (z=-15.7),log_acct_age (z=-6.9)
92439,ORD0070737,0.6514,C_ship_lowprice,log_value_ratio (z=-293.6),price_vs_product (z=-11.0),log_shipping (z=+8.4)
18414,ORD0048066,0.6513,C_ship_lowprice,log_value_ratio (z=-287.0),price_vs_product (z=-10.4),log_shipping (z=+7.4)
51121,ORD0015115,0.6513,E_newacct_value,log_value_ratio (z=+464.9),log_fee_to_value (z=-12.9),log_acct_age (z=-8.1)
114380,ORD0051908,0.6513,B_discount,log_value_ratio (z=+390.0),discount_pct (z=+7.6),log_fee_rate (z=+7.2)
22537,ORD0036051,0.6513,B_discount,log_value_ratio (z=+526.0),log_fee_to_value (z=-11.4),discount_pct (z=+6.6)
138402,ORD0047674,0.6512,C_ship_lowprice,log_value_ratio (z=-247.5),price_vs_product (z=-12.0),log_shipping (z=+6.0)
62110,ORD0055656,0.6512,C_ship_lowprice,log_value_ratio (z=-126.4),price_vs_product (z=-9.5),log_shipping (z=+8.4)
66410,ORD0045691,0.6512,C_ship_lowprice,log_value_ratio (z=-123.9),price_vs_product (z=-16.6),log1p_tax_rate (z=+10.1)
62539,ORD0006312,0.6511,E_newacct_value,log_value_ratio (z=+351.1),log_fee_to_value (z=-9.0),log_acct_age (z=-6.9)
32440,ORD0016358,0.651,E_newacct_value,log_value_ratio (z=+433.6),log_fee_to_value (z=-12.7),log_acct_age (z=-8.1)
30942,ORD0068188,0.651,E_newacct_value,log_value_ratio (z=+505.6),log_fee_to_value (z=-14.3),log_acct_age (z=-8.1)
106183,ORD0044069,0.6509,E_newacct_value,log_value_ratio (z=+379.6),log_fee_to_value (z=-11.1),log_acct_age (z=-8.9)
15309,ORD0042604,0.6508,C_ship_lowprice,log_value_ratio (z=-249.5),price_vs_product (z=-13.5),log_shipping (z=+7.7)
97243,ORD0076033,0.6507,B_discount,log_value_ratio (z=+291.1),discount_pct (z=+7.6),log_fee_to_value (z=-5.6)
107923,ORD0081530,0.6507,C_ship_lowprice,log_value_ratio (z=-295.1),price_vs_product (z=-11.0),log_shipping (z=+7.6)
24405,ORD0034356,0.6507,C_ship_lowprice,log_value_ratio (z=-308.1),price_vs_product (z=-9.4),log_shipping (z=+8.5)
112264,ORD0059307,0.6507,B_discount,log_value_ratio (z=+430.5),log_fee_to_value (z=-8.5),discount_pct (z=+7.6)
103982,ORD0076276,0.6506,E_newacct_value,log_value_ratio (z=+510.2),log_fee_to_value (z=-14.7),log_acct_age (z=-7.2)
113089,ORD0078169,0.6506,B_discount,log_value_ratio (z=+492.5),log_fee_to_value (z=-11.6),discount_pct (z=+6.8)
80340,ORD0089408,0.6506,E_newacct_value,log_value_ratio (z=+530.6),log_fee_to_value (z=-16.4),log_acct_age (z=-6.5)
94582,ORD0032457,0.6506,B_discount,log_value_ratio (z=+462.7),log_fee_to_value (z=-10.3),discount_pct (z=+6.4)
65807,ORD0029215,0.6505,E_newacct_value,log_value_ratio (z=+529.2),log_fee_to_value (z=-16.1),log_acct_age (z=-7.6)
124617,ORD0013436,0.6503,B_discount,log_value_ratio (z=+405.3),log_fee_to_value (z=-9.2),discount_pct (z=+7.0)
126480,ORD0081068,0.6501,B_discount,log_value_ratio (z=+380.4),log_fee_to_value (z=-7.5),discount_pct (z=+6.5)
67304,ORD0040675,0.6501,B_discount,log_value_ratio (z=+471.9),log_fee_to_value (z=-11.6),discount_pct (z=+7.7)
13333,ORD0008895,0.6501,B_discount,log_value_ratio (z=+405.1),log_fee_to_value (z=-7.9),discount_pct (z=+6.7)
89879,ORD0070036,0.65,B_discount,log_value_ratio (z=+509.5),log_fee_to_value (z=-11.3),discount_pct (z=+6.9)
18565,ORD0035124,0.65,B_discount,log_value_ratio (z=+526.6),log_fee_to_value (z=-11.6),discount_pct (z=+7.2)
116851,ORD0074061,0.6499,E_newacct_value,log_value_ratio (z=+307.1),log_fee_to_value (z=-9.0),log_acct_age (z=-7.6)
92511,ORD0073129,0.6498,E_newacct_value,log_value_ratio (z=+539.3),log_fee_to_value (z=-16.9),log_acct_age (z=-6.7)
143267,ORD0011711,0.6498,E_newacct_value,log_value_ratio (z=+455.4),log_fee_to_value (z=-12.6),log_acct_age (z=-8.9)
29421,ORD0024133,0.6497,E_newacct_value,log_value_ratio (z=+493.9),log_fee_to_value (z=-15.8),log_acct_age (z=-6.5)
21184,ORD0063146,0.6496,B_discount,log_value_ratio (z=+422.0),log_fee_to_value (z=-9.0),discount_pct (z=+6.7)
45061,ORD0041335,0.6496,E_newacct_value,log_value_ratio (z=+392.3),log_fee_to_value (z=-11.6),log_acct_age (z=-6.7)
43805,ORD0065041,0.6495,B_discount,log_value_ratio (z=+401.7),discount_pct (z=+7.9),log_fee_to_value (z=-7.0)
55919,ORD0003886,0.6495,E_newacct_value,log_value_ratio (z=+505.8),log_fee_to_value (z=-15.9),log_acct_age (z=-7.6)
39648,ORD0003224,0.6494,B_discount,log_value_ratio (z=+356.9),log_fee_to_value (z=-6.9),discount_pct (z=+6.3)
145822,ORD0054504,0.6489,C_ship_lowprice,log_value_ratio (z=-246.1),price_vs_product (z=-13.8),log_fee_rate (z=+7.9)
98876,ORD0036718,0.6489,C_ship_lowprice,log_value_ratio (z=-189.0),price_vs_product (z=-12.4),log_fee_rate (z=+6.3)
136968,ORD0083690,0.6489,B_discount,log_value_ratio (z=+438.6),log_fee_to_value (z=-9.4),discount_pct (z=+7.3)
30050,ORD0006679,0.6489,E_newacct_value,log_value_ratio (z=+413.9),log_fee_to_value (z=-11.0),log_acct_age (z=-8.1)
97169,ORD0049464,0.6488,C_ship_lowprice,log_value_ratio (z=-415.6),log_shipping (z=+8.4),price_vs_product (z=-3.3)
17517,ORD0030823,0.6485,E_newacct_value,log_value_ratio (z=+441.6),log_fee_to_value (z=-14.0),log_acct_age (z=-8.9)
47429,ORD0028902,0.6485,E_newacct_value,log_value_ratio (z=+300.4),log_acct_age (z=-8.9),log_fee_to_value (z=-8.5)
12853,ORD0089560,0.6485,B_discount,log_value_ratio (z=+439.0),log_fee_to_value (z=-12.3),discount_pct (z=+6.7)
5274,ORD0015681,0.6485,B_discount,log_value_ratio (z=+452.9),log_fee_to_value (z=-12.8),discount_pct (z=+6.7)
29592,ORD0020177,0.6485,C_ship_lowprice,log_value_ratio (z=-218.8),price_vs_product (z=-10.3),log_shipping (z=+8.6)
81314,ORD0044939,0.6484,E_newacct_value,log_value_ratio (z=+506.5),log_fee_to_value (z=-15.0),log_acct_age (z=-6.4)
130727,ORD0068675,0.6483,C_ship_lowprice,log_value_ratio (z=-164.4),price_vs_product (z=-10.4),log_shipping (z=+5.6)
66994,ORD0072269,0.6483,E_newacct_value,log_value_ratio (z=+484.0),log_fee_to_value (z=-13.7),log_acct_age (z=-7.6)
49490,ORD0002102,0.6482,B_discount,log_value_ratio (z=+382.0),discount_pct (z=+7.4),log_fee_to_value (z=-6.6)
58009,ORD0016764,0.6482,B_discount,log_value_ratio (z=+460.7),log_fee_to_value (z=-10.5),discount_pct (z=+6.3)
13319,ORD0043990,0.6481,C_ship_lowprice,log_value_ratio (z=-202.1),price_vs_product (z=-7.9),log_shipping (z=+7.6)
106316,ORD0004386,0.648,E_newacct_value,log_value_ratio (z=+481.7),log_fee_to_value (z=-14.0),log_acct_age (z=-8.9)
83905,ORD0061208,0.648,C_ship_lowprice,log_value_ratio (z=-173.4),price_vs_product (z=-12.3),log_shipping (z=+6.9)
17893,ORD0063428,0.648,C_ship_lowprice,log_value_ratio (z=-185.5),price_vs_product (z=-9.7),log_shipping (z=+7.6)
146179,ORD0054426,0.648,C_ship_lowprice,log_value_ratio (z=-368.0),log_shipping (z=+8.5),price_vs_product (z=-3.9)
135940,ORD0012649,0.6479,B_discount,log_value_ratio (z=+493.1),log_fee_to_value (z=-12.5),discount_pct (z=+7.3)
122425,ORD0019058,0.6478,E_newacct_value,log_value_ratio (z=+70.4),log_acct_age (z=-8.1),log_quantity (z=+5.7)
31048,ORD0065942,0.6478,C_ship_lowprice,log_value_ratio (z=-225.3),price_vs_product (z=-14.9),log_fee_rate (z=+7.7)
55716,ORD0047976,0.6478,E_newacct_value,log_value_ratio (z=+255.8),log_acct_age (z=-8.9),log_fee_to_value (z=-6.9)
10014,ORD0026372,0.6478,C_ship_lowprice,log_value_ratio (z=-288.8),price_vs_product (z=-7.8),log_shipping (z=+6.8)
148066,ORD0000685,0.6476,E_newacct_value,log_value_ratio (z=+499.8),log_fee_to_value (z=-14.9),log_acct_age (z=-8.1)
130150,ORD0023958,0.6476,E_newacct_value,log_value_ratio (z=+472.8),log_fee_to_value (z=-13.1),log_acct_age (z=-6.7)
105930,ORD0043369,0.6476,E_newacct_value,log_value_ratio (z=+316.5),log_fee_to_value (z=-8.8),log_acct_age (z=-7.2)
85551,ORD0035525,0.6475,E_newacct_value,log_value_ratio (z=+521.3),log_fee_to_value (z=-15.2),log_acct_age (z=-6.5)
11369,ORD0068096,0.6475,E_newacct_value,log_value_ratio (z=+370.6),log_fee_to_value (z=-11.9),log_acct_age (z=-7.6)
115266,ORD0057793,0.6474,C_ship_lowprice,log_value_ratio (z=-271.3),log_shipping (z=+8.2),price_vs_product (z=-5.6)
66442,ORD0059923,0.6474,B_discount,log_value_ratio (z=+241.7),discount_pct (z=+6.8),log1p_tax_rate (z=+5.6)
13410,ORD0023843,0.6474,B_discount,log_value_ratio (z=+434.2),log_fee_to_value (z=-8.1),discount_pct (z=+7.5)
100800,ORD0050025,0.6474,B_discount,log_value_ratio (z=+521.2),log_fee_to_value (z=-10.3),discount_pct (z=+7.5)
124557,ORD0077451,0.6472,E_newacct_value,log_value_ratio (z=+350.0),log_fee_to_value (z=-9.9),log_acct_age (z=-8.9)
140048,ORD0069035,0.6472,E_newacct_value,log_value_ratio (z=+537.9),log_fee_to_value (z=-16.0),log_acct_age (z=-6.9)
97083,ORD0084009,0.6472,E_newacct_value,log_value_ratio (z=+509.5),log_fee_to_value (z=-13.6),log_acct_age (z=-6.5)
57188,ORD0009166,0.6472,E_newacct_value,log_value_ratio (z=+429.8),log_fee_to_value (z=-13.2),log_acct_age (z=-7.6)
28639,ORD0027004,0.6471,B_discount,log_value_ratio (z=+514.2),log_fee_to_value (z=-11.0),discount_pct (z=+6.9)
81928,ORD0026756,0.6471,B_discount,log_value_ratio (z=+471.8),log_fee_to_value (z=-10.2),discount_pct (z=+6.6)
94139,ORD0014340,0.6471,E_newacct_value,log_value_ratio (z=+396.0),log_fee_to_value (z=-11.4),log_acct_age (z=-7.2)
79822,ORD0084250,0.6471,C_ship_lowprice,log_value_ratio (z=-255.3),log_shipping (z=+8.2),price_vs_product (z=-6.8)
109091,ORD0052992,0.647,B_discount,log_value_ratio (z=+485.4),log_fee_to_value (z=-9.2),discount_pct (z=+7.4)
82717,ORD0012204,0.647,E_newacct_value,log_value_ratio (z=+285.0),log_fee_to_value (z=-8.1),log_acct_age (z=-8.1)
60288,ORD0008538,0.647,B_discount,log_value_ratio (z=+415.6),log_fee_to_value (z=-8.9),discount_pct (z=+6.8)
144363,ORD0055960,0.6468,E_newacct_value,log_value_ratio (z=+442.5),log_fee_to_value (z=-11.7),log_acct_age (z=-7.2)
59007,ORD0072922,0.6468,B_discount,log_value_ratio (z=+509.7),log_fee_to_value (z=-12.0),discount_pct (z=+7.3)
108925,ORD0023068,0.6467,B_discount,log_value_ratio (z=+372.5),log_fee_to_value (z=-7.3),discount_pct (z=+6.7)
80801,ORD0091816,0.6466,B_discount,log_value_ratio (z=+435.7),log_fee_to_value (z=-8.7),discount_pct (z=+7.5)
50599,ORD0059635,0.6466,B_discount,log_value_ratio (z=+219.5),discount_pct (z=+6.4),log_fee_rate (z=+4.7)
75862,ORD0015949,0.6465,C_ship_lowprice,log_value_ratio (z=-104.8),price_vs_product (z=-15.1),log_fee_rate (z=+6.2)
142960,ORD0008856,0.6464,C_ship_lowprice,log_value_ratio (z=-354.7),log_shipping (z=+8.0),price_vs_product (z=-4.4)
24764,ORD0012372,0.6463,E_newacct_value,log_value_ratio (z=+415.4),log_fee_to_value (z=-12.5),log_acct_age (z=-6.4)
39044,ORD0054026,0.6462,E_newacct_value,log_value_ratio (z=+379.2),log_fee_to_value (z=-10.4),log_acct_age (z=-8.1)
101194,ORD0023872,0.6462,B_discount,log_value_ratio (z=+501.9),log_fee_to_value (z=-12.2),discount_pct (z=+7.6)
99035,ORD0052366,0.6462,C_ship_lowprice,log_value_ratio (z=-137.1),price_vs_product (z=-11.3),log_shipping (z=+7.4)
30577,ORD0083462,0.6461,B_discount,log_value_ratio (z=+346.7),log_fee_to_value (z=-8.2),discount_pct (z=+7.2)
144119,ORD0033667,0.6459,B_discount,log_value_ratio (z=+369.6),log_fee_to_value (z=-7.3),discount_pct (z=+6.6)
31029,ORD0069544,0.6459,B_discount,log_value_ratio (z=+284.2),discount_pct (z=+6.9),log_fee_to_value (z=-5.5)
37332,ORD0040281,0.6459,E_newacct_value,log_value_ratio (z=+553.7),log_fee_to_value (z=-16.5),log_acct_age (z=-6.5)
141170,ORD0052540,0.6459,B_discount,log_value_ratio (z=+245.2),discount_pct (z=+6.7),log1p_tax_rate (z=+5.4)
66321,ORD0048541,0.6459,E_newacct_value,log_value_ratio (z=+340.7),log_fee_to_value (z=-8.9),log_acct_age (z=-7.2)
25130,ORD0025747,0.6458,E_newacct_value,log_value_ratio (z=+213.3),log_acct_age (z=-8.9),log_fee_to_value (z=-4.8)
54923,ORD0022383,0.6458,E_newacct_value,log_value_ratio (z=+441.6),log_fee_to_value (z=-12.6),log_acct_age (z=-8.9)
104241,ORD0026211,0.6458,B_discount,log_value_ratio (z=+490.0),log_fee_to_value (z=-10.3),discount_pct (z=+7.1)
23116,ORD0087222,0.6458,E_newacct_value,log_value_ratio (z=+477.5),log_fee_to_value (z=-15.0),log_acct_age (z=-6.9)
119120,ORD0046181,0.6458,E_newacct_value,log_value_ratio (z=+406.1),log_fee_to_value (z=-12.6),log_acct_age (z=-6.9)
31959,ORD0030089,0.6458,B_discount,log_value_ratio (z=+459.4),log_fee_to_value (z=-8.2),discount_pct (z=+7.5)
103904,ORD0002589,0.6457,C_ship_lowprice,log_value_ratio (z=-227.6),log_shipping (z=+7.8),price_vs_product (z=-6.9)
130972,ORD0057844,0.6456,E_newacct_value,log_value_ratio (z=+554.1),log_fee_to_value (z=-17.2),log_acct_age (z=-7.2)
11630,ORD0028416,0.6456,B_discount,log_value_ratio (z=+472.4),log_fee_to_value (z=-10.7),discount_pct (z=+6.8)
109343,ORD0032835,0.6456,E_newacct_value,log_value_ratio (z=+554.3),log_fee_to_value (z=-16.7),log_acct_age (z=-6.5)
38289,ORD0068804,0.6456,B_discount,log_value_ratio (z=+422.0),log_fee_to_value (z=-8.7),discount_pct (z=+6.7)
27517,ORD0046147,0.6455,E_newacct_value,log_value_ratio (z=+464.3),log_fee_to_value (z=-14.6),log_acct_age (z=-6.5)
31633,ORD0042787,0.6455,E_newacct_value,log_value_ratio (z=+484.9),log_fee_to_value (z=-13.8),log_acct_age (z=-7.6)
15391,ORD0048499,0.6455,C_ship_lowprice,log_value_ratio (z=-88.4),price_vs_product (z=-12.8),log_shipping (z=+7.6)
139975,ORD0057838,0.6454,E_newacct_value,log_value_ratio (z=+326.8),log_fee_to_value (z=-10.0),log_acct_age (z=-7.6)
22121,ORD0072939,0.6454,B_discount,log_value_ratio (z=+455.0),log_fee_to_value (z=-10.3),discount_pct (z=+6.7)
112225,ORD0020034,0.6453,E_newacct_value,log_value_ratio (z=+517.3),log_fee_to_value (z=-14.4),log_acct_age (z=-6.5)
125496,ORD0079466,0.6453,E_newacct_value,log_value_ratio (z=+493.0),log_fee_to_value (z=-14.4),log_acct_age (z=-8.1)
13774,ORD0020755,0.6452,B_discount,log_value_ratio (z=+462.5),log_fee_to_value (z=-12.3),discount_pct (z=+8.0)
3910,ORD0020457,0.6452,E_newacct_value,log_value_ratio (z=+482.9),log_fee_to_value (z=-15.2),log_acct_age (z=-6.9)
113646,ORD0057772,0.6452,C_ship_lowprice,log_value_ratio (z=-226.9),price_vs_product (z=-9.5),log_shipping (z=+7.8)
15607,ORD0067393,0.6452,E_newacct_value,log_value_ratio (z=+510.1),log_fee_to_value (z=-15.0),log_acct_age (z=-7.6)
125972,ORD0039867,0.6451,E_newacct_value,log_value_ratio (z=+542.9),log_fee_to_value (z=-16.7),log_acct_age (z=-7.2)
97871,ORD0087422,0.6451,C_ship_lowprice,log_value_ratio (z=-275.0),price_vs_product (z=-10.0),log_shipping (z=+6.9)
132603,ORD0024590,0.645,E_newacct_value,log_value_ratio (z=+428.6),log_fee_to_value (z=-12.5),log_acct_age (z=-8.1)
122073,ORD0007600,0.645,C_ship_lowprice,log_value_ratio (z=-51.9),price_vs_product (z=-15.2),log1p_tax_rate (z=+9.9)
62388,ORD0014181,0.6449,C_ship_lowprice,log_value_ratio (z=-404.9),log_shipping (z=+8.2),price_vs_product (z=-5.4)
85896,ORD0002112,0.6449,E_newacct_value,log_value_ratio (z=+449.1),log_fee_to_value (z=-12.0),log_acct_age (z=-6.5)
121676,ORD0014741,0.6448,E_newacct_value,log_value_ratio (z=+526.4),log_fee_to_value (z=-15.3),log_acct_age (z=-6.4)
43570,ORD0018814,0.6448,C_ship_lowprice,log_value_ratio (z=-413.6),log_shipping (z=+8.5),price_vs_product (z=-4.5)
117334,ORD0065363,0.6448,B_discount,log_value_ratio (z=+387.4),log_fee_to_value (z=-9.8),discount_pct (z=+6.9)
32824,ORD0042181,0.6447,E_newacct_value,log_value_ratio (z=+293.9),log_fee_to_value (z=-8.3),log_acct_age (z=-7.6)
122962,ORD0017095,0.6445,E_newacct_value,log_value_ratio (z=+402.0),log_fee_to_value (z=-11.7),log_acct_age (z=-8.9)
15591,ORD0032295,0.6445,B_discount,log_value_ratio (z=+497.5),log_fee_to_value (z=-12.9),discount_pct (z=+6.5)
120194,ORD0022703,0.6444,E_newacct_value,log_value_ratio (z=+342.7),log_fee_to_value (z=-9.9),log_acct_age (z=-8.9)
28881,ORD0027578,0.6443,E_newacct_value,log_value_ratio (z=+535.5),log_fee_to_value (z=-15.8),log_acct_age (z=-6.7)
97773,ORD0027368,0.6443,B_discount,log_value_ratio (z=+515.9),log_fee_to_value (z=-12.0),discount_pct (z=+7.0)
67730,ORD0023470,0.6443,E_newacct_value,log_value_ratio (z=+371.7),log_fee_to_value (z=-11.1),log_acct_age (z=-7.6)
10503,ORD0023538,0.6442,E_newacct_value,log_value_ratio (z=+325.2),log_fee_to_value (z=-9.6),log_acct_age (z=-8.9)
110296,ORD0030394,0.6442,E_newacct_value,log_value_ratio (z=+266.5),log_acct_age (z=-8.9),log_fee_to_value (z=-7.6)
69543,ORD0071290,0.6441,E_newacct_value,log_value_ratio (z=+404.7),log_fee_to_value (z=-12.0),log_acct_age (z=-6.4)
61500,ORD0038451,0.644,C_ship_lowprice,log_value_ratio (z=-390.6),log_shipping (z=+8.4),price_vs_product (z=-5.2)
105272,ORD0088715,0.6439,C_ship_lowprice,log_value_ratio (z=-336.8),log_shipping (z=+8.5),price_vs_product (z=-6.8)
15806,ORD0078994,0.6438,B_discount,log_value_ratio (z=+443.6),log_fee_to_value (z=-9.4),discount_pct (z=+6.7)
122671,ORD0007374,0.6438,C_ship_lowprice,log_value_ratio (z=-248.9),price_vs_product (z=-16.3),log_shipping (z=+7.7)
5896,ORD0057513,0.6438,B_discount,log_value_ratio (z=+426.2),log_fee_to_value (z=-8.9),discount_pct (z=+6.6)
149045,ORD0011444,0.6438,C_ship_lowprice,log_value_ratio (z=-220.1),price_vs_product (z=-9.5),log_shipping (z=+8.6)
13305,ORD0021247,0.6438,E_newacct_value,log_value_ratio (z=+504.9),log_fee_to_value (z=-14.8),log_acct_age (z=-6.7)
112897,ORD0035046,0.6437,E_newacct_value,log_value_ratio (z=+489.4),log_fee_to_value (z=-14.4),log_acct_age (z=-6.5)
137556,ORD0062015,0.6437,C_ship_lowprice,log_value_ratio (z=-358.4),log_shipping (z=+8.6),price_vs_product (z=-6.7)
6823,ORD0006087,0.6436,E_newacct_value,log_value_ratio (z=+516.8),log_fee_to_value (z=-16.5),log_acct_age (z=-6.5)
146138,ORD0082525,0.6435,C_ship_lowprice,log_value_ratio (z=-320.0),price_vs_product (z=-9.1),log_shipping (z=+7.8)
57670,ORD0070916,0.6435,E_newacct_value,log_value_ratio (z=+395.0),log_fee_to_value (z=-11.6),log_acct_age (z=-8.1)
65832,ORD0071915,0.6435,E_newacct_value,log_value_ratio (z=+296.7),log_fee_to_value (z=-9.2),log_acct_age (z=-8.9)
82441,ORD0037895,0.6434,E_newacct_value,log_value_ratio (z=+307.5),log_fee_to_value (z=-9.6),log_acct_age (z=-6.4)
28099,ORD0070147,0.6434,E_newacct_value,log_value_ratio (z=+537.9),log_fee_to_value (z=-15.8),log_acct_age (z=-7.2)
38308,ORD0009513,0.6433,E_newacct_value,log_value_ratio (z=+480.9),log_fee_to_value (z=-13.3),log_acct_age (z=-6.4)
70795,ORD0037250,0.6433,E_newacct_value,log_value_ratio (z=+401.9),log_fee_to_value (z=-10.9),log_acct_age (z=-8.9)
98675,ORD0090446,0.6432,C_ship_lowprice,log_value_ratio (z=-167.5),price_vs_product (z=-15.5),log_shipping (z=+6.5)
19570,ORD0085824,0.6432,E_newacct_value,log_value_ratio (z=+525.9),log_fee_to_value (z=-16.2),log_acct_age (z=-6.4)
102968,ORD0010915,0.6431,C_ship_lowprice,log_value_ratio (z=-321.6),price_vs_product (z=-9.2),log_shipping (z=+8.0)
134448,ORD0039984,0.6431,E_newacct_value,log_value_ratio (z=+503.7),log_fee_to_value (z=-15.8),log_acct_age (z=-6.7)
16854,ORD0018978,0.6429,C_ship_lowprice,log_value_ratio (z=-221.1),price_vs_product (z=-13.7),log_shipping (z=+8.6)
80042,ORD0022901,0.6428,E_newacct_value,log_value_ratio (z=+556.9),log_fee_to_value (z=-16.4),log_acct_age (z=-6.5)
1384,ORD0088613,0.6428,B_discount,log_value_ratio (z=+381.5),log_fee_to_value (z=-11.2),discount_pct (z=+6.7)
133478,ORD0020858,0.6427,E_newacct_value,log_value_ratio (z=+416.8),log_fee_to_value (z=-12.6),log_acct_age (z=-8.9)
45623,ORD0048342,0.6426,E_newacct_value,log_value_ratio (z=+412.3),log_fee_to_value (z=-10.8),log_acct_age (z=-7.2)
60713,ORD0088770,0.6426,E_newacct_value,log_value_ratio (z=+428.5),log_fee_to_value (z=-12.3),log_acct_age (z=-6.4)
124371,ORD0081205,0.6426,C_ship_lowprice,log_value_ratio (z=-356.6),log_shipping (z=+8.6),price_vs_product (z=-4.3)
122832,ORD0090483,0.6425,B_discount,log_value_ratio (z=+535.5),log_fee_to_value (z=-14.2),discount_pct (z=+6.8)
6800,ORD0062106,0.6424,B_discount,log_value_ratio (z=+247.3),discount_pct (z=+7.2),log_fee_rate (z=+6.2)
135153,ORD0001850,0.6424,E_newacct_value,log_value_ratio (z=+394.4),log_fee_to_value (z=-12.4),log_acct_age (z=-6.5)
132068,ORD0081698,0.6424,B_discount,log_value_ratio (z=+510.6),log_fee_to_value (z=-13.6),discount_pct (z=+6.3)
69664,ORD0090823,0.6423,B_discount,log_value_ratio (z=+423.1),log_fee_to_value (z=-8.4),discount_pct (z=+7.0)
54233,ORD0055163,0.6422,B_discount,log_value_ratio (z=+142.1),discount_pct (z=+7.6),log_fee_rate (z=+7.2)
128256,ORD0082748,0.6421,E_newacct_value,log_value_ratio (z=+523.2),log_fee_to_value (z=-17.1),log_acct_age (z=-6.7)
136746,ORD0072179,0.6421,B_discount,log_value_ratio (z=+537.7),log_fee_to_value (z=-14.8),discount_pct (z=+7.0)
27571,ORD0046825,0.642,B_discount,log_value_ratio (z=+532.0),log_fee_to_value (z=-14.5),discount_pct (z=+6.9)
38173,ORD0046632,0.6419,E_newacct_value,log_value_ratio (z=+258.2),log_fee_to_value (z=-8.1),log_acct_age (z=-6.7)
86418,ORD0061744,0.6419,E_newacct_value,log_value_ratio (z=+470.7),log_fee_to_value (z=-12.6),log_acct_age (z=-6.5)
40679,ORD0040471,0.6419,E_newacct_value,log_value_ratio (z=+471.1),log_fee_to_value (z=-13.3),log_acct_age (z=-6.7)
104671,ORD0089000,0.6418,E_newacct_value,log_value_ratio (z=+372.4),log_fee_to_value (z=-10.9),log_acct_age (z=-8.9)
59628,ORD0040013,0.6417,E_newacct_value,log_value_ratio (z=+445.1),log_fee_to_value (z=-12.2),log_acct_age (z=-6.7)
2621,ORD0065268,0.6417,C_ship_lowprice,log_value_ratio (z=-317.2),log_shipping (z=+8.2),price_vs_product (z=-7.2)
90778,ORD0068564,0.6416,E_newacct_value,log_value_ratio (z=+397.5),log_fee_to_value (z=-11.4),log_acct_age (z=-8.9)
86185,ORD0000963,0.6416,E_newacct_value,log_value_ratio (z=+540.5),log_fee_to_value (z=-15.5),log_acct_age (z=-6.4)
129648,ORD0043101,0.6415,B_discount,log_value_ratio (z=+336.8),discount_pct (z=+7.1),log_fee_to_value (z=-6.2)
15730,ORD0022758,0.6413,E_newacct_value,log_value_ratio (z=+334.7),log_fee_to_value (z=-9.7),log_acct_age (z=-8.1)
66915,ORD0034109,0.6413,E_newacct_value,log_value_ratio (z=+501.1),log_fee_to_value (z=-14.8),log_acct_age (z=-6.5)
83779,ORD0031990,0.6413,C_ship_lowprice,log_value_ratio (z=-213.6),price_vs_product (z=-18.0),log_shipping (z=+7.8)
132213,ORD0088641,0.6413,E_newacct_value,log_value_ratio (z=+431.7),log_fee_to_value (z=-11.3),log_acct_age (z=-7.6)
22813,ORD0021488,0.6412,E_newacct_value,log_value_ratio (z=+422.5),log_fee_to_value (z=-12.5),log_acct_age (z=-7.6)
53531,ORD0071807,0.6411,B_discount,log_value_ratio (z=+436.9),log_fee_to_value (z=-8.7),discount_pct (z=+7.3)
16165,ORD0064701,0.6411,E_newacct_value,log_value_ratio (z=+339.3),log_fee_to_value (z=-10.6),log_acct_age (z=-8.1)
59789,ORD0087692,0.6411,B_discount,log_value_ratio (z=+367.0),discount_pct (z=+7.0),log_fee_rate (z=+6.0)
127718,ORD0063148,0.641,C_ship_lowprice,price_vs_product (z=-18.2),log_fee_rate (z=+7.7),log_shipping (z=+6.5)
27017,ORD0085151,0.641,E_newacct_value,log_value_ratio (z=+321.9),log_fee_to_value (z=-9.9),log_acct_age (z=-8.1)
134351,ORD0082456,0.641,E_newacct_value,log_value_ratio (z=+391.7),log_fee_to_value (z=-12.1),log_acct_age (z=-7.6)
45503,ORD0053554,0.641,E_newacct_value,log_value_ratio (z=+363.6),log_fee_to_value (z=-10.6),log_acct_age (z=-8.1)
100537,ORD0023928,0.6409,E_newacct_value,log_value_ratio (z=+392.4),log_fee_to_value (z=-12.0),log_acct_age (z=-7.6)
42121,ORD0008448,0.6409,B_discount,log_value_ratio (z=+374.5),log_fee_to_value (z=-8.1),discount_pct (z=+7.3)
11585,ORD0079739,0.6409,B_discount,log_value_ratio (z=+513.8),log_fee_to_value (z=-13.7),discount_pct (z=+6.7)
105493,ORD0023433,0.6409,E_newacct_value,log_value_ratio (z=+388.7),log_fee_to_value (z=-11.4),log_acct_age (z=-7.6)
16874,ORD0024248,0.6408,C_ship_lowprice,log_value_ratio (z=-274.8),price_vs_product (z=-10.6),log_shipping (z=+8.0)
42794,ORD0050618,0.6406,B_discount,log_value_ratio (z=+488.7),log_fee_to_value (z=-11.1),discount_pct (z=+7.3)
120093,ORD0081369,0.6404,B_discount,log_value_ratio (z=+478.8),log_fee_to_value (z=-10.9),discount_pct (z=+7.0)
141945,ORD0017660,0.6404,B_discount,log_value_ratio (z=+460.1),log_fee_to_value (z=-12.3),discount_pct (z=+7.4)
109945,ORD0033106,0.6403,E_newacct_value,log_value_ratio (z=+370.7),log_fee_to_value (z=-9.3),log_acct_age (z=-7.2)
64122,ORD0091160,0.6402,E_newacct_value,log_value_ratio (z=+264.6),log_fee_to_value (z=-8.2),log_acct_age (z=-7.6)
43433,ORD0016222,0.6402,B_discount,log_value_ratio (z=+455.3),log_fee_to_value (z=-12.4),discount_pct (z=+7.7)
75611,ORD0019265,0.6401,C_ship_lowprice,log_value_ratio (z=-285.7),log_shipping (z=+7.8),price_vs_product (z=-6.4)
146425,ORD0080253,0.6401,E_newacct_value,log_value_ratio (z=+484.1),log_fee_to_value (z=-15.7),log_acct_age (z=-6.7)
40810,ORD0022540,0.64,B_discount,log_value_ratio (z=+385.4),log_fee_to_value (z=-7.8),discount_pct (z=+6.9)
81366,ORD0012213,0.64,C_ship_lowprice,log_value_ratio (z=-364.7),log_shipping (z=+8.1),price_vs_product (z=-4.2)
12061,ORD0010497,0.64,E_newacct_value,log_value_ratio (z=+474.2),log_fee_to_value (z=-12.9),log_acct_age (z=-7.6)
101785,ORD0075506,0.64,E_newacct_value,log_value_ratio (z=+447.7),log_fee_to_value (z=-14.5),log_acct_age (z=-6.9)
75336,ORD0036063,0.64,B_discount,log_value_ratio (z=+533.4),log_fee_to_value (z=-12.3),discount_pct (z=+7.1)
6564,ORD0068685,0.6399,C_ship_lowprice,log_value_ratio (z=-389.4),log_shipping (z=+8.3),price_vs_product (z=-4.1)
76068,ORD0012257,0.6399,B_discount,log_value_ratio (z=+488.9),log_fee_to_value (z=-13.2),discount_pct (z=+6.4)
16603,ORD0074268,0.6397,B_discount,log_value_ratio (z=+214.8),discount_pct (z=+7.2),log_fee_rate (z=+5.6)
146833,ORD0045159,0.6397,E_newacct_value,log_value_ratio (z=+233.3),log_acct_age (z=-8.9),log_fee_to_value (z=-7.5)
141424,ORD0080970,0.6396,C_ship_lowprice,log_value_ratio (z=-346.1),log_shipping (z=+8.3),price_vs_product (z=-7.6)
76764,ORD0073655,0.6395,E_newacct_value,log_value_ratio (z=+384.5),log_fee_to_value (z=-11.4),log_acct_age (z=-8.1)
109112,ORD0070569,0.6395,E_newacct_value,log_value_ratio (z=+299.2),log_acct_age (z=-8.1),log_fee_to_value (z=-7.5)
89635,ORD0033689,0.6395,B_discount,log_value_ratio (z=+506.6),log_fee_to_value (z=-12.1),discount_pct (z=+6.4)
96656,ORD0000793,0.6394,E_newacct_value,log_value_ratio (z=+278.7),log_fee_to_value (z=-8.9),log_acct_age (z=-7.6)
80701,ORD0017486,0.6393,E_newacct_value,log_value_ratio (z=+423.0),log_fee_to_value (z=-13.9),log_acct_age (z=-6.9)
109064,ORD0013991,0.6392,E_newacct_value,log_value_ratio (z=+521.4),log_fee_to_value (z=-14.9),log_acct_age (z=-7.2)
107023,ORD0028553,0.6392,E_newacct_value,log_value_ratio (z=+367.8),log_fee_to_value (z=-10.9),log_acct_age (z=-8.1)
29704,ORD0072827,0.6391,B_discount,log_value_ratio (z=+413.4),log_fee_to_value (z=-8.0),discount_pct (z=+7.2)
25385,ORD0022043,0.6391,B_discount,log_value_ratio (z=+491.6),log_fee_to_value (z=-12.7),discount_pct (z=+6.8)
92665,ORD0083679,0.6391,E_newacct_value,log_value_ratio (z=+482.2),log_fee_to_value (z=-12.9),log_acct_age (z=-6.7)
120794,ORD0034664,0.6391,E_newacct_value,log_value_ratio (z=+449.7),log_fee_to_value (z=-13.0),log_acct_age (z=-7.2)
58566,ORD0072183,0.639,C_ship_lowprice,log_value_ratio (z=-156.9),price_vs_product (z=-15.1),log_fee_rate (z=+7.7)
93178,ORD0072439,0.639,E_newacct_value,log_value_ratio (z=+460.1),log_fee_to_value (z=-12.4),log_acct_age (z=-7.6)
32693,ORD0012381,0.6389,B_discount,log_value_ratio (z=+412.8),log_fee_to_value (z=-10.1),discount_pct (z=+6.4)
140208,ORD0050376,0.6388,E_newacct_value,log_value_ratio (z=+325.7),log_fee_to_value (z=-10.2),log_acct_age (z=-6.7)
75465,ORD0088684,0.6387,B_discount,log_value_ratio (z=+356.2),discount_pct (z=+7.6),log_fee_rate (z=+6.5)
74813,ORD0022936,0.6387,E_newacct_value,log_value_ratio (z=+460.6),log_fee_to_value (z=-14.8),log_acct_age (z=-6.5)
54409,ORD0058900,0.6387,E_newacct_value,log_value_ratio (z=+381.5),log_fee_to_value (z=-11.8),log_acct_age (z=-6.5)
106612,ORD0003059,0.6386,B_discount,log_value_ratio (z=+386.1),log_fee_to_value (z=-7.8),discount_pct (z=+6.9)
10415,ORD0065738,0.6386,E_newacct_value,log_value_ratio (z=+519.9),log_fee_to_value (z=-15.0),log_acct_age (z=-6.9)
47493,ORD0032586,0.6386,E_newacct_value,log_value_ratio (z=+537.8),log_fee_to_value (z=-17.0),log_acct_age (z=-7.2)
71931,ORD0033423,0.6382,B_discount,log_value_ratio (z=+472.6),log_fee_to_value (z=-10.0),discount_pct (z=+6.7)
124241,ORD0027641,0.6382,E_newacct_value,log_value_ratio (z=+259.1),log_acct_age (z=-7.6),log_fee_to_value (z=-6.5)
12554,ORD0017267,0.6382,B_discount,log_value_ratio (z=+432.2),log_fee_to_value (z=-10.1),discount_pct (z=+6.8)
16914,ORD0023158,0.6381,E_newacct_value,log_value_ratio (z=+497.8),log_fee_to_value (z=-14.2),log_acct_age (z=-7.2)
78067,ORD0055049,0.6381,B_discount,log_value_ratio (z=+393.4),log_fee_to_value (z=-9.4),discount_pct (z=+6.8)
129676,ORD0055049,0.6381,B_discount,log_value_ratio (z=+393.4),log_fee_to_value (z=-9.4),discount_pct (z=+6.8)
54461,ORD0031270,0.6381,C_ship_lowprice,log_value_ratio (z=-216.3),price_vs_product (z=-10.3),log_shipping (z=+7.4)
71327,ORD0076604,0.638,C_ship_lowprice,log_value_ratio (z=-145.4),price_vs_product (z=-10.4),log1p_tax_rate (z=+8.1)
86350,ORD0072195,0.638,E_newacct_value,log_value_ratio (z=+478.1),log_fee_to_value (z=-15.2),log_acct_age (z=-6.7)
24660,ORD0017007,0.638,E_newacct_value,log_value_ratio (z=+410.9),log_fee_to_value (z=-10.8),log_acct_age (z=-6.7)
51796,ORD0018705,0.638,E_newacct_value,log_value_ratio (z=+345.1),log_fee_to_value (z=-8.4),log_acct_age (z=-7.2)
96817,ORD0058120,0.6379,E_newacct_value,log_value_ratio (z=+402.7),log_fee_to_value (z=-11.1),log_acct_age (z=-8.1)
35954,ORD0065338,0.6379,B_discount,log_value_ratio (z=+508.2),log_fee_to_value (z=-10.0),discount_pct (z=+6.7)
8511,ORD0032330,0.6379,E_newacct_value,log_value_ratio (z=+217.6),log_acct_age (z=-8.9),log_fee_to_value (z=-5.3)
38927,ORD0065338,0.6379,B_discount,log_value_ratio (z=+508.2),log_fee_to_value (z=-10.0),discount_pct (z=+6.7)
127739,ORD0060741,0.6378,B_discount,log_value_ratio (z=+413.9),log_fee_to_value (z=-10.0),discount_pct (z=+6.8)
105634,ORD0050575,0.6377,B_discount,log_value_ratio (z=+416.8),log_fee_to_value (z=-9.5),discount_pct (z=+6.3)
41815,ORD0024337,0.6377,C_ship_lowprice,log_value_ratio (z=-231.4),price_vs_product (z=-11.8),log_shipping (z=+7.2)
66257,ORD0055484,0.6377,E_newacct_value,log_value_ratio (z=+500.9),log_fee_to_value (z=-15.4),log_acct_age (z=-7.2)
53226,ORD0045666,0.6377,B_discount,log_value_ratio (z=+415.9),log_fee_to_value (z=-8.0),discount_pct (z=+7.2)
98676,ORD0046532,0.6376,C_ship_lowprice,log_value_ratio (z=-323.7),price_vs_product (z=-9.0),log_shipping (z=+8.5)
38284,ORD0034887,0.6376,E_newacct_value,log_value_ratio (z=+431.7),log_fee_to_value (z=-13.8),log_acct_age (z=-7.2)
89569,ORD0036316,0.6375,E_newacct_value,log_value_ratio (z=+237.0),log_acct_age (z=-8.9),log_fee_to_value (z=-7.3)
12595,ORD0090004,0.6374,B_discount,log_value_ratio (z=+443.6),log_fee_to_value (z=-12.7),discount_pct (z=+6.5)
75010,ORD0083903,0.6373,E_newacct_value,log_value_ratio (z=+323.4),log_fee_to_value (z=-9.8),log_acct_age (z=-6.4)
52778,ORD0084653,0.6372,E_newacct_value,log_value_ratio (z=+334.4),log_fee_to_value (z=-10.8),log_acct_age (z=-8.1)
15145,ORD0088524,0.6372,E_newacct_value,log_value_ratio (z=+404.2),log_fee_to_value (z=-11.1),log_acct_age (z=-8.9)
68866,ORD0065729,0.637,E_newacct_value,log_value_ratio (z=+439.7),log_fee_to_value (z=-12.4),log_acct_age (z=-7.6)
72341,ORD0009109,0.6369,C_ship_lowprice,log_value_ratio (z=-331.8),log_shipping (z=+8.4),price_vs_product (z=-6.3)
118201,ORD0043499,0.6369,B_discount,log_value_ratio (z=+442.4),log_fee_to_value (z=-10.0),discount_pct (z=+7.1)
112061,ORD0018342,0.6369,C_ship_lowprice,log_value_ratio (z=-301.1),price_vs_product (z=-8.8),log_shipping (z=+7.3)
11191,ORD0072215,0.6368,C_ship_lowprice,log_value_ratio (z=-102.9),price_vs_product (z=-13.9),log1p_tax_rate (z=+9.1)
106886,ORD0080823,0.6367,B_discount,log_value_ratio (z=+148.0),discount_pct (z=+6.7),log1p_tax_rate (z=+6.2)
54951,ORD0037984,0.6366,E_newacct_value,log_value_ratio (z=+420.7),log_fee_to_value (z=-10.8),log_acct_age (z=-6.4)
76379,ORD0074656,0.6364,B_discount,log_value_ratio (z=+474.4),log_fee_to_value (z=-11.3),discount_pct (z=+7.0)
111350,ORD0007824,0.6363,B_discount,log_value_ratio (z=+480.0),log_fee_to_value (z=-10.4),discount_pct (z=+7.1)
25679,ORD0071065,0.6363,E_newacct_value,log_value_ratio (z=+403.6),log_fee_to_value (z=-13.2),log_acct_age (z=-7.2)
114155,ORD0068865,0.6363,E_newacct_value,log_value_ratio (z=+437.0),log_fee_to_value (z=-12.6),log_acct_age (z=-6.7)
52547,ORD0032987,0.6363,E_newacct_value,log_value_ratio (z=+289.4),log_acct_age (z=-8.9),log_fee_to_value (z=-8.8)
78672,ORD0083816,0.6363,B_discount,log_value_ratio (z=+523.8),log_fee_to_value (z=-13.0),discount_pct (z=+6.7)
104177,ORD0031455,0.6361,C_ship_lowprice,log_value_ratio (z=-99.5),price_vs_product (z=-13.1),log_fee_rate (z=+7.4)
7949,ORD0072374,0.636,E_newacct_value,log_value_ratio (z=+476.1),log_fee_to_value (z=-15.4),log_acct_age (z=-6.7)
30584,ORD0017616,0.6358,E_newacct_value,log_value_ratio (z=+381.0),log_fee_to_value (z=-11.3),log_acct_age (z=-6.5)
148932,ORD0038302,0.6358,B_discount,log_value_ratio (z=+390.7),discount_pct (z=+7.5),log_fee_to_value (z=-7.1)
40936,ORD0009753,0.6358,E_newacct_value,log_value_ratio (z=+390.9),log_fee_to_value (z=-12.4),log_acct_age (z=-6.5)
129229,ORD0038113,0.6357,E_newacct_value,log_value_ratio (z=+465.3),log_fee_to_value (z=-14.6),log_acct_age (z=-6.4)
127037,ORD0047526,0.6356,C_ship_lowprice,log_value_ratio (z=-343.0),log_shipping (z=+8.0),price_vs_product (z=-5.9)
144041,ORD0045827,0.6356,C_ship_lowprice,log_value_ratio (z=-250.7),price_vs_product (z=-11.1),log_shipping (z=+7.8)
95205,ORD0007039,0.6355,B_discount,log_value_ratio (z=+306.0),discount_pct (z=+7.1),log_fee_to_value (z=-4.9)
141614,ORD0030113,0.6355,C_ship_lowprice,log_value_ratio (z=-242.5),log_shipping (z=+8.1),price_vs_product (z=-6.4)
40430,ORD0004575,0.6354,C_ship_lowprice,log_value_ratio (z=-336.9),log_shipping (z=+7.8),price_vs_product (z=-5.5)
31621,ORD0010539,0.6352,C_ship_lowprice,log_value_ratio (z=-208.3),price_vs_product (z=-15.4),log_shipping (z=+6.3)
10960,ORD0011391,0.6352,E_newacct_value,log_value_ratio (z=+455.3),log_fee_to_value (z=-13.4),log_acct_age (z=-6.7)
69859,ORD0059456,0.6352,E_newacct_value,log_value_ratio (z=+358.9),log_fee_to_value (z=-11.2),log_acct_age (z=-8.1)
132128,ORD0011081,0.6351,B_discount,log_value_ratio (z=+503.6),log_fee_to_value (z=-11.4),discount_pct (z=+6.7)
63983,ORD0067768,0.6351,E_newacct_value,log_value_ratio (z=+476.3),log_fee_to_value (z=-13.9),log_acct_age (z=-6.5)
74771,ORD0062579,0.635,C_ship_lowprice,log_value_ratio (z=-221.1),log_shipping (z=+7.9),price_vs_product (z=-6.1)
73925,ORD0076654,0.635,E_newacct_value,log_value_ratio (z=+189.5),log_acct_age (z=-8.1),log_fee_to_value (z=-5.8)
108965,ORD0015385,0.635,E_newacct_value,log_value_ratio (z=+388.8),log_fee_to_value (z=-12.4),log_acct_age (z=-7.6)
149157,ORD0078801,0.635,E_newacct_value,log_value_ratio (z=+251.1),log_acct_age (z=-8.1),log_fee_to_value (z=-5.9)
108331,ORD0038496,0.635,E_newacct_value,log_value_ratio (z=+403.4),log_fee_to_value (z=-12.5),log_acct_age (z=-6.7)
84698,ORD0048523,0.6349,E_newacct_value,log_value_ratio (z=+438.4),log_fee_to_value (z=-12.4),log_acct_age (z=-6.4)
86748,ORD0062022,0.6348,C_ship_lowprice,log_value_ratio (z=-138.6),price_vs_product (z=-12.0),log_shipping (z=+8.5)
13883,ORD0090749,0.6347,B_discount,log_value_ratio (z=+472.6),log_fee_to_value (z=-11.7),discount_pct (z=+6.7)
144598,ORD0087833,0.6347,B_discount,log_value_ratio (z=+460.6),log_fee_to_value (z=-9.9),discount_pct (z=+7.1)
4598,ORD0084933,0.6347,E_newacct_value,log_value_ratio (z=+308.1),log_fee_to_value (z=-8.4),log_acct_age (z=-7.6)
74231,ORD0064377,0.6346,E_newacct_value,log_value_ratio (z=+342.3),log_fee_to_value (z=-9.9),log_acct_age (z=-8.1)
109497,ORD0063697,0.6345,B_discount,log_value_ratio (z=+402.8),log_fee_to_value (z=-8.4),discount_pct (z=+6.8)
85193,ORD0019696,0.6344,E_newacct_value,log_value_ratio (z=+394.1),log_fee_to_value (z=-11.9),log_acct_age (z=-6.9)
29097,ORD0050703,0.6344,B_discount,log_value_ratio (z=+474.9),log_fee_to_value (z=-10.3),discount_pct (z=+6.5)
8308,ORD0013068,0.6342,E_newacct_value,log_value_ratio (z=+309.3),log_acct_age (z=-8.1),log_fee_to_value (z=-7.7)
31485,ORD0000462,0.6341,E_newacct_value,log_value_ratio (z=+351.9),log_fee_to_value (z=-11.4),log_acct_age (z=-6.7)
33406,ORD0011766,0.6341,C_ship_lowprice,log_value_ratio (z=-418.5),log_shipping (z=+8.5),log_fee_to_value (z=-3.3)
129744,ORD0089778,0.634,B_discount,log_value_ratio (z=+399.1),log_fee_to_value (z=-9.5),discount_pct (z=+6.8)
73192,ORD0065582,0.634,E_newacct_value,log_value_ratio (z=+286.7),log_fee_to_value (z=-8.0),log_acct_age (z=-6.9)
124044,ORD0033944,0.634,C_ship_lowprice,log_value_ratio (z=-110.0),log_shipping (z=+7.6),price_vs_product (z=-7.4)
69570,ORD0049993,0.6339,E_newacct_value,log_value_ratio (z=+332.7),log_fee_to_value (z=-10.2),log_acct_age (z=-7.6)
55710,ORD0082066,0.6337,C_ship_lowprice,log_value_ratio (z=-181.5),price_vs_product (z=-9.6),log1p_tax_rate (z=+6.8)
61746,ORD0075305,0.6336,C_ship_lowprice,log_value_ratio (z=-101.4),price_vs_product (z=-14.2),log_shipping (z=+7.1)
126149,ORD0067338,0.6336,E_newacct_value,log_value_ratio (z=+521.0),log_fee_to_value (z=-15.4),log_acct_age (z=-6.4)
66393,ORD0086500,0.6335,B_discount,log_value_ratio (z=+268.9),discount_pct (z=+7.4),log_fee_rate (z=+4.6)
74432,ORD0061341,0.6334,B_discount,log_value_ratio (z=+419.2),log_fee_to_value (z=-10.6),discount_pct (z=+6.3)
17888,ORD0079103,0.6333,B_discount,log_value_ratio (z=+469.6),log_fee_to_value (z=-11.7),discount_pct (z=+6.5)
83491,ORD0038339,0.6333,E_newacct_value,log_value_ratio (z=+497.9),log_fee_to_value (z=-15.5),log_acct_age (z=-6.9)
16315,ORD0085959,0.6332,E_newacct_value,log_value_ratio (z=+409.9),log_fee_to_value (z=-14.6),log_acct_age (z=-6.9)
128004,ORD0088085,0.6332,C_ship_lowprice,log_value_ratio (z=-337.9),log_shipping (z=+7.5),price_vs_product (z=-3.4)
128587,ORD0080815,0.6332,E_newacct_value,log_value_ratio (z=+419.0),log_fee_to_value (z=-13.5),log_acct_age (z=-6.4)
124507,ORD0023801,0.6332,B_discount,log_value_ratio (z=+433.0),log_fee_to_value (z=-11.4),discount_pct (z=+7.4)
18064,ORD0008287,0.6331,B_discount,log_value_ratio (z=+310.6),discount_pct (z=+7.0),log_fee_to_value (z=-5.7)
147307,ORD0066606,0.6329,E_newacct_value,log_value_ratio (z=+492.7),log_fee_to_value (z=-13.9),log_acct_age (z=-6.4)
56766,ORD0075961,0.6329,E_newacct_value,log_value_ratio (z=+497.2),log_fee_to_value (z=-14.1),log_acct_age (z=-7.6)
35885,ORD0040802,0.6328,E_newacct_value,log_value_ratio (z=+439.6),log_fee_to_value (z=-13.5),log_acct_age (z=-7.6)
112098,ORD0019346,0.6328,E_newacct_value,log_value_ratio (z=+303.9),log_fee_to_value (z=-9.6),log_acct_age (z=-8.1)
94274,ORD0046349,0.6328,E_newacct_value,log_value_ratio (z=+355.1),log_fee_to_value (z=-11.8),log_acct_age (z=-8.1)
70959,ORD0086046,0.6327,B_discount,log_value_ratio (z=+331.9),log_fee_to_value (z=-9.2),discount_pct (z=+6.5)
123613,ORD0061555,0.6327,E_newacct_value,log_value_ratio (z=+446.5),log_fee_to_value (z=-12.4),log_acct_age (z=-7.2)
2333,ORD0047791,0.6326,E_newacct_value,log_value_ratio (z=+375.9),log_fee_to_value (z=-11.2),log_acct_age (z=-6.9)
79917,ORD0014545,0.6324,E_newacct_value,log_value_ratio (z=+369.6),log_fee_to_value (z=-10.4),log_acct_age (z=-8.1)
54262,ORD0022627,0.6324,E_newacct_value,log_value_ratio (z=+440.4),log_fee_to_value (z=-13.1),log_acct_age (z=-6.5)
112417,ORD0027419,0.6324,E_newacct_value,log_value_ratio (z=+407.1),log_fee_to_value (z=-11.6),log_acct_age (z=-6.4)
92211,ORD0011117,0.6323,E_newacct_value,log_value_ratio (z=+286.9),log_fee_to_value (z=-9.0),log_acct_age (z=-8.9)
15038,ORD0003802,0.6323,E_newacct_value,log_value_ratio (z=+384.5),log_fee_to_value (z=-10.3),log_acct_age (z=-7.6)
78557,ORD0090794,0.6322,E_newacct_value,log_value_ratio (z=+446.5),log_fee_to_value (z=-12.7),log_acct_age (z=-7.2)
21871,ORD0026227,0.6322,B_discount,log_value_ratio (z=+354.0),log_fee_to_value (z=-8.2),discount_pct (z=+6.6)
40003,ORD0079772,0.6321,E_newacct_value,log_value_ratio (z=+381.5),log_fee_to_value (z=-11.2),log_acct_age (z=-6.7)
42362,ORD0001478,0.6319,E_newacct_value,log_value_ratio (z=+496.8),log_fee_to_value (z=-13.6),log_acct_age (z=-7.2)
53376,ORD0080905,0.6319,C_ship_lowprice,log_value_ratio (z=-246.2),price_vs_product (z=-12.2),log_shipping (z=+7.0)
78467,ORD0058244,0.6319,E_newacct_value,log_value_ratio (z=+313.4),log_acct_age (z=-8.9),log_fee_to_value (z=-8.4)
135640,ORD0084361,0.6317,E_newacct_value,log_value_ratio (z=+447.3),log_fee_to_value (z=-13.4),log_acct_age (z=-6.9)
83339,ORD0033367,0.6317,E_newacct_value,log_value_ratio (z=+524.9),log_fee_to_value (z=-15.5),log_acct_age (z=-6.7)
27044,ORD0053330,0.6316,C_ship_lowprice,log_value_ratio (z=-116.4),price_vs_product (z=-14.7),log_shipping (z=+6.2)
93707,ORD0072770,0.6316,E_newacct_value,log_value_ratio (z=+339.1),log_fee_to_value (z=-10.4),log_acct_age (z=-6.5)
84949,ORD0035695,0.6315,C_ship_lowprice,log_value_ratio (z=-64.4),price_vs_product (z=-10.4),log1p_tax_rate (z=+7.4)
110793,ORD0002234,0.6315,E_newacct_value,log_value_ratio (z=+437.3),log_fee_to_value (z=-12.0),log_acct_age (z=-7.6)
49784,ORD0086212,0.6315,E_newacct_value,log_value_ratio (z=+332.5),log_fee_to_value (z=-10.6),log_acct_age (z=-7.2)
77811,ORD0077974,0.6315,E_newacct_value,log_value_ratio (z=+428.8),log_fee_to_value (z=-12.8),log_acct_age (z=-8.1)
148804,ORD0041044,0.6315,C_ship_lowprice,log_value_ratio (z=-270.5),log_shipping (z=+6.8),price_vs_product (z=-5.5)
11139,ORD0027009,0.6313,E_newacct_value,log_value_ratio (z=+496.2),log_fee_to_value (z=-13.4),log_acct_age (z=-6.7)
111568,ORD0022894,0.6313,B_discount,log_value_ratio (z=+451.1),log_fee_to_value (z=-8.4),discount_pct (z=+7.0)
73938,ORD0065449,0.6313,E_newacct_value,log_value_ratio (z=+486.9),log_fee_to_value (z=-13.1),log_acct_age (z=-6.4)
113676,ORD0046233,0.6312,E_newacct_value,log_value_ratio (z=+373.6),log_fee_to_value (z=-9.8),log_acct_age (z=-6.7)
81922,ORD0079690,0.6311,B_discount,log_value_ratio (z=+488.6),log_fee_to_value (z=-12.6),discount_pct (z=+6.5)
60284,ORD0034937,0.631,C_ship_lowprice,log_value_ratio (z=-296.8),price_vs_product (z=-8.8),log_shipping (z=+7.9)
129809,ORD0061578,0.631,B_discount,log_value_ratio (z=+282.4),discount_pct (z=+6.8),log_fee_rate (z=+5.0)
123642,ORD0003038,0.6309,C_ship_lowprice,log_value_ratio (z=-231.4),price_vs_product (z=-8.6),log_shipping (z=+6.3)
33505,ORD0004118,0.6309,B_discount,log_value_ratio (z=+525.9),log_fee_to_value (z=-14.3),discount_pct (z=+6.4)
83899,ORD0020982,0.6309,E_newacct_value,log_value_ratio (z=+225.0),log_acct_age (z=-7.6),log_fee_to_value (z=-6.3)
9908,ORD0056130,0.6309,C_ship_lowprice,log_value_ratio (z=-151.5),price_vs_product (z=-9.8),log_shipping (z=+7.2)
29966,ORD0025212,0.6306,E_newacct_value,log_value_ratio (z=+317.4),log_fee_to_value (z=-8.7),log_acct_age (z=-8.1)
118121,ORD0079888,0.6304,E_newacct_value,log_value_ratio (z=+352.3),log_fee_to_value (z=-9.3),log_acct_age (z=-8.1)
28172,ORD0044821,0.6304,C_ship_lowprice,log_value_ratio (z=-298.5),log_shipping (z=+7.4),price_vs_product (z=-5.5)
27477,ORD0085665,0.63,E_newacct_value,log_value_ratio (z=+510.7),log_fee_to_value (z=-14.2),log_acct_age (z=-6.5)
149142,ORD0067718,0.63,E_newacct_value,log_value_ratio (z=+331.1),log_fee_to_value (z=-9.2),log_acct_age (z=-7.6)
105338,ORD0038397,0.6299,E_newacct_value,log_value_ratio (z=+423.0),log_fee_to_value (z=-12.4),log_acct_age (z=-7.2)
85087,ORD0053407,0.6298,E_newacct_value,log_value_ratio (z=+289.4),log_acct_age (z=-8.1),log_fee_to_value (z=-7.9)
16542,ORD0004168,0.6298,E_newacct_value,log_value_ratio (z=+408.3),log_fee_to_value (z=-11.6),log_acct_age (z=-8.1)
43609,ORD0080175,0.6298,E_newacct_value,log_value_ratio (z=+505.4),log_fee_to_value (z=-14.8),log_acct_age (z=-6.5)
54709,ORD0013291,0.6298,E_newacct_value,log_value_ratio (z=+279.6),log_acct_age (z=-8.9),log_fee_to_value (z=-8.0)
18219,ORD0077730,0.6297,E_newacct_value,log_value_ratio (z=+485.9),log_fee_to_value (z=-13.2),log_acct_age (z=-6.5)
54973,ORD0024209,0.6297,E_newacct_value,log_value_ratio (z=+424.1),log_fee_to_value (z=-12.5),log_acct_age (z=-6.4)
91610,ORD0043909,0.6297,E_newacct_value,log_value_ratio (z=+486.4),log_fee_to_value (z=-14.2),log_acct_age (z=-6.7)
32615,ORD0057558,0.6296,E_newacct_value,log_value_ratio (z=+412.0),log_fee_to_value (z=-11.2),log_acct_age (z=-7.2)
92965,ORD0002314,0.6295,B_discount,log_value_ratio (z=+400.3),log_fee_to_value (z=-8.9),discount_pct (z=+6.4)
55272,ORD0030700,0.6295,E_newacct_value,log_value_ratio (z=+333.2),log_fee_to_value (z=-9.1),log_acct_age (z=-6.9)
75546,ORD0053916,0.6295,E_newacct_value,log_value_ratio (z=+243.8),log_fee_to_value (z=-7.8),log_acct_age (z=-6.7)
51911,ORD0069753,0.6292,C_ship_lowprice,log_value_ratio (z=-335.7),log_shipping (z=+7.8),price_vs_product (z=-3.8)
132982,ORD0074806,0.6292,E_newacct_value,log_value_ratio (z=+469.6),log_fee_to_value (z=-14.3),log_acct_age (z=-6.5)
31987,ORD0082193,0.6291,C_ship_lowprice,log_value_ratio (z=-293.9),price_vs_product (z=-10.9),log_shipping (z=+7.9)
66650,ORD0017293,0.6291,C_ship_lowprice,log_value_ratio (z=-359.5),log_shipping (z=+8.3),log_quantity (z=+3.7)
132624,ORD0032442,0.629,E_newacct_value,log_value_ratio (z=+386.4),log_fee_to_value (z=-11.5),log_acct_age (z=-6.4)
135,ORD0000170,0.6289,B_discount,log_value_ratio (z=+175.8),discount_pct (z=+6.5),log1p_tax_rate (z=+4.6)
84985,ORD0038747,0.6288,B_discount,log_value_ratio (z=+421.0),log_fee_to_value (z=-8.8),discount_pct (z=+7.1)
141478,ORD0070413,0.6287,E_newacct_value,log_value_ratio (z=+418.3),log_fee_to_value (z=-11.4),log_acct_age (z=-6.4)
56043,ORD0034625,0.6287,B_discount,log_value_ratio (z=+438.1),log_fee_to_value (z=-10.9),discount_pct (z=+7.2)
41156,ORD0023448,0.6286,E_newacct_value,log_value_ratio (z=+346.5),log_fee_to_value (z=-8.8),log_acct_age (z=-6.9)
49210,ORD0067728,0.6285,C_ship_lowprice,log_value_ratio (z=-158.2),price_vs_product (z=-10.7),log_shipping (z=+7.1)
27969,ORD0004821,0.6285,B_discount,log_value_ratio (z=+448.9),log_fee_to_value (z=-9.3),discount_pct (z=+7.0)
96957,ORD0031876,0.6284,C_ship_lowprice,log_value_ratio (z=-206.6),price_vs_product (z=-9.7),log_shipping (z=+7.6)
1363,ORD0074838,0.6284,E_newacct_value,log_value_ratio (z=+388.6),log_fee_to_value (z=-11.4),log_acct_age (z=-7.6)
33942,ORD0039192,0.6284,E_newacct_value,log_value_ratio (z=+463.5),log_fee_to_value (z=-12.8),log_acct_age (z=-6.4)
118748,ORD0081340,0.6283,E_newacct_value,log_value_ratio (z=+359.2),log_fee_to_value (z=-10.8),log_acct_age (z=-7.6)
140247,ORD0082342,0.6282,E_newacct_value,log_value_ratio (z=+465.3),log_fee_to_value (z=-13.0),log_acct_age (z=-7.6)
35486,ORD0045770,0.6282,C_ship_lowprice,log_value_ratio (z=-276.6),log_shipping (z=+7.1),price_vs_product (z=-5.7)
71433,ORD0037631,0.6282,B_discount,log_value_ratio (z=+450.5),log_fee_to_value (z=-10.5),discount_pct (z=+6.7)
22354,ORD0024450,0.6281,E_newacct_value,log_value_ratio (z=+435.7),log_fee_to_value (z=-13.8),log_acct_age (z=-7.6)
112137,ORD0081118,0.628,E_newacct_value,log_value_ratio (z=+493.9),log_fee_to_value (z=-14.3),log_acct_age (z=-6.7)
68713,ORD0027500,0.6279,E_newacct_value,log_value_ratio (z=+381.7),log_fee_to_value (z=-10.9),log_acct_age (z=-6.5)
22801,ORD0012804,0.6278,E_newacct_value,log_value_ratio (z=+193.1),log_acct_age (z=-7.6),log_fee_to_value (z=-5.8)
149644,ORD0041502,0.6278,B_discount,log_value_ratio (z=+405.8),log_fee_to_value (z=-9.3),discount_pct (z=+6.6)
108765,ORD0012180,0.6276,B_discount,log_value_ratio (z=+294.5),discount_pct (z=+6.5),log_fee_to_value (z=-6.4)
61743,ORD0055104,0.6275,E_newacct_value,log_value_ratio (z=+369.4),log_fee_to_value (z=-10.1),log_acct_age (z=-6.7)
26783,ORD0065097,0.6274,E_newacct_value,log_value_ratio (z=+406.3),log_fee_to_value (z=-12.0),log_acct_age (z=-6.9)
80385,ORD0015987,0.6272,C_ship_lowprice,log_value_ratio (z=-184.0),log_shipping (z=+8.0),price_vs_product (z=-6.1)
146705,ORD0002267,0.6272,E_newacct_value,log_value_ratio (z=+466.4),log_fee_to_value (z=-13.6),log_acct_age (z=-6.5)
54811,ORD0067294,0.6272,B_discount,log_value_ratio (z=+320.9),discount_pct (z=+6.4),log_fee_to_value (z=-6.1)
59979,ORD0024341,0.6271,E_newacct_value,log_value_ratio (z=+165.7),log_acct_age (z=-8.1),log_fee_to_value (z=-5.4)
81384,ORD0052413,0.6271,E_newacct_value,log_value_ratio (z=+336.1),log_fee_to_value (z=-10.5),log_acct_age (z=-7.6)
63372,ORD0087702,0.6271,C_ship_lowprice,log_value_ratio (z=-306.0),log_shipping (z=+8.2),log_acct_age (z=-5.1)
96384,ORD0013048,0.627,B_discount,log_value_ratio (z=+317.0),discount_pct (z=+6.8),log_fee_to_value (z=-5.1)
59262,ORD0070212,0.627,E_newacct_value,log_value_ratio (z=+337.7),log_fee_to_value (z=-8.4),log_acct_age (z=-6.4)
122195,ORD0014642,0.6266,E_newacct_value,log_value_ratio (z=+440.5),log_fee_to_value (z=-12.4),log_acct_age (z=-6.9)
45594,ORD0022632,0.6264,E_newacct_value,log_value_ratio (z=+438.1),log_fee_to_value (z=-13.2),log_acct_age (z=-6.9)
29000,ORD0018773,0.6263,E_newacct_value,log_value_ratio (z=+382.5),log_fee_to_value (z=-13.1),log_acct_age (z=-6.7)
131202,ORD0037828,0.6262,B_discount,log_value_ratio (z=+355.2),log_fee_to_value (z=-7.4),discount_pct (z=+6.7)
147978,ORD0015487,0.6262,E_newacct_value,log_value_ratio (z=+313.7),log_fee_to_value (z=-8.1),log_acct_age (z=-7.2)
149401,ORD0062747,0.6261,E_newacct_value,log_value_ratio (z=+445.4),log_fee_to_value (z=-13.9),log_acct_age (z=-7.2)
23483,ORD0009286,0.6261,E_newacct_value,log_value_ratio (z=+398.8),log_fee_to_value (z=-11.4),log_acct_age (z=-6.9)
136168,ORD0034057,0.626,E_newacct_value,log_value_ratio (z=+450.3),log_fee_to_value (z=-13.5),log_acct_age (z=-6.4)
90104,ORD0047784,0.626,C_ship_lowprice,log_value_ratio (z=-251.4),price_vs_product (z=-10.8),log_shipping (z=+7.4)
115252,ORD0078060,0.626,B_discount,log_value_ratio (z=+451.1),log_fee_to_value (z=-10.9),discount_pct (z=+6.5)
97705,ORD0079048,0.6259,E_newacct_value,log_value_ratio (z=+277.2),log_acct_age (z=-8.1),log_fee_to_value (z=-7.0)
130858,ORD0042161,0.6256,E_newacct_value,log_value_ratio (z=+391.7),log_fee_to_value (z=-11.5),log_acct_age (z=-6.5)
42404,ORD0045459,0.6255,E_newacct_value,log_value_ratio (z=+267.9),log_fee_to_value (z=-7.1),log_acct_age (z=-6.4)
91579,ORD0016667,0.6255,C_ship_lowprice,log_value_ratio (z=-218.8),log_shipping (z=+8.0),price_vs_product (z=-5.1)
48656,ORD0040156,0.6254,E_newacct_value,log_value_ratio (z=+389.7),log_fee_to_value (z=-11.4),log_acct_age (z=-6.7)
149830,ORD0009049,0.6253,E_newacct_value,log_value_ratio (z=+436.3),log_fee_to_value (z=-12.3),log_acct_age (z=-6.7)
17413,ORD0003632,0.6252,B_discount,log_value_ratio (z=+473.2),log_fee_to_value (z=-14.5),discount_pct (z=+6.9)
141970,ORD0043470,0.6252,E_newacct_value,log_value_ratio (z=+280.4),log_fee_to_value (z=-7.9),log_acct_age (z=-6.4)
42146,ORD0014393,0.6249,E_newacct_value,log_value_ratio (z=+321.2),log_fee_to_value (z=-9.8),log_acct_age (z=-7.6)
30121,ORD0069638,0.6249,E_newacct_value,log_value_ratio (z=+401.0),log_fee_to_value (z=-11.2),log_acct_age (z=-6.7)
86011,ORD0053015,0.6248,E_newacct_value,log_value_ratio (z=+231.8),log_fee_to_value (z=-7.3),log_acct_age (z=-7.2)
19770,ORD0082595,0.6245,E_newacct_value,log_value_ratio (z=+464.1),log_fee_to_value (z=-14.5),log_acct_age (z=-6.5)
119082,ORD0040618,0.6244,E_newacct_value,log_value_ratio (z=+378.2),log_fee_to_value (z=-11.1),log_acct_age (z=-6.4)
13027,ORD0043530,0.6244,C_ship_lowprice,log_value_ratio (z=-408.9),log_shipping (z=+8.6),price_vs_product (z=-3.0)
57020,ORD0062443,0.6243,E_newacct_value,log_value_ratio (z=+452.3),log_fee_to_value (z=-13.2),log_acct_age (z=-6.7)
67859,ORD0073767,0.6242,E_newacct_value,log_value_ratio (z=+417.7),log_fee_to_value (z=-11.4),log_acct_age (z=-7.2)
115774,ORD0032176,0.6242,E_newacct_value,log_value_ratio (z=+363.0),log_fee_to_value (z=-10.0),log_acct_age (z=-6.5)
16208,ORD0087995,0.6241,C_ship_lowprice,log_value_ratio (z=-275.1),log_shipping (z=+7.1),price_vs_product (z=-6.8)
35250,ORD0054694,0.6239,C_ship_lowprice,log_value_ratio (z=-236.6),price_vs_product (z=-7.8),log_shipping (z=+5.5)
103085,ORD0063086,0.6239,E_newacct_value,log_value_ratio (z=+369.7),log_fee_to_value (z=-9.9),log_acct_age (z=-7.2)
84191,ORD0064901,0.6238,E_newacct_value,log_value_ratio (z=+291.3),log_fee_to_value (z=-9.0),log_acct_age (z=-6.9)
31903,ORD0004323,0.6237,C_ship_lowprice,log_value_ratio (z=-223.6),price_vs_product (z=-7.7),log_shipping (z=+6.2)
105236,ORD0038519,0.6236,C_ship_lowprice,log_value_ratio (z=-311.4),log_shipping (z=+7.2),price_vs_product (z=-3.2)
114046,ORD0029823,0.6236,E_newacct_value,log_value_ratio (z=+426.5),log_fee_to_value (z=-13.1),log_acct_age (z=-6.4)
128659,ORD0017340,0.6236,E_newacct_value,log_value_ratio (z=+445.4),log_fee_to_value (z=-14.1),log_acct_age (z=-7.2)
12902,ORD0079418,0.6234,E_newacct_value,log_value_ratio (z=+329.7),log_fee_to_value (z=-9.0),log_acct_age (z=-6.5)
17814,ORD0012436,0.6234,C_ship_lowprice,log_value_ratio (z=-316.6),log_shipping (z=+8.5),price_vs_product (z=-5.7)
122398,ORD0040986,0.6233,E_newacct_value,log_value_ratio (z=+217.9),log_acct_age (z=-7.2),log_fee_to_value (z=-5.1)
115039,ORD0032656,0.623,E_newacct_value,log_value_ratio (z=+236.6),log_acct_age (z=-7.6),log_fee_to_value (z=-7.0)
125642,ORD0083094,0.623,E_newacct_value,log_value_ratio (z=+415.9),log_fee_to_value (z=-11.3),log_acct_age (z=-6.9)
115361,ORD0019372,0.623,B_discount,log_value_ratio (z=+217.0),discount_pct (z=+7.6),log_fee_rate (z=+6.8)
81489,ORD0030293,0.6229,E_newacct_value,log_value_ratio (z=+425.8),log_fee_to_value (z=-11.3),log_acct_age (z=-6.9)
145749,ORD0032464,0.6229,B_discount,log_value_ratio (z=+269.3),discount_pct (z=+6.4),log_fee_to_value (z=-5.2)
28687,ORD0001988,0.6228,C_ship_lowprice,log_value_ratio (z=-284.5),log_shipping (z=+8.3),price_vs_product (z=-6.8)
24301,ORD0029754,0.6228,E_newacct_value,log_value_ratio (z=+286.3),log_fee_to_value (z=-9.3),log_acct_age (z=-6.7)
79376,ORD0004504,0.6225,B_discount,log_value_ratio (z=+340.3),discount_pct (z=+6.6),log_fee_to_value (z=-6.4)
140897,ORD0087028,0.6225,C_ship_lowprice,price_vs_product (z=-19.7),log_fee_rate (z=+9.6),log_shipping (z=+5.7)
37365,ORD0025891,0.6225,E_newacct_value,log_value_ratio (z=+269.0),log_acct_age (z=-8.1),log_fee_to_value (z=-7.7)
127963,ORD0070438,0.6224,E_newacct_value,log_value_ratio (z=+275.6),log_fee_to_value (z=-8.9),log_acct_age (z=-7.6)
80915,ORD0039028,0.6224,E_newacct_value,log_value_ratio (z=+413.5),log_fee_to_value (z=-13.1),log_acct_age (z=-6.4)
66788,ORD0055130,0.6223,E_newacct_value,log_value_ratio (z=+346.9),log_fee_to_value (z=-8.6),log_acct_age (z=-6.9)
140333,ORD0000596,0.6221,E_newacct_value,log_value_ratio (z=+416.0),log_fee_to_value (z=-11.7),log_acct_age (z=-6.4)
84489,ORD0036304,0.6221,B_discount,log_value_ratio (z=+352.2),log_fee_to_value (z=-8.8),discount_pct (z=+6.4)
25938,ORD0077461,0.622,C_ship_lowprice,log_value_ratio (z=-299.8),price_vs_product (z=-8.8),log_shipping (z=+7.5)
129965,ORD0026865,0.6218,C_ship_lowprice,price_vs_product (z=-11.5),log_value_ratio (z=-9.9),log_shipping (z=+6.6)
113724,ORD0014159,0.6217,C_ship_lowprice,log_value_ratio (z=-472.9),log_shipping (z=+8.3),price_vs_product (z=-2.4)
129986,ORD0004668,0.6212,E_newacct_value,log_value_ratio (z=+227.4),log_fee_to_value (z=-7.6),log_acct_age (z=-6.9)
148668,ORD0041650,0.6212,C_ship_lowprice,log_value_ratio (z=-279.5),price_vs_product (z=-8.6),log_shipping (z=+7.0)
64766,ORD0064638,0.6212,E_newacct_value,log_value_ratio (z=+275.2),log_fee_to_value (z=-6.7),log_acct_age (z=-6.4)
29435,ORD0056481,0.621,E_newacct_value,log_value_ratio (z=+493.0),log_fee_to_value (z=-15.0),log_acct_age (z=-6.5)
14837,ORD0028349,0.6209,E_newacct_value,log_value_ratio (z=+257.8),log_acct_age (z=-7.6),log_fee_to_value (z=-6.4)
130662,ORD0003974,0.6209,B_discount,log_value_ratio (z=+269.6),discount_pct (z=+6.7),log_fee_rate (z=+4.9)
33355,ORD0085498,0.6208,B_discount,log_value_ratio (z=+162.3),discount_pct (z=+6.5),log_quantity (z=+5.0)
113,ORD0018746,0.6206,E_newacct_value,log_value_ratio (z=+307.2),log_fee_to_value (z=-9.1),log_acct_age (z=-7.6)
77324,ORD0063554,0.6206,C_ship_lowprice,log_value_ratio (z=-282.3),price_vs_product (z=-9.1),log_shipping (z=+6.2)
118117,ORD0012893,0.6206,E_newacct_value,log_value_ratio (z=+349.4),log_fee_to_value (z=-10.4),log_acct_age (z=-7.6)
147413,ORD0076574,0.6205,E_newacct_value,log_value_ratio (z=+454.6),log_fee_to_value (z=-14.3),log_acct_age (z=-6.4)
20230,ORD0049643,0.6205,E_newacct_value,log_value_ratio (z=+440.9),log_fee_to_value (z=-12.2),log_acct_age (z=-6.7)
125668,ORD0072358,0.6205,C_ship_lowprice,price_vs_product (z=-16.5),log1p_tax_rate (z=+13.6),log_fee_rate (z=+7.1)
76804,ORD0083599,0.6205,C_ship_lowprice,log_value_ratio (z=-226.4),log_shipping (z=+7.5),price_vs_product (z=-7.3)
3461,ORD0050936,0.6204,E_newacct_value,log_value_ratio (z=+382.0),log_fee_to_value (z=-11.7),log_acct_age (z=-6.5)
75202,ORD0057977,0.6204,E_newacct_value,log_value_ratio (z=+459.0),log_fee_to_value (z=-13.9),log_acct_age (z=-6.5)
88404,ORD0047997,0.6202,C_ship_lowprice,log_value_ratio (z=-303.0),log_shipping (z=+6.0),price_vs_product (z=+5.6)
24343,ORD0027882,0.6201,C_ship_lowprice,log_value_ratio (z=-394.7),log_shipping (z=+8.5),price_vs_product (z=-2.6)
70667,ORD0064315,0.6198,E_newacct_value,log_value_ratio (z=+293.3),log_fee_to_value (z=-8.2),log_acct_age (z=-6.5)
142094,ORD0090971,0.6197,E_newacct_value,log_value_ratio (z=+398.9),log_fee_to_value (z=-12.1),log_acct_age (z=-7.2)
128245,ORD0016003,0.6195,C_ship_lowprice,log_value_ratio (z=-359.5),log_shipping (z=+7.9),log_fee_to_value (z=-2.6)
98042,ORD0064845,0.6195,C_ship_lowprice,log_value_ratio (z=-321.7),log_shipping (z=+8.0),price_vs_product (z=-4.5)
84053,ORD0027993,0.6194,E_newacct_value,log_value_ratio (z=+348.8),log_fee_to_value (z=-10.7),log_acct_age (z=-6.4)
123201,ORD0007781,0.6193,E_newacct_value,log_value_ratio (z=+372.2),log_fee_to_value (z=-10.5),log_acct_age (z=-7.2)
42654,ORD0077281,0.6192,E_newacct_value,log_value_ratio (z=+444.0),log_fee_to_value (z=-13.8),log_acct_age (z=-7.2)
106608,ORD0087724,0.6191,E_newacct_value,log_value_ratio (z=+470.2),log_fee_to_value (z=-14.8),log_acct_age (z=-6.9)
62873,ORD0086498,0.619,E_newacct_value,log_value_ratio (z=+326.0),log_fee_to_value (z=-9.7),log_acct_age (z=-6.5)
59766,ORD0028514,0.6189,E_newacct_value,log_value_ratio (z=+321.5),log_fee_to_value (z=-8.5),log_acct_age (z=-6.9)
148982,ORD0027060,0.6189,E_newacct_value,log_value_ratio (z=+251.0),log_fee_to_value (z=-8.7),log_acct_age (z=-6.7)
15091,ORD0025774,0.6189,E_newacct_value,log_value_ratio (z=+357.6),log_fee_to_value (z=-9.5),log_acct_age (z=-7.2)
130971,ORD0052156,0.6188,E_newacct_value,log_value_ratio (z=+273.1),log_acct_age (z=-8.1),log_fee_to_value (z=-7.5)
88079,ORD0006319,0.6188,C_ship_lowprice,log_value_ratio (z=-144.2),price_vs_product (z=-9.9),log_shipping (z=+6.6)
143855,ORD0087945,0.6187,E_newacct_value,log_value_ratio (z=+471.9),log_fee_to_value (z=-13.0),log_acct_age (z=-6.5)
116553,ORD0015377,0.6187,C_ship_lowprice,log_value_ratio (z=-269.7),price_vs_product (z=-7.7),log_shipping (z=+6.5)
111500,ORD0027363,0.6186,E_newacct_value,log_value_ratio (z=+161.4),log_acct_age (z=-8.9),log_fee_to_value (z=-5.0)
64581,ORD0018840,0.6185,E_newacct_value,log_value_ratio (z=+288.6),log_fee_to_value (z=-7.5),log_acct_age (z=-7.2)
40198,ORD0031718,0.6184,C_ship_lowprice,log_value_ratio (z=-218.3),log_shipping (z=+8.5),log_quantity (z=+5.7)
118221,ORD0016151,0.6184,E_newacct_value,log_value_ratio (z=+343.8),log_fee_to_value (z=-10.7),log_acct_age (z=-6.5)
112415,ORD0017697,0.6184,E_newacct_value,log_value_ratio (z=+322.7),log_fee_to_value (z=-9.5),log_acct_age (z=-6.9)
72563,ORD0074216,0.6184,E_newacct_value,log_value_ratio (z=+373.8),log_fee_to_value (z=-9.9),log_acct_age (z=-6.4)
47463,ORD0034865,0.6183,E_newacct_value,log_value_ratio (z=+438.6),log_fee_to_value (z=-13.0),log_acct_age (z=-6.7)
36297,ORD0060308,0.6182,C_ship_lowprice,log_value_ratio (z=-326.0),log_shipping (z=+8.0),price_vs_product (z=-3.3)
141948,ORD0079635,0.6182,C_ship_lowprice,log_value_ratio (z=-284.1),price_vs_product (z=-7.5),log_shipping (z=+7.3)
120392,ORD0010102,0.6181,C_ship_lowprice,log_value_ratio (z=-198.9),price_vs_product (z=-12.8),log_fee_rate (z=+7.3)
83257,ORD0060295,0.6179,E_newacct_value,log_value_ratio (z=+293.4),log_fee_to_value (z=-8.7),log_acct_age (z=-6.7)
3617,ORD0085381,0.6176,E_newacct_value,log_value_ratio (z=+414.8),log_fee_to_value (z=-12.4),log_acct_age (z=-7.6)
19149,ORD0037029,0.6175,E_newacct_value,log_value_ratio (z=+381.1),log_fee_to_value (z=-10.6),log_acct_age (z=-7.2)
133979,ORD0039882,0.6175,E_newacct_value,log_value_ratio (z=+280.8),log_fee_to_value (z=-7.6),log_acct_age (z=-7.6)
87229,ORD0028250,0.6175,E_newacct_value,log_value_ratio (z=+340.5),log_fee_to_value (z=-9.6),log_acct_age (z=-6.7)
1524,ORD0067760,0.6173,E_newacct_value,log_value_ratio (z=+373.6),log_fee_to_value (z=-10.1),log_acct_age (z=-6.7)
7829,ORD0023007,0.6172,E_newacct_value,log_value_ratio (z=+366.5),log_fee_to_value (z=-9.7),log_acct_age (z=-7.2)
113603,ORD0090880,0.6172,E_newacct_value,log_value_ratio (z=+316.4),log_fee_to_value (z=-7.9),log_acct_age (z=-6.7)
14327,ORD0004539,0.6172,E_newacct_value,log_value_ratio (z=+403.3),log_fee_to_value (z=-10.5),log_acct_age (z=-6.9)
121287,ORD0045348,0.6171,C_ship_lowprice,log_value_ratio (z=-352.8),log_shipping (z=+7.7),log_quantity (z=+3.0)
68655,ORD0090699,0.617,B_discount,log_value_ratio (z=+474.5),log_fee_to_value (z=-10.9),discount_pct (z=+6.3)
2478,ORD0047193,0.6167,E_newacct_value,log_value_ratio (z=+227.4),log_acct_age (z=-6.9),log_fee_to_value (z=-6.4)
55351,ORD0088234,0.6165,C_ship_lowprice,log_value_ratio (z=-146.3),log_shipping (z=+7.1),log_quantity (z=+5.0)
100406,ORD0078339,0.6165,B_discount,log_value_ratio (z=+415.7),log_fee_to_value (z=-10.8),discount_pct (z=+6.6)
117707,ORD0007304,0.6163,C_ship_lowprice,log_value_ratio (z=-235.2),price_vs_product (z=-8.9),log_shipping (z=+6.9)
121957,ORD0060632,0.6161,E_newacct_value,log_value_ratio (z=+305.4),log_fee_to_value (z=-8.8),log_acct_age (z=-6.5)
7489,ORD0015717,0.6159,E_newacct_value,log_value_ratio (z=+314.4),log_fee_to_value (z=-9.7),log_acct_age (z=-6.9)
28899,ORD0075197,0.6159,E_newacct_value,log_value_ratio (z=+394.8),log_fee_to_value (z=-12.4),log_acct_age (z=-6.4)
105982,ORD0077140,0.6158,C_ship_lowprice,log_value_ratio (z=-295.5),log_shipping (z=+8.5),log_quantity (z=+3.0)
18284,ORD0055590,0.6155,C_ship_lowprice,log_value_ratio (z=-216.3),price_vs_product (z=-13.3),log_shipping (z=+6.8)
102630,ORD0090532,0.6154,E_newacct_value,log_value_ratio (z=+431.9),log_fee_to_value (z=-12.3),log_acct_age (z=-7.2)
6089,ORD0006220,0.6151,E_newacct_value,log_value_ratio (z=+400.0),log_fee_to_value (z=-11.0),log_acct_age (z=-6.5)
8382,ORD0007735,0.6151,C_ship_lowprice,price_vs_product (z=-14.9),log_fee_rate (z=+7.8),log_shipping (z=+7.7)
147537,ORD0090003,0.6149,E_newacct_value,log_value_ratio (z=+302.2),log_fee_to_value (z=-8.7),log_acct_age (z=-6.4)
90817,ORD0011430,0.6149,C_ship_lowprice,log_value_ratio (z=-319.9),log_shipping (z=+8.2),log_quantity (z=+2.3)
31068,ORD0001287,0.6145,C_ship_lowprice,log_value_ratio (z=-176.4),price_vs_product (z=-15.0),log_shipping (z=+6.4)
122008,ORD0043357,0.6144,C_ship_lowprice,log_value_ratio (z=-57.5),price_vs_product (z=-9.8),log_shipping (z=+7.4)
86736,ORD0006079,0.6141,C_ship_lowprice,log_value_ratio (z=-213.9),price_vs_product (z=-9.6),log_shipping (z=+6.8)
77175,ORD0074618,0.614,E_newacct_value,log_value_ratio (z=+355.9),log_fee_to_value (z=-10.5),log_acct_age (z=-6.9)
64689,ORD0036819,0.6139,E_newacct_value,log_value_ratio (z=+314.7),log_fee_to_value (z=-8.4),log_acct_age (z=-6.9)
25404,ORD0060141,0.6136,E_newacct_value,log_value_ratio (z=+287.6),log_fee_to_value (z=-8.5),log_acct_age (z=-6.5)
57779,ORD0062280,0.6134,E_newacct_value,log_value_ratio (z=+343.2),log_fee_to_value (z=-10.7),log_acct_age (z=-6.7)
113447,ORD0000985,0.6133,C_ship_lowprice,log_value_ratio (z=-48.2),price_vs_product (z=-14.3),log_fee_rate (z=+6.9)
120370,ORD0077664,0.6133,E_newacct_value,log_value_ratio (z=+406.8),log_fee_to_value (z=-11.0),log_acct_age (z=-6.5)
61682,ORD0048629,0.6133,E_newacct_value,log_value_ratio (z=+388.6),log_fee_to_value (z=-12.4),log_acct_age (z=-7.2)
47749,ORD0073720,0.6132,C_ship_lowprice,log_value_ratio (z=-302.5),log_shipping (z=+8.3),log_quantity (z=+2.3)
9267,ORD0012109,0.6131,E_newacct_value,log_value_ratio (z=+312.7),log_fee_to_value (z=-8.2),log_acct_age (z=-6.9)
87408,ORD0007865,0.613,C_ship_lowprice,log_value_ratio (z=-187.8),log_shipping (z=+6.5),price_vs_product (z=-5.9)
5283,ORD0048738,0.6128,C_ship_lowprice,log_value_ratio (z=-146.5),price_vs_product (z=-12.8),log_fee_rate (z=+6.1)
24679,ORD0024730,0.6127,E_newacct_value,log_value_ratio (z=+143.5),log_acct_age (z=-6.4),log_fee_to_value (z=-4.3)
4062,ORD0074597,0.6126,B_discount,log_value_ratio (z=+253.4),discount_pct (z=+6.9),log_fee_rate (z=+5.1)
118578,ORD0002097,0.6125,E_newacct_value,log_value_ratio (z=+328.5),log_fee_to_value (z=-8.8),log_acct_age (z=-6.7)
119479,ORD0005805,0.6123,E_newacct_value,log_value_ratio (z=+262.4),log_acct_age (z=-8.1),log_fee_to_value (z=-7.8)
137582,ORD0068180,0.6122,E_newacct_value,log_value_ratio (z=+265.9),log_fee_to_value (z=-7.1),log_acct_age (z=-6.9)
98351,ORD0026623,0.6119,E_newacct_value,log_value_ratio (z=+403.1),log_fee_to_value (z=-12.4),log_acct_age (z=-6.9)
138173,ORD0032371,0.6119,C_ship_lowprice,log_value_ratio (z=-119.6),price_vs_product (z=-14.7),log_fee_rate (z=+6.6)
126604,ORD0072107,0.6117,E_newacct_value,log_value_ratio (z=+259.7),log_fee_to_value (z=-7.3),log_acct_age (z=-6.5)
110278,ORD0090154,0.6117,C_ship_lowprice,log_value_ratio (z=-314.6),log_shipping (z=+8.1),log_quantity (z=+3.0)
138109,ORD0068035,0.6115,E_newacct_value,log_value_ratio (z=+320.1),log_fee_to_value (z=-8.7),log_acct_age (z=-7.6)
77748,ORD0032771,0.6113,C_ship_lowprice,log_value_ratio (z=-265.7),price_vs_product (z=-6.9),log_shipping (z=+6.6)
6656,ORD0030147,0.6109,E_newacct_value,log_value_ratio (z=+303.7),log_fee_to_value (z=-8.4),log_acct_age (z=-6.4)
19209,ORD0088652,0.6108,C_ship_lowprice,log_value_ratio (z=-122.4),price_vs_product (z=-11.3),log_shipping (z=+5.9)
67561,ORD0033763,0.6107,E_newacct_value,log_value_ratio (z=+386.3),log_fee_to_value (z=-11.1),log_acct_age (z=-6.4)
3170,ORD0081885,0.6105,E_newacct_value,log_value_ratio (z=+279.1),log_fee_to_value (z=-8.1),log_acct_age (z=-6.4)
132680,ORD0019547,0.6099,E_newacct_value,log_value_ratio (z=+368.9),log_fee_to_value (z=-10.9),log_acct_age (z=-6.7)
23646,ORD0030492,0.6099,C_ship_lowprice,log_value_ratio (z=-345.3),log_shipping (z=+7.9),price_vs_product (z=-2.8)
130044,ORD0022565,0.6098,E_newacct_value,log_value_ratio (z=+330.6),log_fee_to_value (z=-9.9),log_acct_age (z=-6.9)
125633,ORD0039550,0.6097,E_newacct_value,log_value_ratio (z=+263.9),log_acct_age (z=-6.9),log_fee_to_value (z=-6.8)
48762,ORD0042468,0.6096,E_newacct_value,log_value_ratio (z=+297.8),log_fee_to_value (z=-9.3),log_acct_age (z=-6.4)
30922,ORD0083680,0.6093,E_newacct_value,log_value_ratio (z=+179.1),log_acct_age (z=-6.9),log_fee_to_value (z=-5.6)
108558,ORD0059436,0.6093,E_newacct_value,log_value_ratio (z=+294.2),log_fee_to_value (z=-9.0),log_acct_age (z=-7.6)
52082,ORD0056416,0.6091,E_newacct_value,log_value_ratio (z=+396.2),log_fee_to_value (z=-11.2),log_acct_age (z=-6.5)
107939,ORD0058311,0.6088,E_newacct_value,log_value_ratio (z=+306.7),log_fee_to_value (z=-9.5),log_acct_age (z=-6.4)
98863,ORD0060452,0.6087,C_ship_lowprice,log_value_ratio (z=-154.6),price_vs_product (z=-15.1),log_fee_rate (z=+7.1)
92512,ORD0060452,0.6087,C_ship_lowprice,log_value_ratio (z=-154.6),price_vs_product (z=-15.1),log_fee_rate (z=+7.1)
45252,ORD0013244,0.6083,C_ship_lowprice,log_value_ratio (z=-435.0),log_shipping (z=+7.7),price_vs_product (z=-2.3)
88066,ORD0081548,0.6082,E_newacct_value,log_value_ratio (z=+375.6),log_fee_to_value (z=-10.5),log_acct_age (z=-6.5)
113879,ORD0050025,0.6082,C_ship_lowprice,log_value_ratio (z=-292.3),log_shipping (z=+6.5),price_vs_product (z=-4.3)
34973,ORD0087124,0.608,C_ship_lowprice,log_value_ratio (z=-71.2),price_vs_product (z=-6.5),log_shipping (z=+6.2)
14657,ORD0057503,0.608,C_ship_lowprice,log_value_ratio (z=-398.8),log_shipping (z=+8.4),log_fee_to_value (z=-2.7)
146402,ORD0091864,0.6077,E_newacct_value,log_value_ratio (z=+307.6),log_fee_to_value (z=-9.2),log_acct_age (z=-6.5)
28888,ORD0000544,0.6077,E_newacct_value,log_value_ratio (z=+254.1),log_fee_to_value (z=-6.7),log_acct_age (z=-6.4)
11419,ORD0022296,0.6073,E_newacct_value,log_value_ratio (z=+325.1),log_fee_to_value (z=-10.3),log_acct_age (z=-6.5)
146317,ORD0048815,0.6072,E_newacct_value,log_value_ratio (z=+238.6),log_fee_to_value (z=-7.3),log_acct_age (z=-6.4)
97138,ORD0055171,0.6068,C_ship_lowprice,log_value_ratio (z=-231.3),log_shipping (z=+7.3),log_quantity (z=+5.0)
145694,ORD0032996,0.6062,E_newacct_value,log_value_ratio (z=+283.6),log_fee_to_value (z=-7.4),log_acct_age (z=-6.9)
106988,ORD0053379,0.6057,E_newacct_value,log_value_ratio (z=+324.4),log_fee_to_value (z=-9.5),log_acct_age (z=-6.5)
64809,ORD0054188,0.6055,C_ship_lowprice,log_value_ratio (z=-182.4),price_vs_product (z=-11.2),log_shipping (z=+5.8)
141559,ORD0020945,0.6053,C_ship_lowprice,log_value_ratio (z=-155.0),price_vs_product (z=-9.7),log_shipping (z=+7.1)
13112,ORD0067348,0.6051,C_ship_lowprice,log_value_ratio (z=-289.7),log_shipping (z=+6.0),log_fee_to_value (z=-3.5)
73087,ORD0030038,0.6049,E_newacct_value,log_value_ratio (z=+332.6),log_fee_to_value (z=-10.4),log_acct_age (z=-6.7)
31413,ORD0040579,0.6048,E_newacct_value,log_value_ratio (z=+184.4),log_acct_age (z=-6.9),log_quantity (z=+5.7)
149029,ORD0061021,0.6047,E_newacct_value,log_value_ratio (z=+420.8),log_fee_to_value (z=-12.2),log_acct_age (z=-6.7)
11975,ORD0061981,0.6042,C_ship_lowprice,log_value_ratio (z=-222.5),log_shipping (z=+6.8),price_vs_product (z=-6.5)
135353,ORD0029097,0.6037,E_newacct_value,log_value_ratio (z=+413.2),log_fee_to_value (z=-11.3),log_acct_age (z=-6.9)
93475,ORD0020267,0.6033,E_newacct_value,log_value_ratio (z=+405.9),log_fee_to_value (z=-12.5),log_acct_age (z=-6.4)
45414,ORD0022700,0.6032,E_newacct_value,log_value_ratio (z=+275.2),log_acct_age (z=-7.2),log_fee_to_value (z=-7.2)
44781,ORD0045390,0.6029,C_ship_lowprice,log_value_ratio (z=-312.2),log_shipping (z=+5.7),log_unit_price (z=-2.4)
95672,ORD0081306,0.6024,E_newacct_value,log_value_ratio (z=+395.1),log_fee_to_value (z=-12.1),log_acct_age (z=-6.7)
9288,ORD0012686,0.6023,C_ship_lowprice,log_value_ratio (z=-226.7),log_shipping (z=+7.6),price_vs_product (z=-5.4)
64829,ORD0056436,0.6021,E_newacct_value,log_value_ratio (z=+118.8),log_acct_age (z=-8.9),log_quantity (z=+4.2)
101669,ORD0044214,0.6021,C_ship_lowprice,log_value_ratio (z=-317.8),log_shipping (z=+7.7),price_vs_product (z=-2.5)
121832,ORD0068085,0.6015,E_newacct_value,log_value_ratio (z=+173.8),log_acct_age (z=-7.2),log_order_value (z=+4.1)
59989,ORD0012552,0.6014,E_newacct_value,log_value_ratio (z=+240.8),log_acct_age (z=-6.4),log_fee_to_value (z=-5.8)
20992,ORD0086466,0.6014,E_newacct_value,log_value_ratio (z=+258.4),log_acct_age (z=-6.5),log_fee_to_value (z=-6.2)
3685,ORD0049756,0.6013,E_newacct_value,log_value_ratio (z=+349.6),log_fee_to_value (z=-10.2),log_acct_age (z=-6.5)
85075,ORD0005191,0.6011,E_newacct_value,log_value_ratio (z=+342.3),log_fee_to_value (z=-9.1),log_acct_age (z=-6.4)
97513,ORD0038946,0.6011,C_ship_lowprice,log_value_ratio (z=-355.9),log_shipping (z=+7.6),log_fee_to_value (z=-2.5)
141549,ORD0076900,0.6009,clean,log_fee_to_value (z=-17.0),log_acct_age (z=-6.5),log_order_value (z=+4.8)
60385,ORD0017361,0.6007,B_discount,log_value_ratio (z=+240.9),discount_pct (z=+6.4),log_fee_to_value (z=-4.2)
120832,ORD0031533,0.6006,E_newacct_value,log_value_ratio (z=+310.4),log_fee_to_value (z=-10.1),log_acct_age (z=-6.5)
18628,ORD0086967,0.6004,E_newacct_value,log_value_ratio (z=+272.2),log_fee_to_value (z=-7.7),log_acct_age (z=-6.5)
129076,ORD0079095,0.6001,C_ship_lowprice,log_value_ratio (z=-138.3),price_vs_product (z=-9.4),log_shipping (z=+6.1)
149538,ORD0003332,0.5985,C_ship_lowprice,log_value_ratio (z=-252.0),log_shipping (z=+7.8),price_vs_product (z=-4.7)
94147,ORD0068302,0.5983,C_ship_lowprice,log_value_ratio (z=-156.4),price_vs_product (z=-12.6),log_shipping (z=+6.2)
81400,ORD0075493,0.5981,C_ship_lowprice,log_value_ratio (z=-90.7),log_shipping (z=+6.7),price_vs_product (z=-5.6)
140817,ORD0029671,0.5979,E_newacct_value,log_value_ratio (z=+290.6),log_fee_to_value (z=-8.9),log_acct_age (z=-6.4)
138820,ORD0083097,0.5979,E_newacct_value,log_value_ratio (z=+292.2),log_fee_to_value (z=-7.5),log_acct_age (z=-6.5)
29668,ORD0052414,0.5969,C_ship_lowprice,log_value_ratio (z=-151.4),price_vs_product (z=-9.2),log_shipping (z=+6.6)
62912,ORD0016357,0.5969,E_newacct_value,log_value_ratio (z=+315.1),log_fee_to_value (z=-8.3),log_acct_age (z=-6.5)
92038,ORD0036446,0.5968,C_ship_lowprice,log_value_ratio (z=-270.4),price_vs_product (z=-5.8),log_shipping (z=+5.8)
40168,ORD0013437,0.5965,C_ship_lowprice,log_value_ratio (z=-120.2),price_vs_product (z=-7.1),log_shipping (z=+6.0)
148430,ORD0078140,0.596,E_newacct_value,log_value_ratio (z=+238.7),log_acct_age (z=-6.4),log_fee_to_value (z=-6.2)
44030,ORD0090797,0.5958,C_ship_lowprice,log_value_ratio (z=-242.3),log_shipping (z=+7.2),log_quantity (z=+3.0)
97803,ORD0010632,0.5958,E_newacct_value,log_value_ratio (z=+84.6),log_acct_age (z=-6.9),log_quantity (z=+5.7)
26184,ORD0084502,0.5956,E_newacct_value,log_value_ratio (z=+202.8),log_acct_age (z=-7.6),log_fee_to_value (z=-6.5)
9122,ORD0068055,0.5945,C_ship_lowprice,log_value_ratio (z=-146.1),price_vs_product (z=-8.7),log_shipping (z=+6.7)
118151,ORD0079875,0.5942,F_fee,log_fee_rate (z=+8.2),log_fee_to_value (z=+6.1),log_order_value (z=-2.6)
25444,ORD0045399,0.5939,C_ship_lowprice,log_value_ratio (z=-235.3),log_shipping (z=+6.9),log_quantity (z=+5.0)
116681,ORD0052029,0.5932,C_ship_lowprice,log_value_ratio (z=-249.8),log_shipping (z=+7.0),log_quantity (z=+4.2)
63989,ORD0028497,0.5929,C_ship_lowprice,log_value_ratio (z=-255.8),log_shipping (z=+6.6),log_quantity (z=+3.0)
93160,ORD0036433,0.5929,E_newacct_value,log_value_ratio (z=+252.8),log_acct_age (z=-7.6),log_fee_to_value (z=-6.9)
130755,ORD0058976,0.5917,F_fee,log_fee_rate (z=+7.4),log_fee_to_value (z=+6.2),log_acct_age (z=-5.7)
67539,ORD0012628,0.5917,C_ship_lowprice,log_value_ratio (z=-284.5),log_shipping (z=+7.6),price_vs_product (z=-2.0)
82423,ORD0022030,0.5908,E_newacct_value,log_value_ratio (z=+316.4),log_fee_to_value (z=-9.6),log_acct_age (z=-6.7)
11168,ORD0015912,0.5906,C_ship_lowprice,log_value_ratio (z=-275.5),log_shipping (z=+5.9),price_vs_product (z=-3.8)
105622,ORD0054573,0.5904,C_ship_lowprice,log_value_ratio (z=-372.8),log_shipping (z=+7.5),log_unit_price (z=-1.8)
140743,ORD0050734,0.5904,C_ship_lowprice,log_value_ratio (z=-276.4),log_shipping (z=+6.5),log_fee_to_value (z=-3.4)
113887,ORD0062549,0.5888,E_newacct_value,log_value_ratio (z=+156.8),log_acct_age (z=-6.5),log_quantity (z=+5.0)
61511,ORD0052322,0.5878,C_ship_lowprice,price_vs_product (z=-10.5),log_shipping (z=+5.8),log_fee_rate (z=+5.3)
12513,ORD0076130,0.5878,E_newacct_value,log_value_ratio (z=+236.1),log_acct_age (z=-6.7),log_fee_to_value (z=-6.2)
11109,ORD0080820,0.5877,clean,log_acct_age (z=-5.0),discount_pct (z=+4.5),log_order_value (z=-2.8)
149243,ORD0070031,0.5849,E_newacct_value,log_value_ratio (z=+221.1),log_acct_age (z=-6.5),log_fee_to_value (z=-5.3)
131172,ORD0012164,0.5847,E_newacct_value,log_value_ratio (z=+126.6),log_acct_age (z=-8.9),log_order_value (z=+3.2)
105352,ORD0072772,0.5838,C_ship_lowprice,log_value_ratio (z=-140.4),price_vs_product (z=-7.2),log_shipping (z=+6.1)
100342,ORD0033945,0.5834,C_ship_lowprice,log_value_ratio (z=-340.6),log_shipping (z=+6.9),log_unit_price (z=-2.2)
116896,ORD0072321,0.5831,C_ship_lowprice,log_value_ratio (z=-303.7),log_shipping (z=+6.1),discount_pct (z=+4.5)
137157,ORD0028477,0.5825,C_ship_lowprice,log_value_ratio (z=-276.9),log_shipping (z=+7.1),log_quantity (z=+3.0)
5155,ORD0064463,0.5815,C_ship_lowprice,log_value_ratio (z=-167.1),log_shipping (z=+6.3),price_vs_product (z=-5.9)
17621,ORD0024001,0.5814,C_ship_lowprice,log_value_ratio (z=-250.0),log_shipping (z=+6.0),price_vs_product (z=-4.9)
23379,ORD0015285,0.5804,E_newacct_value,log_value_ratio (z=+87.7),log_acct_age (z=-6.7),log_quantity (z=+5.0)
53835,ORD0074100,0.5802,E_newacct_value,log_value_ratio (z=+181.9),log_acct_age (z=-6.7),log_fee_to_value (z=-4.1)
118921,ORD0000619,0.58,E_newacct_value,log_value_ratio (z=+144.6),log_acct_age (z=-7.6),log_order_value (z=+3.4)
116887,ORD0040350,0.5793,E_newacct_value,log_value_ratio (z=+242.2),log_fee_to_value (z=-7.1),log_acct_age (z=-6.7)
104864,ORD0076808,0.579,E_newacct_value,log_value_ratio (z=+208.4),log_fee_to_value (z=-7.2),log_acct_age (z=-6.9)
26402,ORD0001254,0.579,clean,log_acct_age (z=-8.1),log_quantity (z=+5.7),log_shipping (z=-3.6)
62911,ORD0049334,0.5788,F_fee,log_fee_rate (z=+9.6),log_fee_to_value (z=+6.5),log_unit_price (z=-2.3)
6496,ORD0056246,0.5782,E_newacct_value,log_value_ratio (z=+210.4),log_acct_age (z=-6.4),log_fee_to_value (z=-6.3)
68764,ORD0022284,0.5776,C_ship_lowprice,log_value_ratio (z=-227.2),log_shipping (z=+6.0),price_vs_product (z=-3.6)
72576,ORD0091332,0.5775,C_ship_lowprice,log_value_ratio (z=-196.6),log_shipping (z=+5.7),price_vs_product (z=-5.2)
89913,ORD0013895,0.5774,clean,log_acct_age (z=-7.6),log_quantity (z=+5.0),discount_pct (z=+3.6)
149344,ORD0078471,0.5772,clean,discount_pct (z=+4.5),log_order_value (z=-3.8),log_shipping (z=-3.6)
61859,ORD0064220,0.5764,clean,log_quantity (z=+5.0),discount_pct (z=+4.5),log_shipping (z=-3.6)
63719,ORD0033825,0.5758,F_fee,log_fee_rate (z=+9.5),log_fee_to_value (z=+6.4),discount_pct (z=+4.5)
96090,ORD0066901,0.5723,C_ship_lowprice,log_value_ratio (z=-77.3),price_vs_product (z=-9.5),log_shipping (z=+5.9)
103418,ORD0057644,0.5723,C_ship_lowprice,log_value_ratio (z=-185.1),price_vs_product (z=-5.5),log_shipping (z=+5.4)
82254,ORD0017576,0.5723,clean,log_fee_to_value (z=-12.7),log_acct_age (z=-6.4),log_order_value (z=+4.5)
113878,ORD0033631,0.5717,F_fee,log_fee_rate (z=+9.8),log_fee_to_value (z=+6.3),discount_pct (z=+4.5)
110505,ORD0089426,0.5717,F_fee,log_fee_rate (z=+6.9),log_fee_to_value (z=+6.4),log_acct_age (z=-4.2)
13236,ORD0002915,0.5712,F_fee,log_fee_rate (z=+6.6),log_fee_to_value (z=+6.0),log_quantity (z=+5.7)
88707,ORD0035030,0.571,E_newacct_value,log_value_ratio (z=+220.0),log_acct_age (z=-6.4),log_fee_to_value (z=-5.2)
49896,ORD0054101,0.5698,clean,discount_pct (z=+4.5),log_shipping (z=-3.6),log_order_value (z=-3.3)
99938,ORD0070614,0.5689,F_fee,log_fee_rate (z=+7.1),log_fee_to_value (z=+6.0),discount_pct (z=+3.6)
101747,ORD0020704,0.5687,clean,log_fee_to_value (z=-11.6),log_acct_age (z=-7.6),log_order_value (z=+4.1)
15018,ORD0003021,0.5656,F_fee,log_fee_rate (z=+9.3),log_fee_to_value (z=+6.5),discount_pct (z=+4.5)
56873,ORD0017943,0.5647,F_fee,log_fee_rate (z=+8.5),log_fee_to_value (z=+5.2),log_unit_price (z=-2.8)
18326,ORD0083111,0.5642,F_fee,log_fee_rate (z=+9.4),log_fee_to_value (z=+6.5),discount_pct (z=+4.5)
23950,ORD0002014,0.5642,F_fee,log_fee_rate (z=+7.5),log_fee_to_value (z=+6.3),log_acct_age (z=-4.9)
11992,ORD0086224,0.5632,clean,log_acct_age (z=-8.1),log_fee_to_value (z=-3.7),log_unit_price (z=-2.9)
133801,ORD0008474,0.5607,F_fee,log_fee_rate (z=+8.2),log_fee_to_value (z=+6.4),log_unit_price (z=-2.3)
119696,ORD0073864,0.5601,F_fee,log_fee_rate (z=+6.9),log_fee_to_value (z=+6.6),log_quantity (z=+5.7)
5008,ORD0020071,0.5599,F_fee,log_fee_rate (z=+7.0),log_acct_age (z=-5.8),log_fee_to_value (z=+5.7)
105883,ORD0035312,0.5599,F_fee,log_fee_rate (z=+6.8),log_fee_to_value (z=+6.3),log_shipping (z=-3.6)
196,ORD0041979,0.5597,F_fee,log_fee_rate (z=+7.4),log_acct_age (z=-6.9),log_fee_to_value (z=+6.5)
116804,ORD0033511,0.5591,F_fee,log_fee_rate (z=+6.7),log_fee_to_value (z=+6.3),log_shipping (z=-3.6)
138288,ORD0006730,0.5588,F_fee,log_fee_rate (z=+10.2),log_fee_to_value (z=+4.6),discount_pct (z=+4.5)
66272,ORD0006937,0.5581,clean,log_acct_age (z=-8.1),discount_pct (z=+2.2),log_shipping (z=-2.2)
98523,ORD0019783,0.5567,C_ship_lowprice,log_value_ratio (z=-90.1),log_shipping (z=+6.0),price_vs_product (z=-4.7)
11934,ORD0091437,0.5562,F_fee,log_fee_rate (z=+7.8),log_fee_to_value (z=+5.9),discount_pct (z=+4.5)
87004,ORD0061379,0.5531,C_ship_lowprice,log_value_ratio (z=-240.4),log_shipping (z=+6.5),log_quantity (z=+2.3)
24775,ORD0031378,0.5515,F_fee,log_fee_rate (z=+8.0),log_fee_to_value (z=+5.7),discount_pct (z=+2.7)
53873,ORD0048082,0.5501,clean,discount_pct (z=+4.5),log_shipping (z=-3.6),log_order_value (z=-3.2)
23184,ORD0017253,0.5499,F_fee,log_fee_rate (z=+8.2),log_fee_to_value (z=+6.6),discount_pct (z=+3.6)
60279,ORD0046357,0.5496,clean,discount_pct (z=+4.5),log_order_value (z=-3.0),log_unit_price (z=-2.4)
10251,ORD0023638,0.5492,F_fee,log_fee_rate (z=+6.7),log_fee_to_value (z=+6.3),log_quantity (z=+4.2)
40029,ORD0018465,0.549,clean,log_acct_age (z=-7.6),log_quantity (z=+5.0),log_order_value (z=+2.5)
91903,ORD0011552,0.5489,F_fee,log_fee_rate (z=+6.7),log_fee_to_value (z=+6.5),log_unit_price (z=+2.8)
17367,ORD0001586,0.5488,C_ship_lowprice,log_value_ratio (z=-205.9),log_shipping (z=+5.6),log_quantity (z=+2.3)
125375,ORD0007598,0.5484,C_ship_lowprice,log_value_ratio (z=-144.1),log_shipping (z=+6.0),log_quantity (z=+3.7)
112271,ORD0026266,0.5482,F_fee,log_fee_rate (z=+5.8),log_quantity (z=+5.7),log_fee_to_value (z=+5.4)
147443,ORD0001834,0.5481,F_fee,log_fee_rate (z=+6.3),log_fee_to_value (z=+6.2),log_shipping (z=-3.6)
111532,ORD0027842,0.548,clean,log_acct_age (z=-7.2),discount_pct (z=+4.5),log_unit_price (z=+2.7)
19926,ORD0025316,0.5479,F_fee,log_fee_rate (z=+8.1),log_fee_to_value (z=+6.6),discount_pct (z=+4.5)
14853,ORD0028532,0.5477,C_ship_lowprice,log_value_ratio (z=-264.9),log_shipping (z=+6.3),log_unit_price (z=-1.7)
136604,ORD0036968,0.5471,F_fee,log_fee_rate (z=+8.9),log_fee_to_value (z=+6.6),discount_pct (z=+4.5)
1345,ORD0052458,0.547,F_fee,log_fee_rate (z=+11.2),log_fee_to_value (z=+5.3),log_unit_price (z=-2.8)
47758,ORD0040676,0.5469,F_fee,log_fee_rate (z=+7.9),log_fee_to_value (z=+6.5),discount_pct (z=+4.5)
4070,ORD0024989,0.5468,clean,log_shipping (z=-3.6),discount_pct (z=+3.6),log_order_value (z=-3.6)
121781,ORD0035906,0.5465,clean,discount_pct (z=+4.5),log_order_value (z=-3.0),log_unit_price (z=-2.8)
93295,ORD0036652,0.546,clean,log_shipping (z=-3.6),discount_pct (z=+3.6),log_order_value (z=-3.6)
22845,ORD0030945,0.5458,clean,log_acct_age (z=-8.1),discount_pct (z=+3.6),log_shipping (z=-2.2)
61742,ORD0054945,0.5458,clean,log_acct_age (z=-8.1),log_quantity (z=+2.3),log_unit_price (z=-1.9)
129292,ORD0081322,0.5457,C_ship_lowprice,log_value_ratio (z=-208.1),log_shipping (z=+6.9),log_quantity (z=+3.7)
36802,ORD0056402,0.5456,clean,log_acct_age (z=-8.1),log_shipping (z=-3.6),log_order_value (z=-1.7)
25302,ORD0012892,0.5455,F_fee,log_fee_rate (z=+6.3),log_fee_to_value (z=+6.3),log_shipping (z=-3.6)
7861,ORD0009493,0.5454,F_fee,log_fee_rate (z=+11.6),log_fee_to_value (z=+6.6),log_unit_price (z=-1.9)
52624,ORD0033182,0.545,clean,discount_pct (z=+3.6),log_unit_price (z=-2.9),log_order_value (z=-2.7)
68435,ORD0067522,0.5449,F_fee,log_fee_rate (z=+7.4),log_fee_to_value (z=+6.5),log_acct_age (z=-3.1)
34637,ORD0026102,0.5447,F_fee,log_fee_rate (z=+7.7),log_fee_to_value (z=+6.6),log_acct_age (z=-3.5)
18397,ORD0044084,0.5447,F_fee,log_fee_rate (z=+7.4),log_fee_to_value (z=+6.5),log_unit_price (z=+2.2)
89733,ORD0038015,0.5446,F_fee,log_fee_rate (z=+8.9),log_fee_to_value (z=+5.9),log_unit_price (z=-2.0)
74957,ORD0030839,0.5445,F_fee,log_fee_rate (z=+6.1),log_fee_to_value (z=+5.8),log_shipping (z=-3.6)
66047,ORD0075244,0.5443,C_ship_lowprice,log_shipping (z=+8.5),price_vs_product (z=+2.1),log_order_value (z=-2.1)
138598,ORD0027937,0.5442,F_fee,log_fee_rate (z=+10.2),log_fee_to_value (z=+6.2),discount_pct (z=+2.7)
109916,ORD0049696,0.544,clean,log_shipping (z=-3.6),log_order_value (z=-3.3),log_unit_price (z=-2.7)
26319,ORD0075266,0.5437,clean,log_acct_age (z=-8.1),discount_pct (z=+1.8),log_fee_rate (z=-1.5)
116878,ORD0013468,0.5436,F_fee,log_fee_rate (z=+8.8),log_fee_to_value (z=+6.0),discount_pct (z=+3.6)
104474,ORD0076973,0.5435,clean,log_fee_to_value (z=-8.8),log_acct_age (z=-6.5),log_order_value (z=+4.2)
100880,ORD0021745,0.5431,clean,log_shipping (z=-3.6),log_order_value (z=-3.5),log_unit_price (z=-2.9)
70320,ORD0044580,0.5429,F_fee,log_fee_rate (z=+5.3),log_fee_to_value (z=+4.6),log_acct_age (z=-4.5)
115969,ORD0064970,0.5421,clean,log_quantity (z=+5.0),log_order_value (z=+4.2),log_unit_price (z=+3.2)
58835,ORD0018474,0.5416,clean,discount_pct (z=+4.5),log_shipping (z=-3.6),log_order_value (z=-3.6)
38911,ORD0072754,0.5409,F_fee,log_fee_rate (z=+7.0),log_fee_to_value (z=+6.4),discount_pct (z=+4.5)
135466,ORD0084632,0.5401,F_fee,log_fee_rate (z=+10.7),log_fee_to_value (z=+6.3),log_unit_price (z=-2.0)
24427,ORD0063121,0.5398,clean,log_shipping (z=-3.6),discount_pct (z=+3.6),log_order_value (z=-3.2)
128906,ORD0038580,0.5396,clean,log_shipping (z=-3.6),discount_pct (z=+3.6),log_order_value (z=-2.9)
13678,ORD0037458,0.5389,clean,discount_pct (z=+4.5),log_order_value (z=-3.5),log_shipping (z=-3.0)
23044,ORD0013677,0.5388,clean,log_acct_age (z=-5.4),discount_pct (z=+4.5),log_shipping (z=-3.6)
5267,ORD0072626,0.5382,F_fee,log_fee_rate (z=+8.6),log_fee_to_value (z=+6.6),discount_pct (z=+2.7)
95039,ORD0000972,0.5378,clean,log_shipping (z=-3.6),discount_pct (z=+3.6),log_order_value (z=-2.9)
78476,ORD0025901,0.5377,clean,discount_pct (z=+4.5),log_fee_to_value (z=-3.6),log_unit_price (z=-2.5)
57711,ORD0050438,0.5377,F_fee,log_fee_rate (z=+6.3),log_fee_to_value (z=+6.3),log_shipping (z=-3.6)
46747,ORD0014902,0.5376,clean,discount_pct (z=+3.6),log_shipping (z=-3.3),log_order_value (z=-3.1)
18240,ORD0024782,0.5376,F_fee,log_fee_rate (z=+6.1),log_fee_to_value (z=+5.6),log_shipping (z=-3.6)
87309,ORD0053948,0.5376,F_fee,log_fee_rate (z=+7.3),log_fee_to_value (z=+5.9),log_acct_age (z=-3.3)
124680,ORD0015192,0.5375,clean,log_quantity (z=+5.7),discount_pct (z=+4.5),log_shipping (z=-3.6)
23722,ORD0024165,0.5373,F_fee,log_fee_rate (z=+8.7),log_fee_to_value (z=+6.5),discount_pct (z=+3.6)
56372,ORD0082309,0.5373,clean,discount_pct (z=+4.5),log_acct_age (z=-3.8),log_shipping (z=-3.6)
56323,ORD0037852,0.5372,F_fee,log_fee_rate (z=+7.5),log_fee_to_value (z=+6.6),log_quantity (z=+3.7)
2884,ORD0068122,0.5366,F_fee,log_fee_rate (z=+6.8),log_fee_to_value (z=+6.4),log_quantity (z=+5.7)
42048,ORD0015292,0.5365,clean,log_acct_age (z=-7.2),log_unit_price (z=-2.7),log_order_value (z=-2.2)
38240,ORD0076044,0.5365,clean,log_acct_age (z=-7.2),discount_pct (z=+4.5),price_vs_product (z=-1.7)
52501,ORD0033427,0.5364,F_fee,log_fee_rate (z=+6.1),log_fee_to_value (z=+5.8),log_acct_age (z=-3.9)
140642,ORD0081442,0.5363,clean,log_shipping (z=-3.6),log_order_value (z=-3.2),log_unit_price (z=-2.6)
79722,ORD0010588,0.536,F_fee,log_fee_rate (z=+4.3),log_fee_to_value (z=+4.2),log_shipping (z=-3.6)
73248,ORD0021515,0.5358,F_fee,log_fee_rate (z=+8.5),log_fee_to_value (z=+6.3),log_acct_age (z=-3.7)
107874,ORD0080087,0.5356,F_fee,log_fee_rate (z=+5.9),log_fee_to_value (z=+5.7),discount_pct (z=+3.6)
143370,ORD0017793,0.5354,F_fee,log_fee_rate (z=+10.6),log_fee_to_value (z=+6.3),log_unit_price (z=-2.0)
123499,ORD0039813,0.535,F_fee,log_fee_rate (z=+9.1),log_fee_to_value (z=+6.6),discount_pct (z=+2.2)
130027,ORD0020924,0.535,clean,log_fee_to_value (z=-7.5),discount_pct (z=+4.5),log_unit_price (z=-2.9)
7595,ORD0021092,0.5349,clean,log_quantity (z=+5.7),discount_pct (z=+4.5),log_unit_price (z=-1.9)
63697,ORD0070335,0.5346,clean,discount_pct (z=+4.5),log_shipping (z=-3.6),log_order_value (z=-2.8)
24920,ORD0047737,0.5342,F_fee,log_fee_rate (z=+7.5),log_fee_to_value (z=+6.5),log_acct_age (z=-4.0)
26967,ORD0010875,0.534,clean,log_acct_age (z=-8.1),log_shipping (z=-3.6),discount_pct (z=+2.2)
127880,ORD0090169,0.5338,clean,discount_pct (z=+4.5),log_shipping (z=-3.6),log_order_value (z=-3.0)
61456,ORD0076432,0.5338,clean,log_acct_age (z=-3.7),log_shipping (z=-3.6),discount_pct (z=+2.7)
67485,ORD0082725,0.5337,F_fee,log_fee_rate (z=+7.4),log_fee_to_value (z=+6.6),log_acct_age (z=-3.8)
144925,ORD0025997,0.5334,clean,discount_pct (z=+4.5),log_shipping (z=-3.6),log_unit_price (z=-2.3)
24291,ORD0068967,0.5329,clean,log_acct_age (z=-7.2),log_shipping (z=-3.6),log_order_value (z=-1.9)
12229,ORD0039827,0.5325,clean,log_quantity (z=+5.0),discount_pct (z=+3.6),log_acct_age (z=-3.5)
38098,ORD0025558,0.5325,clean,log_acct_age (z=-8.1),log_quantity (z=+5.0),log_shipping (z=-1.9)
25699,ORD0054198,0.5324,F_fee,log_fee_rate (z=+6.7),log_fee_to_value (z=+6.3),log_quantity (z=+3.7)
59450,ORD0083154,0.5323,clean,log_acct_age (z=-8.1),log_shipping (z=-2.8),discount_pct (z=+2.7)
121424,ORD0002584,0.532,clean,log_quantity (z=+5.0),log_shipping (z=-3.6),discount_pct (z=+3.6)
54645,ORD0035178,0.5319,clean,discount_pct (z=+4.5),log_shipping (z=-2.7),log_order_value (z=-2.7)
33159,ORD0052145,0.5319,F_fee,log_fee_rate (z=+9.1),log_fee_to_value (z=+6.3),log_unit_price (z=-2.2)
101019,ORD0032168,0.5318,clean,log_fee_to_value (z=-5.1),discount_pct (z=+4.5),log_acct_age (z=-3.4)
71342,ORD0030292,0.5318,clean,log_acct_age (z=-8.1),log_unit_price (z=-2.6),log_order_value (z=-1.8)
2576,ORD0019191,0.5317,clean,discount_pct (z=+4.5),log_fee_to_value (z=-2.7),log_order_value (z=-2.3)
119562,ORD0001745,0.5316,clean,discount_pct (z=+3.6),log_shipping (z=-3.1),log_quantity (z=+3.0)
5851,ORD0055215,0.5316,F_fee,log_fee_rate (z=+6.0),log_fee_to_value (z=+5.5),discount_pct (z=+3.6)
113348,ORD0022568,0.5315,F_fee,log_fee_rate (z=+10.0),log_fee_to_value (z=+6.4),log_unit_price (z=-1.9)
97228,ORD0078306,0.5312,F_fee,log_fee_rate (z=+7.2),log_fee_to_value (z=+6.0),discount_pct (z=+4.5)
1999,ORD0046627,0.5311,clean,log_fee_to_value (z=-6.3),discount_pct (z=+4.5),log_acct_age (z=-2.5)
21386,ORD0059635,0.531,clean,log_acct_age (z=-6.9),discount_pct (z=+4.5),log_quantity (z=+4.2)
142653,ORD0039443,0.5305,clean,log_quantity (z=+5.7),discount_pct (z=+4.5),log_unit_price (z=-2.9)
75086,ORD0035667,0.5304,clean,discount_pct (z=+4.5),log_order_value (z=+3.1),log_unit_price (z=+3.1)
6188,ORD0089739,0.5304,F_fee,log_fee_rate (z=+6.4),discount_pct (z=+4.5),log_fee_to_value (z=+4.3)
70070,ORD0089657,0.5303,F_fee,log_fee_rate (z=+9.1),log_fee_to_value (z=+6.1),log_unit_price (z=-1.6)
30086,ORD0063605,0.53,F_fee,log_fee_rate (z=+6.7),log_fee_to_value (z=+6.2),log_shipping (z=-3.6)
21869,ORD0064129,0.53,clean,log_quantity (z=+5.7),discount_pct (z=+4.5),log_shipping (z=-3.6)
113769,ORD0079491,0.5298,clean,discount_pct (z=+4.5),log_acct_age (z=-2.8),log_order_value (z=-2.5)
53118,ORD0024626,0.5296,F_fee,log_fee_rate (z=+6.9),log_fee_to_value (z=+5.9),log_acct_age (z=-3.1)
48661,ORD0033046,0.5295,F_fee,log_fee_rate (z=+6.5),log_fee_to_value (z=+5.8),log_quantity (z=+5.7)
50861,ORD0049821,0.5294,clean,log_acct_age (z=-6.9),log_shipping (z=-3.6),discount_pct (z=+3.6)
123698,ORD0036782,0.5294,clean,log_acct_age (z=-5.3),log_quantity (z=+3.7),log_shipping (z=-3.6)
143916,ORD0084729,0.5293,F_fee,log_fee_rate (z=+7.8),log_fee_to_value (z=+6.3),log_order_value (z=-1.3)
19479,ORD0028690,0.5291,F_fee,log_fee_rate (z=+7.5),log_fee_to_value (z=+4.7),discount_pct (z=+2.2)
5074,ORD0036690,0.529,clean,log_acct_age (z=-6.9),log_unit_price (z=+3.0),log_order_value (z=+2.3)
83405,ORD0037995,0.5288,F_fee,log_fee_rate (z=+5.9),log_fee_to_value (z=+4.9),discount_pct (z=+4.5)
17275,ORD0015071,0.5288,E_newacct_value,log_value_ratio (z=+51.9),log_acct_age (z=-6.5),log_order_value (z=+3.0)
105647,ORD0057904,0.5286,clean,discount_pct (z=+4.5),log_order_value (z=-2.9),log_unit_price (z=-2.8)
143874,ORD0063787,0.5281,clean,discount_pct (z=+4.5),log_fee_to_value (z=-3.4),log_unit_price (z=-2.9)
46208,ORD0030699,0.5281,F_fee,log_fee_rate (z=+8.9),log_fee_to_value (z=+6.5),discount_pct (z=+2.7)
94617,ORD0010229,0.528,F_fee,log_fee_rate (z=+6.8),log_fee_to_value (z=+6.1),discount_pct (z=+3.6)
137881,ORD0076823,0.5279,F_fee,log_fee_to_value (z=+5.7),log_fee_rate (z=+5.6),log_shipping (z=-3.6)
54359,ORD0005885,0.5278,F_fee,log_fee_rate (z=+7.0),log_fee_to_value (z=+6.5),log_acct_age (z=-3.3)
102033,ORD0009544,0.5277,clean,log_quantity (z=+5.7),log_acct_age (z=-5.1),log_order_value (z=+2.8)
43167,ORD0070678,0.5277,F_fee,log_fee_rate (z=+7.9),log_fee_to_value (z=+6.5),log_acct_age (z=-2.8)
68543,ORD0011210,0.5276,F_fee,log_fee_rate (z=+6.9),log_fee_to_value (z=+6.6),log_shipping (z=-3.3)
70603,ORD0080761,0.5276,F_fee,log_fee_rate (z=+7.9),log_fee_to_value (z=+6.6),log_quantity (z=+3.0)
135249,ORD0085084,0.5275,clean,log_quantity (z=+5.7),log_order_value (z=+3.9),discount_pct (z=+3.6)
149324,ORD0047435,0.5275,clean,log_acct_age (z=-8.1),log_quantity (z=+3.7),log_unit_price (z=-2.2)
77759,ORD0040958,0.5274,clean,discount_pct (z=+4.5),log_acct_age (z=-3.9),log_order_value (z=-2.4)
124852,ORD0001330,0.5274,clean,discount_pct (z=+4.5),log_unit_price (z=+3.3),log_order_value (z=+2.0)
104334,ORD0027358,0.5273,clean,log_acct_age (z=-4.7),discount_pct (z=+3.6),log_unit_price (z=-2.7)
78729,ORD0058800,0.5273,clean,log_quantity (z=+5.0),discount_pct (z=+4.5),log_shipping (z=-3.6)
137352,ORD0070314,0.5272,clean,log_shipping (z=-3.6),log_acct_age (z=-3.1),log_quantity (z=+3.0)
55990,ORD0075616,0.5272,clean,discount_pct (z=+3.6),log_order_value (z=-2.5),log_unit_price (z=-2.1)
95576,ORD0007389,0.527,clean,log_acct_age (z=-5.8),log_shipping (z=-3.6),log_quantity (z=+2.3)
25181,ORD0077593,0.5268,F_fee,log_fee_rate (z=+6.3),log_fee_to_value (z=+5.2),discount_pct (z=+3.6)
71095,ORD0073459,0.5268,clean,discount_pct (z=+4.5),log_shipping (z=-3.6),log_order_value (z=-3.3)
76091,ORD0045109,0.5267,clean,log_fee_rate (z=+6.9),log_fee_to_value (z=+6.4),log_quantity (z=+5.0)
95613,ORD0048149,0.5266,clean,log_shipping (z=-3.6),log_order_value (z=-3.1),log_unit_price (z=-2.5)
31820,ORD0027205,0.5266,F_fee,log_quantity (z=+5.7),log_fee_rate (z=+5.1),log_fee_to_value (z=+4.9)
125312,ORD0072607,0.5265,clean,discount_pct (z=+4.5),log_shipping (z=-3.6),log_order_value (z=-2.6)
1235,ORD0077889,0.5264,F_fee,log_fee_rate (z=+6.8),log_fee_to_value (z=+6.5),log_shipping (z=-2.7)
145359,ORD0015681,0.5262,F_fee,log_fee_rate (z=+7.0),log_fee_to_value (z=+6.1),log_shipping (z=-2.2)
49212,ORD0018118,0.5262,clean,log_acct_age (z=-3.6),discount_pct (z=+3.6),log_shipping (z=-3.1)
45341,ORD0044627,0.5261,clean,log_acct_age (z=-5.2),discount_pct (z=+4.5),log_quantity (z=+4.2)
93611,ORD0037480,0.5261,F_fee,log_fee_rate (z=+5.7),log_fee_to_value (z=+5.2),log_quantity (z=+4.2)
118052,ORD0018415,0.526,F_fee,log_fee_rate (z=+6.7),log_fee_to_value (z=+6.1),log_acct_age (z=-3.1)
36432,ORD0024586,0.5259,clean,log_shipping (z=-3.6),discount_pct (z=+3.6),log_order_value (z=-2.8)
111020,ORD0024586,0.5259,clean,log_shipping (z=-3.6),discount_pct (z=+3.6),log_order_value (z=-2.8)
65984,ORD0026524,0.5257,F_fee,log_fee_rate (z=+5.5),log_fee_to_value (z=+5.1),log_shipping (z=-3.6)
7644,ORD0062109,0.5257,F_fee,log_fee_rate (z=+5.4),log_fee_to_value (z=+4.5),discount_pct (z=+3.6)
67430,ORD0035795,0.5257,clean,log_quantity (z=+5.7),log_acct_age (z=-4.2),log_shipping (z=-3.2)
95331,ORD0033953,0.5256,clean,log_quantity (z=+5.7),log_acct_age (z=-3.8),log_order_value (z=+3.7)
9794,ORD0056864,0.5256,F_fee,log_fee_rate (z=+7.0),log_fee_to_value (z=+5.1),discount_pct (z=+4.5)
61751,ORD0039585,0.5255,F_fee,log_fee_rate (z=+5.2),log_fee_to_value (z=+4.8),log_shipping (z=-3.6)
4877,ORD0011226,0.5252,clean,log_quantity (z=+5.7),log_order_value (z=+3.6),log_shipping (z=-2.6)
113057,ORD0026320,0.5251,F_fee,log_fee_rate (z=+6.9),log_fee_to_value (z=+5.5),discount_pct (z=+4.5)
80176,ORD0025274,0.5249,clean,log_acct_age (z=-6.7),log_quantity (z=+4.2),log_shipping (z=-3.6)
35595,ORD0084277,0.5244,F_fee,log_fee_rate (z=+6.4),log_fee_to_value (z=+5.4),discount_pct (z=+4.5)
127560,ORD0034246,0.5242,clean,log_quantity (z=+5.0),discount_pct (z=+4.5),log_shipping (z=-3.6)
57164,ORD0019105,0.5241,F_fee,log_fee_rate (z=+5.7),log_fee_to_value (z=+5.3),log_quantity (z=+3.7)
54626,ORD0071070,0.5238,clean,discount_pct (z=+4.5),log_unit_price (z=-2.8),log_quantity (z=+2.3)
62633,ORD0054964,0.5236,clean,log_quantity (z=+5.7),log_order_value (z=+4.2),log_shipping (z=-2.7)
79434,ORD0081743,0.5236,clean,log_quantity (z=+5.7),discount_pct (z=+4.5),log_acct_age (z=-3.7)
133108,ORD0077796,0.5234,clean,log_shipping (z=-3.2),log_order_value (z=-3.0),log_unit_price (z=-2.5)
57348,ORD0075094,0.5234,clean,discount_pct (z=+4.5),log_shipping (z=-3.1),log_order_value (z=-2.5)
123580,ORD0048573,0.5233,clean,log_acct_age (z=-7.6),log_order_value (z=+2.5),log_unit_price (z=+2.4)
149367,ORD0025853,0.5232,F_fee,log_fee_rate (z=+6.9),log_fee_to_value (z=+6.3),log_quantity (z=+2.3)
46829,ORD0013745,0.5232,F_fee,log_fee_rate (z=+7.5),log_fee_to_value (z=+4.8),discount_pct (z=+3.6)
107115,ORD0037552,0.5232,F_fee,log_fee_rate (z=+7.1),log_fee_to_value (z=+6.3),discount_pct (z=+1.8)
42488,ORD0007476,0.523,clean,log_acct_age (z=-4.0),log_shipping (z=-3.6),discount_pct (z=+2.7)
81531,ORD0028231,0.523,clean,log_acct_age (z=-7.6),log_quantity (z=+4.2),log_order_value (z=+2.2)
15231,ORD0087606,0.5229,clean,log_acct_age (z=-6.9),log_fee_to_value (z=-3.0),discount_pct (z=+2.7)
100201,ORD0030271,0.5229,clean,discount_pct (z=+4.5),log_order_value (z=-2.7),log_unit_price (z=-2.6)
133463,ORD0071940,0.5224,clean,log_shipping (z=-3.6),log_order_value (z=-3.3),log_unit_price (z=-2.9)
454,ORD0033238,0.5224,clean,discount_pct (z=+4.5),log_shipping (z=-3.6),log_order_value (z=-2.3)
80866,ORD0054575,0.5224,clean,log_shipping (z=-3.6),discount_pct (z=+3.6),log_order_value (z=-2.5)
52375,ORD0081405,0.5222,F_fee,log_fee_rate (z=+7.8),log_fee_to_value (z=+6.5),log_quantity (z=+2.3)
129983,ORD0017161,0.522,clean,log_acct_age (z=-6.9),discount_pct (z=+3.6),log_quantity (z=+2.3)
14121,ORD0089750,0.522,clean,discount_pct (z=+4.5),log_shipping (z=-3.6),log_order_value (z=-2.7)
144594,ORD0089122,0.522,clean,log_shipping (z=-3.6),log_order_value (z=-3.3),log_unit_price (z=-2.8)
149225,ORD0089121,0.522,F_fee,log_fee_rate (z=+8.4),log_fee_to_value (z=+5.9),log_unit_price (z=-1.4)
112600,ORD0017161,0.522,clean,log_acct_age (z=-6.9),discount_pct (z=+3.6),log_quantity (z=+2.3)
55671,ORD0005839,0.5217,clean,log_fee_to_value (z=-3.7),discount_pct (z=+3.6),log_unit_price (z=-2.9)
132192,ORD0059827,0.5217,F_fee,log_fee_rate (z=+9.3),log_fee_to_value (z=+6.6),log_unit_price (z=-1.6)
129513,ORD0069228,0.5217,clean,discount_pct (z=+4.5),log_quantity (z=+4.2),log_shipping (z=-3.6)
11479,ORD0037269,0.5215,clean,log_acct_age (z=-4.6),log_quantity (z=+3.7),discount_pct (z=+3.6)
33105,ORD0091331,0.5214,F_fee,log_fee_rate (z=+8.4),log_fee_to_value (z=+5.2),discount_pct (z=+2.2)
101985,ORD0029413,0.5213,clean,discount_pct (z=+4.5),log_shipping (z=-3.6),log_order_value (z=-2.6)
106084,ORD0019340,0.5213,F_fee,log_fee_rate (z=+9.5),log_fee_to_value (z=+4.6),log_unit_price (z=-2.3)
123595,ORD0035939,0.5212,F_fee,log_fee_rate (z=+5.8),log_fee_to_value (z=+5.3),discount_pct (z=+2.7)
76018,ORD0060128,0.5211,clean,log_quantity (z=+5.0),discount_pct (z=+4.5),log_shipping (z=-3.6)
8745,ORD0073930,0.5211,clean,log_acct_age (z=-4.2),discount_pct (z=+3.6),log_shipping (z=-3.2)
81945,ORD0074954,0.521,F_fee,log_fee_rate (z=+6.3),log_fee_to_value (z=+5.7),log_quantity (z=+3.0)
7143,ORD0049546,0.5209,F_fee,log_fee_rate (z=+6.9),log_fee_to_value (z=+6.2),log_quantity (z=+2.3)
18373,ORD0011782,0.5207,F_fee,log_fee_rate (z=+8.5),log_fee_to_value (z=+6.3),log_unit_price (z=-1.0)
96567,ORD0015436,0.5207,clean,log_shipping (z=-3.6),discount_pct (z=+3.6),log_order_value (z=-3.4)
3767,ORD0027770,0.5205,F_fee,log_fee_rate (z=+6.7),log_fee_to_value (z=+6.5),log_unit_price (z=+2.4)
114425,ORD0054305,0.5204,clean,log_quantity (z=+5.7),log_acct_age (z=-5.0),log_shipping (z=-3.1)
32223,ORD0015228,0.5204,clean,log_quantity (z=+5.0),discount_pct (z=+4.5),log_unit_price (z=-2.8)
70823,ORD0019863,0.5203,F_fee,log_fee_rate (z=+5.1),log_fee_to_value (z=+4.8),discount_pct (z=+4.5)
114826,ORD0051536,0.5203,clean,discount_pct (z=+3.6),log_unit_price (z=-2.9),log_quantity (z=+2.3)
106670,ORD0083131,0.5203,clean,log_acct_age (z=-5.5),log_shipping (z=-2.7),log_order_value (z=-2.1)
143979,ORD0073816,0.5201,F_fee,log_fee_rate (z=+7.3),log_fee_to_value (z=+5.8),log_quantity (z=+2.3)
29628,ORD0004726,0.5201,clean,discount_pct (z=+4.5),log_shipping (z=-3.6),log_order_value (z=-2.7)
65793,ORD0075820,0.5201,clean,log_shipping (z=-3.6),discount_pct (z=+3.6),log_order_value (z=-3.4)
130281,ORD0089438,0.5199,clean,log_acct_age (z=-5.6),discount_pct (z=+4.5),log_quantity (z=+3.0)
148642,ORD0025955,0.5197,clean,discount_pct (z=+4.5),log_fee_to_value (z=-4.0),log_acct_age (z=-2.9)
77312,ORD0025955,0.5197,clean,discount_pct (z=+4.5),log_fee_to_value (z=-4.0),log_acct_age (z=-2.9)
104329,ORD0057600,0.5197,F_fee,log_fee_rate (z=+6.3),log_fee_to_value (z=+5.9),log_shipping (z=-3.6)
114282,ORD0073184,0.5196,F_fee,log_fee_rate (z=+7.7),log_fee_to_value (z=+6.2),discount_pct (z=+3.6)
140036,ORD0084519,0.5194,F_fee,log_fee_rate (z=+8.6),log_fee_to_value (z=+6.5),log1p_tax_rate (z=+1.2)
101819,ORD0081953,0.5193,clean,log_acct_age (z=-4.3),log_shipping (z=-3.6),log_unit_price (z=-2.4)
100804,ORD0030892,0.5192,F_fee,log_fee_rate (z=+7.1),log_fee_to_value (z=+6.3),log_unit_price (z=+2.1)
96508,ORD0063847,0.5191,clean,log_shipping (z=-3.4),log_unit_price (z=-2.7),discount_pct (z=+2.7)
11576,ORD0009671,0.5191,clean,log_shipping (z=-3.6),log_order_value (z=-3.2),log_unit_price (z=-2.9)
139291,ORD0049480,0.519,clean,log_acct_age (z=-5.9),log_shipping (z=-3.6),discount_pct (z=+2.7)
50640,ORD0065294,0.5189,clean,log_acct_age (z=-7.6),log_shipping (z=-3.0),log_order_value (z=+2.1)
61680,ORD0030262,0.5188,clean,log_acct_age (z=-8.1),discount_pct (z=+2.7),log1p_tax_rate (z=-1.4)
100073,ORD0033513,0.5188,F_fee,log_fee_rate (z=+9.0),log_fee_to_value (z=+4.7),log_unit_price (z=-2.3)
69931,ORD0091647,0.5187,F_fee,log_fee_rate (z=+7.2),log_fee_to_value (z=+6.5),discount_pct (z=+2.7)
31593,ORD0074429,0.5183,clean,discount_pct (z=+4.5),log_order_value (z=-2.6),log_unit_price (z=-2.5)
107444,ORD0026500,0.5183,clean,log_acct_age (z=-7.6),log_quantity (z=+4.2),discount_pct (z=+3.6)
51967,ORD0066479,0.5182,clean,log_acct_age (z=-7.2),discount_pct (z=+4.5),log1p_tax_rate (z=-1.3)
95462,ORD0037372,0.5181,F_fee,log_fee_rate (z=+6.8),log_fee_to_value (z=+6.3),log_quantity (z=+3.0)
18634,ORD0032777,0.5181,clean,log_quantity (z=+5.0),log_order_value (z=+4.3),log_unit_price (z=+3.0)
52237,ORD0063608,0.5178,clean,log_quantity (z=+5.0),log_order_value (z=+4.1),log_unit_price (z=+3.0)
29218,ORD0034365,0.5177,clean,discount_pct (z=+4.5),log_shipping (z=-3.6),log_acct_age (z=-2.4)
64803,ORD0015094,0.5176,F_fee,log_fee_rate (z=+5.6),log_fee_to_value (z=+5.6),log_quantity (z=+5.0)
146044,ORD0071845,0.5176,F_fee,log_fee_rate (z=+8.6),log_fee_to_value (z=+6.2),log_acct_age (z=-1.9)
55209,ORD0062257,0.5174,F_fee,log_fee_rate (z=+6.6),log_fee_to_value (z=+6.4),log_unit_price (z=+1.5)
129758,ORD0039856,0.5171,clean,log_quantity (z=+5.0),log_order_value (z=+4.4),log_unit_price (z=+3.0)
74044,ORD0001277,0.517,F_fee,log_fee_rate (z=+6.5),log_fee_to_value (z=+5.6),log_quantity (z=+5.0)
129984,ORD0075851,0.517,clean,log_quantity (z=+5.0),log_order_value (z=+3.9),log_acct_age (z=-3.7)
90098,ORD0077726,0.517,clean,log_acct_age (z=-4.5),log_quantity (z=+3.7),log_unit_price (z=-2.9)
139116,ORD0070279,0.517,clean,discount_pct (z=+4.5),log_order_value (z=-2.6),log_unit_price (z=-2.2)
105382,ORD0052325,0.517,clean,discount_pct (z=+3.6),log_shipping (z=-3.1),log_unit_price (z=-2.5)
20724,ORD0014366,0.517,clean,discount_pct (z=+4.5),log_shipping (z=-3.6),log_order_value (z=-2.5)
140732,ORD0019856,0.5169,F_fee,log_fee_rate (z=+6.8),log_fee_to_value (z=+5.2),discount_pct (z=+4.5)
2209,ORD0023801,0.5165,F_fee,log_fee_rate (z=+7.2),log_fee_to_value (z=+6.3),discount_pct (z=+1.8)
59673,ORD0020188,0.5164,F_fee,log_fee_rate (z=+4.9),log_fee_to_value (z=+4.6),log_shipping (z=-3.6)
145933,ORD0076318,0.5164,clean,log_shipping (z=-3.6),log_order_value (z=-3.1),log_unit_price (z=-2.9)
85021,ORD0081355,0.5163,clean,log_quantity (z=+5.0),discount_pct (z=+4.5),log_acct_age (z=-3.2)
2786,ORD0057675,0.5163,clean,log_fee_to_value (z=-5.9),discount_pct (z=+4.5),log_unit_price (z=-2.9)
53482,ORD0051111,0.5162,clean,log_shipping (z=-3.6),log_order_value (z=-3.1),log_unit_price (z=-2.5)
141560,ORD0024618,0.5162,clean,log_acct_age (z=-5.0),log_quantity (z=+3.7),log_order_value (z=+3.6)
104631,ORD0064894,0.5162,clean,log_acct_age (z=-4.6),discount_pct (z=+4.5),log_fee_to_value (z=-2.8)
20045,ORD0083993,0.5162,clean,log_shipping (z=-3.6),discount_pct (z=+3.6),log_order_value (z=-2.8)
117268,ORD0057156,0.5162,clean,log_quantity (z=+5.0),log_order_value (z=+4.5),log_unit_price (z=+3.1)
77090,ORD0091558,0.5162,clean,log_quantity (z=+5.7),log_shipping (z=-3.6),discount_pct (z=+3.6)
68443,ORD0060209,0.5162,F_fee,log_fee_rate (z=+5.3),log_acct_age (z=-5.3),log_fee_to_value (z=+5.2)
122027,ORD0025158,0.5161,clean,log_acct_age (z=-6.9),discount_pct (z=+4.5),log_shipping (z=-2.2)
89631,ORD0002070,0.5158,clean,log_fee_to_value (z=-7.0),discount_pct (z=+3.6),log_unit_price (z=-2.6)
65223,ORD0086056,0.5158,clean,log_quantity (z=+5.0),log_acct_age (z=-4.3),log_shipping (z=-3.6)
14094,ORD0086139,0.5157,F_fee,log_fee_rate (z=+5.1),log_fee_to_value (z=+4.8),discount_pct (z=+3.6)
104398,ORD0045000,0.5157,F_fee,log_fee_rate (z=+6.7),log_fee_to_value (z=+6.4),log_order_value (z=+2.3)
93729,ORD0033394,0.5155,clean,log_quantity (z=+5.7),log_order_value (z=+4.6),log_unit_price (z=+2.9)
62926,ORD0046114,0.5155,clean,log_acct_age (z=-6.2),log_quantity (z=+3.7),log_shipping (z=-3.6)
40642,ORD0091849,0.5154,clean,discount_pct (z=+4.5),log_shipping (z=-3.6),log_order_value (z=-2.4)
116698,ORD0075547,0.5154,clean,log_quantity (z=+5.7),log_acct_age (z=-4.3),log_order_value (z=+3.9)
45900,ORD0035368,0.5154,clean,discount_pct (z=+4.5),log_acct_age (z=-4.3),log_quantity (z=+3.0)
23605,ORD0000849,0.5153,F_fee,log_fee_rate (z=+5.0),log_fee_to_value (z=+4.5),log_acct_age (z=-3.7)
49109,ORD0089710,0.5153,F_fee,log_fee_rate (z=+5.2),log_fee_to_value (z=+4.8),log_quantity (z=+3.7)
100563,ORD0028963,0.5153,clean,log_quantity (z=+5.7),log_acct_age (z=-4.1),log_unit_price (z=-1.8)
95751,ORD0007609,0.5151,F_fee,log_fee_rate (z=+4.9),log_fee_to_value (z=+4.5),log_unit_price (z=+2.9)
1824,ORD0034161,0.515,clean,discount_pct (z=+4.5),log_order_value (z=-3.0),log_shipping (z=-2.7)
149275,ORD0032343,0.5149,F_fee,log_fee_rate (z=+7.9),log_fee_to_value (z=+6.3),log_acct_age (z=-2.1)
113410,ORD0086356,0.5148,F_fee,log_fee_rate (z=+7.9),log_fee_to_value (z=+5.6),discount_pct (z=+1.8)
16886,ORD0062005,0.5148,F_fee,log_fee_rate (z=+6.8),log_fee_to_value (z=+6.5),log_unit_price (z=+2.1)
82183,ORD0078781,0.5147,F_fee,log_fee_rate (z=+8.1),log_fee_to_value (z=+6.0),log_acct_age (z=-2.6)
96977,ORD0083400,0.5147,F_fee,log_fee_rate (z=+8.1),log_fee_to_value (z=+6.6),price_vs_product (z=+1.3)
105162,ORD0086912,0.5147,clean,log_fee_to_value (z=-4.9),discount_pct (z=+3.6),log_unit_price (z=-2.7)
58885,ORD0051414,0.5146,clean,log_quantity (z=+5.7),discount_pct (z=+4.5),log_shipping (z=-2.6)
15885,ORD0089037,0.5146,clean,discount_pct (z=+4.5),log_quantity (z=+3.0),log_unit_price (z=-2.5)
82984,ORD0074945,0.5145,F_fee,log_fee_rate (z=+6.3),log_fee_to_value (z=+5.8),log_quantity (z=+3.7)
31893,ORD0047182,0.5145,clean,log_quantity (z=+5.0),log_order_value (z=+3.9),log_unit_price (z=+2.8)
129710,ORD0062532,0.5144,F_fee,log_fee_rate (z=+6.8),log_fee_to_value (z=+6.5),log_quantity (z=+2.3)
87980,ORD0082333,0.5143,clean,log_acct_age (z=-8.1),log_shipping (z=-3.6),log_quantity (z=+1.3)
92955,ORD0017428,0.5143,F_fee,log_fee_rate (z=+8.2),log_fee_to_value (z=+6.2),log_acct_age (z=-1.8)
100325,ORD0000035,0.5143,F_fee,log_fee_rate (z=+8.6),log_fee_to_value (z=+6.5),log1p_tax_rate (z=+1.2)
127708,ORD0002899,0.5141,F_fee,log_fee_rate (z=+7.7),log_fee_to_value (z=+6.4),discount_pct (z=+2.7)
49240,ORD0068751,0.514,F_fee,log_fee_rate (z=+6.2),log_fee_to_value (z=+5.9),log_shipping (z=-3.6)
68297,ORD0090278,0.514,clean,log_acct_age (z=-6.7),log_order_value (z=+3.0),log_unit_price (z=+2.8)
2197,ORD0013325,0.514,clean,discount_pct (z=+4.5),log_unit_price (z=-2.9),log_fee_to_value (z=-2.7)
147398,ORD0012626,0.514,clean,log_acct_age (z=-8.1),log_quantity (z=+3.7),log_shipping (z=-2.6)
263,ORD0006427,0.5139,clean,log_fee_to_value (z=-5.9),discount_pct (z=+4.5),log_unit_price (z=-2.3)
41701,ORD0045222,0.5139,F_fee,log_fee_rate (z=+6.9),log_fee_to_value (z=+6.5),log_acct_age (z=-3.5)
149698,ORD0047743,0.5139,F_fee,log_fee_rate (z=+7.0),log_fee_to_value (z=+5.8),discount_pct (z=+3.6)
3664,ORD0058246,0.5139,F_fee,log_fee_to_value (z=+4.9),log_fee_rate (z=+4.8),log_shipping (z=-2.6)
139702,ORD0083504,0.5138,clean,log_acct_age (z=-8.1),log_quantity (z=+3.0),log_shipping (z=-1.3)
43736,ORD0089795,0.5136,clean,log_quantity (z=+5.7),discount_pct (z=+4.5),log_shipping (z=-3.6)
21220,ORD0011605,0.5135,clean,discount_pct (z=+4.5),log_fee_to_value (z=-2.8),log_order_value (z=-2.2)
43302,ORD0003472,0.5135,clean,discount_pct (z=+4.5),log_fee_to_value (z=-3.4),log_order_value (z=-2.2)
39467,ORD0036480,0.5134,F_fee,log_fee_rate (z=+7.9),log_fee_to_value (z=+6.6),discount_pct (z=+2.7)
130200,ORD0090061,0.5134,clean,log_shipping (z=-3.6),log_order_value (z=-3.1),log_unit_price (z=-2.9)
28613,ORD0055702,0.5134,clean,log_fee_to_value (z=-5.7),discount_pct (z=+4.5),log_unit_price (z=-2.5)
65679,ORD0036937,0.5134,clean,log_shipping (z=-3.1),log_order_value (z=-3.0),log_unit_price (z=-2.8)
108780,ORD0024432,0.5133,clean,log_quantity (z=+5.0),discount_pct (z=+4.5),log_order_value (z=+2.8)
108909,ORD0006968,0.5133,clean,log_fee_to_value (z=-5.3),discount_pct (z=+4.5),log_unit_price (z=-2.6)
22832,ORD0042794,0.5132,F_fee,log_fee_rate (z=+7.4),log_fee_to_value (z=+6.0),log_acct_age (z=-3.2)
68836,ORD0039168,0.5132,F_fee,log_fee_rate (z=+6.5),log_fee_to_value (z=+6.2),log_quantity (z=+5.0)
122049,ORD0046520,0.5131,clean,log_acct_age (z=-7.2),log_shipping (z=-3.6),log_quantity (z=+1.3)
1819,ORD0003505,0.5129,clean,log_fee_to_value (z=-5.2),discount_pct (z=+4.5),log_unit_price (z=-2.6)
125523,ORD0055764,0.5128,F_fee,log_fee_rate (z=+6.3),log_fee_to_value (z=+5.9),log_acct_age (z=-4.7)
83812,ORD0072720,0.5128,clean,log_order_value (z=-3.0),log_unit_price (z=-2.9),log_shipping (z=-2.4)
111044,ORD0087259,0.5126,clean,log_acct_age (z=-6.0),log_fee_to_value (z=-3.6),discount_pct (z=+2.7)
52761,ORD0078075,0.5126,clean,log_shipping (z=-3.6),log_order_value (z=-3.2),log_unit_price (z=-2.8)
63593,ORD0005562,0.5126,F_fee,log_fee_rate (z=+7.2),log_fee_to_value (z=+6.3),log_quantity (z=+3.0)
36628,ORD0031336,0.5124,clean,log_acct_age (z=-8.1),log_quantity (z=+2.3),discount_pct (z=+2.2)
135540,ORD0037586,0.5124,clean,discount_pct (z=+3.6),log_shipping (z=-3.6),log_order_value (z=-2.8)
69892,ORD0030092,0.5123,clean,discount_pct (z=+4.5),log_shipping (z=-3.0),log_order_value (z=-2.6)
9314,ORD0086255,0.5122,clean,log_acct_age (z=-6.9),log_quantity (z=+5.0),log_unit_price (z=-2.0)
17775,ORD0019881,0.5122,clean,log_quantity (z=+4.2),log_acct_age (z=-3.7),log_shipping (z=-3.6)
142528,ORD0078206,0.5122,F_fee,log_fee_rate (z=+8.1),log_fee_to_value (z=+6.1),log_unit_price (z=-1.6)
147883,ORD0050297,0.5122,F_fee,log_fee_rate (z=+5.7),log_fee_to_value (z=+4.9),discount_pct (z=+4.5)
75229,ORD0048118,0.5122,clean,log_acct_age (z=-6.9),log_shipping (z=-3.6),log_quantity (z=+3.0)
98161,ORD0014231,0.5122,clean,log_acct_age (z=-6.7),log_quantity (z=+5.0),log_order_value (z=+2.9)
115292,ORD0022672,0.5121,F_fee,log_fee_rate (z=+7.6),log_fee_to_value (z=+5.6),log1p_tax_rate (z=-1.4)
62444,ORD0043306,0.5121,F_fee,log_fee_rate (z=+5.6),log_fee_to_value (z=+5.3),log_quantity (z=+3.7)
30750,ORD0070649,0.5121,F_fee,log_fee_rate (z=+8.2),log_fee_to_value (z=+6.6),log_quantity (z=+1.3)
59764,ORD0009303,0.512,F_fee,log_fee_rate (z=+7.1),log_fee_to_value (z=+6.4),log_shipping (z=-1.4)
31294,ORD0088594,0.512,F_fee,log_fee_rate (z=+6.4),log_fee_to_value (z=+5.2),discount_pct (z=+4.5)
127240,ORD0031377,0.5119,F_fee,log_fee_rate (z=+7.1),log_fee_to_value (z=+6.5),discount_pct (z=+1.3)
83741,ORD0007530,0.5119,clean,log_quantity (z=+5.0),discount_pct (z=+4.5),log_acct_age (z=-3.6)
71320,ORD0062275,0.5119,F_fee,log_fee_rate (z=+4.9),log_fee_to_value (z=+4.9),discount_pct (z=+3.6)
5746,ORD0037376,0.5118,clean,log_quantity (z=+5.0),discount_pct (z=+4.5),log_order_value (z=+3.0)
95874,ORD0032386,0.5117,F_fee,log_fee_rate (z=+6.4),log_fee_to_value (z=+5.6),log_quantity (z=+2.3)
77766,ORD0009252,0.5117,clean,log_acct_age (z=-4.5),log_shipping (z=-3.6),log_quantity (z=+3.0)
123255,ORD0007662,0.5116,F_fee,log_fee_rate (z=+7.7),log_fee_to_value (z=+6.6),discount_pct (z=+1.8)
109927,ORD0057894,0.5116,clean,log_fee_to_value (z=-4.5),log_acct_age (z=-4.4),discount_pct (z=+3.6)
121188,ORD0072918,0.5116,F_fee,log_fee_rate (z=+7.1),log_fee_to_value (z=+6.5),log_quantity (z=+3.0)
58438,ORD0010820,0.5115,F_fee,log_fee_rate (z=+7.4),log_fee_to_value (z=+6.3),log1p_tax_rate (z=+1.1)
6605,ORD0084892,0.5115,clean,log_acct_age (z=-3.7),log_shipping (z=-3.6),log_unit_price (z=-2.6)
120230,ORD0082527,0.5115,clean,discount_pct (z=+4.5),log_shipping (z=-3.0),log_order_value (z=-2.6)
28371,ORD0072007,0.5114,clean,log_shipping (z=-3.6),discount_pct (z=+3.6),log_order_value (z=-2.1)
67093,ORD0049870,0.5114,clean,log_acct_age (z=-4.9),log_shipping (z=-3.6),log_order_value (z=-2.2)
89586,ORD0072351,0.5114,F_fee,log_fee_rate (z=+7.3),log_fee_to_value (z=+5.8),log_quantity (z=+2.3)
97898,ORD0048636,0.5114,clean,discount_pct (z=+4.5),log_shipping (z=-3.2),log_order_value (z=-2.4)
96149,ORD0026381,0.5113,F_fee,log_fee_rate (z=+6.7),log_fee_to_value (z=+6.2),log_unit_price (z=+2.4)
39399,ORD0083074,0.5113,clean,log_quantity (z=+5.0),discount_pct (z=+3.6),log_acct_age (z=-3.3)
75666,ORD0077120,0.5111,clean,discount_pct (z=+4.5),log_shipping (z=-3.2),log_order_value (z=-2.2)
70893,ORD0059003,0.511,clean,discount_pct (z=+4.5),log_shipping (z=-2.6),log_order_value (z=-2.5)
59625,ORD0022189,0.511,clean,log_acct_age (z=-6.9),log_quantity (z=+5.0),discount_pct (z=+2.7)
5045,ORD0012119,0.511,F_fee,log_fee_rate (z=+7.1),log_fee_to_value (z=+5.0),log_quantity (z=+2.3)
145700,ORD0049639,0.511,clean,discount_pct (z=+4.5),log_unit_price (z=-2.5),log_order_value (z=-2.5)
124978,ORD0088842,0.5108,clean,log_acct_age (z=-6.2),log_fee_to_value (z=-4.1),log_unit_price (z=-2.3)
147074,ORD0025260,0.5108,clean,log_acct_age (z=-5.8),discount_pct (z=+4.5),log_quantity (z=+2.3)
138461,ORD0006279,0.5108,clean,log_shipping (z=-3.6),log_acct_age (z=-2.9),log_unit_price (z=-2.5)
25060,ORD0070547,0.5108,F_fee,log_fee_rate (z=+5.0),log_fee_to_value (z=+4.7),log_unit_price (z=+2.9)
127525,ORD0036503,0.5107,F_fee,log_fee_rate (z=+7.8),log_fee_to_value (z=+6.5),log_quantity (z=+1.3)
128027,ORD0056800,0.5107,clean,log_acct_age (z=-5.9),log_quantity (z=+5.7),log_order_value (z=+3.3)
37512,ORD0090284,0.5106,clean,log_acct_age (z=-4.2),discount_pct (z=+3.6),log_order_value (z=-2.3)
106476,ORD0053722,0.5106,clean,discount_pct (z=+4.5),log_order_value (z=-2.5),log_unit_price (z=-2.1)
62750,ORD0019473,0.5105,F_fee,log_fee_rate (z=+8.3),log_fee_to_value (z=+6.6),price_vs_product (z=-1.3)
85235,ORD0068442,0.5103,F_fee,log_fee_rate (z=+7.3),log_fee_to_value (z=+6.6),log_quantity (z=+3.7)
61344,ORD0027418,0.5103,clean,log_shipping (z=-3.6),discount_pct (z=+3.6),log_order_value (z=-2.5)
138803,ORD0052724,0.5102,F_fee,log_fee_rate (z=+5.6),log_fee_to_value (z=+4.9),log_acct_age (z=-3.7)
51440,ORD0029354,0.5102,clean,discount_pct (z=+4.5),log_acct_age (z=-4.4),log_shipping (z=-2.5)
103200,ORD0083287,0.5101,clean,log_acct_age (z=-6.9),log_quantity (z=+3.7),log_order_value (z=+2.6)
22231,ORD0051855,0.5101,F_fee,log_fee_rate (z=+7.6),log_fee_to_value (z=+6.4),price_vs_product (z=-1.6)
103759,ORD0071719,0.5101,clean,log_acct_age (z=-6.9),discount_pct (z=+3.6),log_unit_price (z=+1.4)
47183,ORD0067503,0.5101,F_fee,log_fee_rate (z=+6.2),log_fee_to_value (z=+4.6),log_acct_age (z=-2.3)
75392,ORD0068645,0.51,F_fee,log_fee_rate (z=+8.3),log_fee_to_value (z=+6.2),log_unit_price (z=-1.5)
12279,ORD0064494,0.51,clean,log_shipping (z=-3.6),discount_pct (z=+3.6),log_order_value (z=-2.9)
59928,ORD0014053,0.51,F_fee,log_fee_rate (z=+6.1),log_fee_to_value (z=+5.9),log_quantity (z=+3.7)
6066,ORD0011318,0.51,clean,log_acct_age (z=-6.2),discount_pct (z=+4.5),log_fee_to_value (z=-3.0)
48034,ORD0053214,0.51,clean,log_shipping (z=-3.4),log_unit_price (z=-2.9),log_quantity (z=+2.3)
28465,ORD0088809,0.5099,clean,log_acct_age (z=-5.8),log_quantity (z=+4.2),log_shipping (z=-3.6)
127889,ORD0074020,0.5098,F_fee,log_fee_rate (z=+6.8),log_fee_to_value (z=+5.2),log_acct_age (z=-4.8)
60554,ORD0000090,0.5098,clean,log_acct_age (z=-5.5),log_shipping (z=-3.6),discount_pct (z=+3.6)
112793,ORD0081143,0.5097,clean,log_quantity (z=+3.7),log_shipping (z=-3.6),discount_pct (z=+3.6)
125118,ORD0015816,0.5097,F_fee,log_fee_rate (z=+5.1),log_fee_to_value (z=+4.9),log_shipping (z=-3.6)
12982,ORD0089953,0.5097,clean,log_fee_to_value (z=-5.0),discount_pct (z=+3.6),log_unit_price (z=-2.9)
11443,ORD0017909,0.5096,F_fee,log_fee_rate (z=+6.9),log_fee_to_value (z=+6.3),log_shipping (z=-2.0)
67087,ORD0052934,0.5096,F_fee,log_fee_rate (z=+8.1),log_fee_to_value (z=+6.6),log_shipping (z=+1.6)
44934,ORD0025837,0.5096,F_fee,log_fee_rate (z=+7.6),log_fee_to_value (z=+6.5),discount_pct (z=+1.8)
27821,ORD0070516,0.5095,clean,log_quantity (z=+5.0),log_order_value (z=+4.1),log_unit_price (z=+2.9)
137535,ORD0085673,0.5095,clean,log_fee_to_value (z=-5.2),log_unit_price (z=-2.8),discount_pct (z=+2.7)
5508,ORD0007491,0.5095,F_fee,log_fee_rate (z=+6.9),log_fee_to_value (z=+6.2),discount_pct (z=+2.7)
81262,ORD0029495,0.5092,clean,log_shipping (z=-3.6),log_order_value (z=-3.2),log_unit_price (z=-2.9)
50643,ORD0064578,0.5091,clean,log_fee_to_value (z=-5.3),log_acct_age (z=-3.1),log_unit_price (z=-2.9)
47091,ORD0022028,0.509,F_fee,log_fee_rate (z=+5.1),log_fee_to_value (z=+5.1),log_shipping (z=-3.6)
1292,ORD0046947,0.509,clean,log_quantity (z=+5.7),log_order_value (z=+4.3),log_unit_price (z=+2.6)
104545,ORD0024030,0.5089,clean,log_shipping (z=-3.0),log_order_value (z=-2.9),discount_pct (z=+2.7)
122711,ORD0067224,0.5089,clean,log_acct_age (z=-8.1),discount_pct (z=+2.7),log_unit_price (z=+1.3)
61860,ORD0036573,0.5089,F_fee,log_fee_rate (z=+6.7),log_fee_to_value (z=+6.1),log_quantity (z=+4.2)
144652,ORD0030395,0.5088,clean,log_quantity (z=+5.0),log_order_value (z=+4.5),log_unit_price (z=+3.2)
78868,ORD0007341,0.5088,clean,log_shipping (z=-3.6),log_order_value (z=-2.9),log_unit_price (z=-2.5)
127060,ORD0068849,0.5088,clean,discount_pct (z=+4.5),log_fee_to_value (z=-3.1),log_acct_age (z=-2.4)
70578,ORD0068906,0.5087,clean,log_acct_age (z=-4.9),discount_pct (z=+4.5),log_shipping (z=-3.6)
65543,ORD0076658,0.5086,F_fee,log_fee_rate (z=+6.7),log_fee_to_value (z=+6.5),log_quantity (z=+2.3)
102489,ORD0059610,0.5086,clean,discount_pct (z=+4.5),log_fee_to_value (z=-2.8),log_unit_price (z=-2.7)
58607,ORD0032670,0.5085,clean,log_shipping (z=-3.6),log_order_value (z=-2.8),log_unit_price (z=-2.2)
13417,ORD0090051,0.5085,F_fee,log_fee_rate (z=+7.5),log_fee_to_value (z=+5.4),discount_pct (z=+1.8)
34514,ORD0032567,0.5084,clean,log_quantity (z=+5.0),log_shipping (z=-3.6),log_unit_price (z=-2.5)
148132,ORD0052604,0.5083,clean,discount_pct (z=+3.6),log_shipping (z=-3.1),log_order_value (z=-3.0)
138029,ORD0083720,0.5083,clean,discount_pct (z=+3.6),log_fee_to_value (z=-2.9),log_unit_price (z=-2.7)
140974,ORD0000302,0.5083,clean,log_acct_age (z=-8.1),log_fee_to_value (z=-1.6),log_fee_rate (z=-1.5)
134698,ORD0069310,0.5082,clean,discount_pct (z=+4.5),log_quantity (z=+4.2),log_order_value (z=+3.1)
86116,ORD0006186,0.5082,F_fee,log_fee_rate (z=+7.2),log_fee_to_value (z=+6.5),log_shipping (z=-1.7)
59125,ORD0029369,0.5082,F_fee,log_fee_rate (z=+7.6),log_fee_to_value (z=+6.6),log_acct_age (z=-2.3)
124682,ORD0029653,0.5082,clean,discount_pct (z=+3.6),log_order_value (z=-2.7),log_unit_price (z=-2.6)
84798,ORD0064318,0.5081,F_fee,log_fee_rate (z=+6.9),log_fee_to_value (z=+6.4),log_quantity (z=+4.2)
56831,ORD0055334,0.5081,clean,log_quantity (z=+5.7),log_acct_age (z=-4.0),log_shipping (z=-3.6)
52833,ORD0040947,0.5078,F_fee,log_fee_rate (z=+6.0),log_fee_to_value (z=+4.6),discount_pct (z=+3.6)
132629,ORD0033363,0.5078,F_fee,log_fee_rate (z=+6.0),log_fee_to_value (z=+5.5),log_shipping (z=-3.3)
145158,ORD0033156,0.5078,clean,log_fee_to_value (z=-5.1),log_acct_age (z=-4.4),discount_pct (z=+2.7)
3594,ORD0085220,0.5078,clean,discount_pct (z=+4.5),log_shipping (z=-2.7),log_order_value (z=-2.4)
135769,ORD0062692,0.5077,clean,log_shipping (z=-3.2),log_acct_age (z=-2.8),log_order_value (z=-2.7)
74094,ORD0039886,0.5077,F_fee,log_fee_rate (z=+6.7),log_fee_to_value (z=+6.2),log_shipping (z=-3.6)
88394,ORD0076253,0.5076,clean,discount_pct (z=+4.5),log_unit_price (z=+2.8),log_acct_age (z=-2.7)
5272,ORD0075682,0.5076,F_fee,log_fee_rate (z=+6.5),log_fee_to_value (z=+5.6),log_acct_age (z=-3.3)
122725,ORD0090796,0.5076,F_fee,log_fee_rate (z=+8.0),log_fee_to_value (z=+6.6),log_order_value (z=-1.0)
80824,ORD0088782,0.5075,clean,log_acct_age (z=-8.1),log_fee_rate (z=-1.7),log_quantity (z=+1.3)
62741,ORD0032632,0.5075,clean,discount_pct (z=+4.5),log_shipping (z=-3.6),log_order_value (z=-2.1)
30151,ORD0065164,0.5075,clean,log_quantity (z=+5.7),log_order_value (z=+3.6),log_shipping (z=-3.6)
80072,ORD0074188,0.5073,clean,log_acct_age (z=-7.6),log_shipping (z=-3.6),log_quantity (z=+2.3)
102002,ORD0012028,0.5073,clean,discount_pct (z=+4.5),log_quantity (z=+3.7),log_unit_price (z=-2.7)
18651,ORD0007166,0.5071,F_fee,log_fee_rate (z=+6.0),log_fee_to_value (z=+5.6),log_shipping (z=-2.3)
73283,ORD0057377,0.5071,F_fee,log_fee_rate (z=+6.8),log_fee_to_value (z=+6.0),log_acct_age (z=-3.0)
115088,ORD0001914,0.507,clean,log_order_value (z=-2.9),log_unit_price (z=-2.6),log_shipping (z=-2.5)
34401,ORD0025697,0.5069,clean,discount_pct (z=+4.5),log_order_value (z=-2.4),log_unit_price (z=-2.3)
53086,ORD0044201,0.5069,F_fee,log_fee_rate (z=+7.1),log_fee_to_value (z=+6.1),discount_pct (z=+2.7)
70558,ORD0091721,0.5068,F_fee,log_fee_rate (z=+6.5),log_fee_to_value (z=+6.1),log_shipping (z=-3.6)
92880,ORD0022552,0.5068,clean,discount_pct (z=+4.5),log_shipping (z=-3.6),log_acct_age (z=-2.0)
123038,ORD0005896,0.5067,F_fee,log_fee_rate (z=+6.7),log_fee_to_value (z=+5.7),discount_pct (z=+3.6)
114411,ORD0008567,0.5067,clean,discount_pct (z=+4.5),log_quantity (z=+4.2),log_shipping (z=-3.6)
46530,ORD0042980,0.5066,F_fee,log_fee_rate (z=+8.1),log_fee_to_value (z=+5.5),log_acct_age (z=-1.6)
80318,ORD0087700,0.5066,clean,log_shipping (z=-3.6),log_order_value (z=-3.1),log_unit_price (z=-2.6)
17954,ORD0066331,0.5066,F_fee,log_fee_rate (z=+6.1),log_fee_to_value (z=+5.6),log_shipping (z=-2.7)
92436,ORD0055988,0.5066,clean,log_shipping (z=-3.6),log_order_value (z=-3.0),log_unit_price (z=-2.9)
106733,ORD0001434,0.5065,clean,log_shipping (z=-3.6),log_unit_price (z=-2.9),log_order_value (z=-2.5)
105474,ORD0091212,0.5064,F_fee,log_fee_rate (z=+6.8),log_fee_to_value (z=+6.3),log_acct_age (z=-2.3)
21742,ORD0026614,0.5064,F_fee,log_fee_rate (z=+6.8),log_fee_to_value (z=+6.3),log_quantity (z=+3.0)
63647,ORD0037079,0.5064,F_fee,log_fee_rate (z=+6.8),log_fee_to_value (z=+6.4),log_order_value (z=+1.5)
15122,ORD0043718,0.5064,clean,discount_pct (z=+4.5),log_fee_to_value (z=-4.1),log_unit_price (z=-2.6)
147049,ORD0031215,0.5064,clean,log_shipping (z=-3.0),log_order_value (z=-2.9),log_unit_price (z=-2.8)
133856,ORD0073685,0.5063,F_fee,log_fee_rate (z=+6.7),log_fee_to_value (z=+6.2),discount_pct (z=+2.7)
145437,ORD0078817,0.5063,clean,log_quantity (z=+5.7),log_shipping (z=-3.6),log_order_value (z=+3.2)
59511,ORD0036725,0.5063,clean,log_shipping (z=-3.6),log_order_value (z=+3.5),log_unit_price (z=+3.0)
93804,ORD0085022,0.5063,clean,log_acct_age (z=-5.0),log_quantity (z=+3.0),log_shipping (z=-2.6)
147215,ORD0046242,0.5063,clean,discount_pct (z=+4.5),log_acct_age (z=-3.5),log_unit_price (z=+2.6)
21584,ORD0090337,0.5063,clean,log_acct_age (z=-5.9),log_quantity (z=+5.0),discount_pct (z=+2.7)
37558,ORD0032660,0.5062,clean,log_quantity (z=+5.0),discount_pct (z=+4.5),log_shipping (z=-3.6)
124959,ORD0081730,0.5062,clean,log_acct_age (z=-7.2),discount_pct (z=+3.6),log_order_value (z=-1.2)
18928,ORD0021134,0.506,clean,log_acct_age (z=-6.7),discount_pct (z=+3.6),log_quantity (z=+2.3)
35420,ORD0037410,0.5059,F_fee,log_fee_rate (z=+7.2),log_fee_to_value (z=+6.5),log_shipping (z=-1.4)
105522,ORD0086911,0.5059,clean,log_shipping (z=-3.6),log_order_value (z=-2.7),log_acct_age (z=-2.6)
18358,ORD0048637,0.5059,clean,log_acct_age (z=-8.1),log_shipping (z=-2.2),log1p_tax_rate (z=+1.1)
55828,ORD0033273,0.5059,clean,log_acct_age (z=-6.4),log_unit_price (z=-2.7),log_fee_to_value (z=-1.7)
74857,ORD0053682,0.5059,clean,discount_pct (z=+4.5),log_shipping (z=-3.6),log_order_value (z=-1.7)
32712,ORD0074858,0.5058,clean,log_shipping (z=-3.6),log_unit_price (z=-2.5),log_order_value (z=-2.3)
6796,ORD0006070,0.5058,clean,discount_pct (z=+2.7),log_order_value (z=-2.6),log_acct_age (z=-2.5)
43578,ORD0087780,0.5058,clean,discount_pct (z=+3.6),log_unit_price (z=-2.7),log_quantity (z=+2.3)
73133,ORD0030256,0.5058,clean,log_shipping (z=-3.1),log_order_value (z=-3.1),log_unit_price (z=-2.7)
103147,ORD0083386,0.5057,clean,discount_pct (z=+4.5),log_quantity (z=+4.2),log_order_value (z=+2.9)
56272,ORD0004507,0.5057,F_fee,log_fee_rate (z=+6.7),log_fee_to_value (z=+6.5),log_shipping (z=-2.3)
105665,ORD0022862,0.5057,clean,log_shipping (z=-3.0),discount_pct (z=+2.7),log_unit_price (z=-2.4)
139134,ORD0004668,0.5056,F_fee,log_fee_rate (z=+6.3),log_fee_to_value (z=+5.7),log_unit_price (z=+2.1)
71447,ORD0071229,0.5055,clean,log_acct_age (z=-4.7),log_shipping (z=-3.6),log_unit_price (z=-1.7)
91650,ORD0078623,0.5055,clean,discount_pct (z=+4.5),log_fee_to_value (z=-3.2),log_order_value (z=-2.3)
86734,ORD0076688,0.5054,F_fee,log_fee_rate (z=+7.1),log_fee_to_value (z=+6.3),discount_pct (z=+2.7)
39142,ORD0037517,0.5053,clean,log_acct_age (z=-5.3),log_shipping (z=-3.6),log_unit_price (z=+2.5)
116459,ORD0009743,0.5053,clean,log_order_value (z=-3.0),log_unit_price (z=-2.9),log_shipping (z=-2.9)
140056,ORD0086457,0.5053,clean,log_shipping (z=-3.6),log_order_value (z=-3.0),discount_pct (z=+2.7)
105607,ORD0049681,0.5053,clean,log_acct_age (z=-7.6),discount_pct (z=+3.6),log_fee_rate (z=-1.2)
42133,ORD0082406,0.5052,clean,log_quantity (z=+5.0),log_order_value (z=+4.5),log_unit_price (z=+3.1)
145167,ORD0023014,0.5052,clean,discount_pct (z=+4.5),log_shipping (z=-3.6),log_order_value (z=-2.3)
99921,ORD0065254,0.5052,F_fee,log_fee_rate (z=+8.5),log_fee_to_value (z=+6.5),log_unit_price (z=-1.1)
117973,ORD0057435,0.5052,clean,log_acct_age (z=-8.1),log_quantity (z=+5.0),log_order_value (z=+1.3)
19601,ORD0074651,0.5051,F_fee,log_fee_rate (z=+7.3),log_fee_to_value (z=+6.5),log_acct_age (z=-1.5)
42185,ORD0021585,0.5051,clean,log_acct_age (z=-8.1),log_unit_price (z=-1.4),log_fee_to_value (z=-1.2)
26323,ORD0043551,0.505,clean,log_quantity (z=+5.7),log_order_value (z=+4.1),log_unit_price (z=+2.5)
72101,ORD0024366,0.505,F_fee,log_fee_rate (z=+7.0),log_fee_to_value (z=+6.2),log_acct_age (z=-2.8)
84890,ORD0071686,0.5049,clean,log_acct_age (z=-5.5),log_shipping (z=-3.6),discount_pct (z=+3.6)
78220,ORD0006631,0.5049,clean,discount_pct (z=+4.5),log_fee_to_value (z=-2.9),log_unit_price (z=-2.6)
146167,ORD0017156,0.5048,clean,log_order_value (z=+4.0),log_quantity (z=+3.7),log_unit_price (z=+3.3)
102403,ORD0038211,0.5047,F_fee,log_fee_rate (z=+6.9),log_fee_to_value (z=+6.0),discount_pct (z=+2.7)
131654,ORD0011159,0.5047,clean,log_order_value (z=+3.8),log_quantity (z=+3.7),log_unit_price (z=+2.9)
21720,ORD0055151,0.5046,F_fee,log_fee_rate (z=+6.1),log_fee_to_value (z=+5.0),discount_pct (z=+3.6)
115767,ORD0041835,0.5046,clean,log_fee_rate (z=+7.6),log_fee_to_value (z=+6.6),price_vs_product (z=+1.1)
65070,ORD0070577,0.5046,clean,log_shipping (z=-3.6),log_order_value (z=-2.6),discount_pct (z=+2.2)
140481,ORD0055236,0.5045,F_fee,log_fee_rate (z=+6.0),log_fee_to_value (z=+5.7),log_shipping (z=-3.6)
42080,ORD0019531,0.5045,F_fee,log_fee_rate (z=+4.9),log_fee_to_value (z=+4.6),log_shipping (z=-2.8)
95125,ORD0060253,0.5045,F_fee,log_fee_rate (z=+8.4),log_fee_to_value (z=+6.4),log_shipping (z=+1.0)
60697,ORD0027966,0.5045,clean,discount_pct (z=+3.6),log_order_value (z=-2.8),log_unit_price (z=-2.7)
20963,ORD0021440,0.5044,F_fee,log_fee_rate (z=+5.9),log_fee_to_value (z=+5.8),log_quantity (z=+5.0)
115548,ORD0063808,0.5043,clean,log_fee_to_value (z=-4.8),discount_pct (z=+4.5),log_unit_price (z=-2.4)
86516,ORD0076470,0.5043,F_fee,log_fee_rate (z=+6.0),log_fee_to_value (z=+5.4),log_quantity (z=+4.2)
50647,ORD0016195,0.5043,F_fee,log_fee_rate (z=+7.4),log_fee_to_value (z=+5.2),log_unit_price (z=-1.5)
37283,ORD0021438,0.5041,clean,discount_pct (z=+4.5),log_shipping (z=-3.6),log_acct_age (z=-3.5)
120567,ORD0029387,0.5041,clean,log_quantity (z=+5.0),discount_pct (z=+4.5),log_order_value (z=+2.8)
27462,ORD0066757,0.504,clean,discount_pct (z=+3.6),log_order_value (z=-2.9),log_unit_price (z=-2.5)
5573,ORD0041738,0.504,F_fee,log_fee_rate (z=+6.5),log_fee_to_value (z=+6.0),log_acct_age (z=-3.1)
36840,ORD0079993,0.5039,clean,log_acct_age (z=-3.6),log_fee_to_value (z=-2.8),discount_pct (z=+2.7)
80543,ORD0006777,0.5039,clean,log_fee_to_value (z=-3.4),log_unit_price (z=-2.9),log_order_value (z=-2.2)
101108,ORD0036547,0.5039,F_fee,log_fee_rate (z=+6.9),log_fee_to_value (z=+6.1),log_quantity (z=+2.3)
130935,ORD0084753,0.5039,F_fee,log_fee_rate (z=+7.1),log_fee_to_value (z=+5.8),log_acct_age (z=-1.9)
133756,ORD0048780,0.5039,F_fee,log_fee_rate (z=+4.4),log_fee_to_value (z=+4.4),log_shipping (z=-3.5)
126467,ORD0041324,0.5039,F_fee,log_fee_rate (z=+7.2),log_fee_to_value (z=+6.1),discount_pct (z=+2.2)
12099,ORD0082892,0.5038,clean,log_fee_to_value (z=-6.3),discount_pct (z=+4.5),log_unit_price (z=-2.5)
62373,ORD0078047,0.5038,clean,log_acct_age (z=-7.6),log_fee_to_value (z=-1.9),log_unit_price (z=-1.7)
122867,ORD0045592,0.5038,clean,log_shipping (z=-3.6),discount_pct (z=+3.6),log_order_value (z=-2.4)
108483,ORD0007470,0.5038,clean,discount_pct (z=+3.6),log_fee_to_value (z=-3.1),log_unit_price (z=-2.6)
36471,ORD0090970,0.5038,F_fee,log_fee_rate (z=+8.3),log_fee_to_value (z=+6.0),log_unit_price (z=-1.2)
134249,ORD0078744,0.5037,clean,log_unit_price (z=-2.8),log_shipping (z=-2.6),log_order_value (z=-2.4)
104001,ORD0018989,0.5036,clean,log_shipping (z=-3.6),log_order_value (z=-3.2),log_unit_price (z=-2.8)
94332,ORD0008561,0.5036,F_fee,log_fee_rate (z=+7.0),log_fee_to_value (z=+6.0),discount_pct (z=+2.7)
90150,ORD0038052,0.5036,clean,log_acct_age (z=-6.0),log_fee_to_value (z=-2.6),log_unit_price (z=-2.3)
15815,ORD0020698,0.5036,clean,discount_pct (z=+4.5),log_acct_age (z=-3.8),log_shipping (z=-2.5)
106200,ORD0017381,0.5036,F_fee,log_fee_rate (z=+6.3),log_fee_to_value (z=+5.7),log_shipping (z=-2.5)
18431,ORD0086754,0.5035,F_fee,log_fee_rate (z=+6.9),log_fee_to_value (z=+6.2),log_acct_age (z=-3.0)
28492,ORD0088478,0.5035,clean,discount_pct (z=+4.5),log_shipping (z=-2.8),log_order_value (z=-2.4)
149699,ORD0032316,0.5035,clean,log_order_value (z=+4.0),log_quantity (z=+3.7),log_shipping (z=-3.6)
25883,ORD0045258,0.5035,F_fee,log_fee_rate (z=+7.3),log_fee_to_value (z=+6.6),log_unit_price (z=+1.3)
9338,ORD0055748,0.5035,clean,log_shipping (z=-3.6),log_unit_price (z=-2.8),log_order_value (z=-2.4)
142363,ORD0063655,0.5035,clean,discount_pct (z=+4.5),log_acct_age (z=-4.4),log_shipping (z=-3.5)
48390,ORD0088683,0.5034,clean,log_quantity (z=+5.0),log_order_value (z=+4.4),log_unit_price (z=+3.0)
2939,ORD0037446,0.5034,clean,log_acct_age (z=-4.9),log_fee_to_value (z=-4.0),discount_pct (z=+3.6)
28653,ORD0012920,0.5033,clean,log_acct_age (z=-4.0),discount_pct (z=+3.6),log_quantity (z=+2.3)
9567,ORD0018817,0.5033,clean,discount_pct (z=+4.5),log_fee_to_value (z=-4.1),log_unit_price (z=-2.0)
12363,ORD0025873,0.5032,clean,log_quantity (z=+5.0),log_shipping (z=-3.6),log_order_value (z=+3.2)
37813,ORD0045869,0.5032,F_fee,log_fee_rate (z=+8.5),log_fee_to_value (z=+6.6),log_shipping (z=+0.8)
39885,ORD0043857,0.5031,clean,log_acct_age (z=-6.2),log_unit_price (z=+3.1),log_order_value (z=+2.2)
